OSS PID:33375 SysClockS:0 SysClockNano:250000000
Process Table:
Entry Occupied PID StartS StartN MessagesSent
0 0 0 0 0 0
1 0 0 0 0 0
2 0 0 0 0 0
3 0 0 0 0 0
4 0 0 0 0 0
5 0 0 0 0 0
6 0 0 0 0 0
7 0 0 0 0 0
8 0 0 0 0 0
9 0 0 0 0 0
10 0 0 0 0 0
11 0 0 0 0 0
12 0 0 0 0 0
13 0 0 0 0 0
14 0 0 0 0 0
15 0 0 0 0 0
16 0 0 0 0 0
17 0 0 0 0 0
18 0 0 0 0 0
19 0 0 0 0 0

OSS PID:33375 SysClockS:0 SysClockNano:500000000
Process Table:
Entry Occupied PID StartS StartN MessagesSent
0 0 0 0 0 0
1 0 0 0 0 0
2 0 0 0 0 0
3 0 0 0 0 0
4 0 0 0 0 0
5 0 0 0 0 0
6 0 0 0 0 0
7 0 0 0 0 0
8 0 0 0 0 0
9 0 0 0 0 0
10 0 0 0 0 0
11 0 0 0 0 0
12 0 0 0 0 0
13 0 0 0 0 0
14 0 0 0 0 0
15 0 0 0 0 0
16 0 0 0 0 0
17 0 0 0 0 0
18 0 0 0 0 0
19 0 0 0 0 0

OSS PID:33375 SysClockS:0 SysClockNano:750000000
Process Table:
Entry Occupied PID StartS StartN MessagesSent
0 0 0 0 0 0
1 0 0 0 0 0
2 0 0 0 0 0
3 0 0 0 0 0
4 0 0 0 0 0
5 0 0 0 0 0
6 0 0 0 0 0
7 0 0 0 0 0
8 0 0 0 0 0
9 0 0 0 0 0
10 0 0 0 0 0
11 0 0 0 0 0
12 0 0 0 0 0
13 0 0 0 0 0
14 0 0 0 0 0
15 0 0 0 0 0
16 0 0 0 0 0
17 0 0 0 0 0
18 0 0 0 0 0
19 0 0 0 0 0

OSS PID:33375 SysClockS:1 SysClockNano:0
Process Table:
Entry Occupied PID StartS StartN MessagesSent
0 1 33376 1 0 0
1 0 0 0 0 0
2 0 0 0 0 0
3 0 0 0 0 0
4 0 0 0 0 0
5 0 0 0 0 0
6 0 0 0 0 0
7 0 0 0 0 0
8 0 0 0 0 0
9 0 0 0 0 0
10 0 0 0 0 0
11 0 0 0 0 0
12 0 0 0 0 0
13 0 0 0 0 0
14 0 0 0 0 0
15 0 0 0 0 0
16 0 0 0 0 0
17 0 0 0 0 0
18 0 0 0 0 0
19 0 0 0 0 0

OSS: Sending message to worker 0 PID 33376 at time 1:0
OSS: Receiving message from worker 0 PID 33376 at time 1:0
OSS PID:33375 SysClockS:1 SysClockNano:0
Process Table:
Entry Occupied PID StartS StartN MessagesSent
0 1 33376 1 0 1
1 0 0 0 0 0
2 0 0 0 0 0
3 0 0 0 0 0
4 0 0 0 0 0
5 0 0 0 0 0
6 0 0 0 0 0
7 0 0 0 0 0
8 0 0 0 0 0
9 0 0 0 0 0
10 0 0 0 0 0
11 0 0 0 0 0
12 0 0 0 0 0
13 0 0 0 0 0
14 0 0 0 0 0
15 0 0 0 0 0
16 0 0 0 0 0
17 0 0 0 0 0
18 0 0 0 0 0
19 0 0 0 0 0

OSS: Sending message to worker 0 PID 33376 at time 1:250000000
OSS: Receiving message from worker 0 PID 33376 at time 1:250000000
OSS PID:33375 SysClockS:1 SysClockNano:250000000
Process Table:
Entry Occupied PID StartS StartN MessagesSent
0 1 33376 1 0 2
1 0 0 0 0 0
2 0 0 0 0 0
3 0 0 0 0 0
4 0 0 0 0 0
5 0 0 0 0 0
6 0 0 0 0 0
7 0 0 0 0 0
8 0 0 0 0 0
9 0 0 0 0 0
10 0 0 0 0 0
11 0 0 0 0 0
12 0 0 0 0 0
13 0 0 0 0 0
14 0 0 0 0 0
15 0 0 0 0 0
16 0 0 0 0 0
17 0 0 0 0 0
18 0 0 0 0 0
19 0 0 0 0 0

OSS: Sending message to worker 0 PID 33376 at time 1:500000000
OSS: Receiving message from worker 0 PID 33376 at time 1:500000000
OSS PID:33375 SysClockS:1 SysClockNano:500000000
Process Table:
Entry Occupied PID StartS StartN MessagesSent
0 1 33376 1 0 3
1 0 0 0 0 0
2 0 0 0 0 0
3 0 0 0 0 0
4 0 0 0 0 0
5 0 0 0 0 0
6 0 0 0 0 0
7 0 0 0 0 0
8 0 0 0 0 0
9 0 0 0 0 0
10 0 0 0 0 0
11 0 0 0 0 0
12 0 0 0 0 0
13 0 0 0 0 0
14 0 0 0 0 0
15 0 0 0 0 0
16 0 0 0 0 0
17 0 0 0 0 0
18 0 0 0 0 0
19 0 0 0 0 0

OSS: Sending message to worker 0 PID 33376 at time 1:750000000
OSS: Receiving message from worker 0 PID 33376 at time 1:750000000
OSS PID:33375 SysClockS:1 SysClockNano:750000000
Process Table:
Entry Occupied PID StartS StartN MessagesSent
0 1 33376 1 0 4
1 0 0 0 0 0
2 0 0 0 0 0
3 0 0 0 0 0
4 0 0 0 0 0
5 0 0 0 0 0
6 0 0 0 0 0
7 0 0 0 0 0
8 0 0 0 0 0
9 0 0 0 0 0
10 0 0 0 0 0
11 0 0 0 0 0
12 0 0 0 0 0
13 0 0 0 0 0
14 0 0 0 0 0
15 0 0 0 0 0
16 0 0 0 0 0
17 0 0 0 0 0
18 0 0 0 0 0
19 0 0 0 0 0

OSS PID:33375 SysClockS:2 SysClockNano:0
Process Table:
Entry Occupied PID StartS StartN MessagesSent
0 1 33376 1 0 4
1 1 33377 2 0 0
2 0 0 0 0 0
3 0 0 0 0 0
4 0 0 0 0 0
5 0 0 0 0 0
6 0 0 0 0 0
7 0 0 0 0 0
8 0 0 0 0 0
9 0 0 0 0 0
10 0 0 0 0 0
11 0 0 0 0 0
12 0 0 0 0 0
13 0 0 0 0 0
14 0 0 0 0 0
15 0 0 0 0 0
16 0 0 0 0 0
17 0 0 0 0 0
18 0 0 0 0 0
19 0 0 0 0 0

OSS: Sending message to worker 1 PID 33377 at time 2:0
OSS: Receiving message from worker 1 PID 33377 at time 2:0
OSS PID:33375 SysClockS:2 SysClockNano:0
Process Table:
Entry Occupied PID StartS StartN MessagesSent
0 1 33376 1 0 4
1 1 33377 2 0 1
2 0 0 0 0 0
3 0 0 0 0 0
4 0 0 0 0 0
5 0 0 0 0 0
6 0 0 0 0 0
7 0 0 0 0 0
8 0 0 0 0 0
9 0 0 0 0 0
10 0 0 0 0 0
11 0 0 0 0 0
12 0 0 0 0 0
13 0 0 0 0 0
14 0 0 0 0 0
15 0 0 0 0 0
16 0 0 0 0 0
17 0 0 0 0 0
18 0 0 0 0 0
19 0 0 0 0 0

OSS: Sending message to worker 0 PID 33376 at time 2:125000000
OSS: Receiving message from worker 0 PID 33376 at time 2:125000000
OSS PID:33375 SysClockS:2 SysClockNano:125000000
Process Table:
Entry Occupied PID StartS StartN MessagesSent
0 1 33376 1 0 5
1 1 33377 2 0 1
2 0 0 0 0 0
3 0 0 0 0 0
4 0 0 0 0 0
5 0 0 0 0 0
6 0 0 0 0 0
7 0 0 0 0 0
8 0 0 0 0 0
9 0 0 0 0 0
10 0 0 0 0 0
11 0 0 0 0 0
12 0 0 0 0 0
13 0 0 0 0 0
14 0 0 0 0 0
15 0 0 0 0 0
16 0 0 0 0 0
17 0 0 0 0 0
18 0 0 0 0 0
19 0 0 0 0 0

OSS: Sending message to worker 1 PID 33377 at time 2:250000000
OSS: Receiving message from worker 1 PID 33377 at time 2:250000000
OSS PID:33375 SysClockS:2 SysClockNano:250000000
Process Table:
Entry Occupied PID StartS StartN MessagesSent
0 1 33376 1 0 5
1 1 33377 2 0 2
2 0 0 0 0 0
3 0 0 0 0 0
4 0 0 0 0 0
5 0 0 0 0 0
6 0 0 0 0 0
7 0 0 0 0 0
8 0 0 0 0 0
9 0 0 0 0 0
10 0 0 0 0 0
11 0 0 0 0 0
12 0 0 0 0 0
13 0 0 0 0 0
14 0 0 0 0 0
15 0 0 0 0 0
16 0 0 0 0 0
17 0 0 0 0 0
18 0 0 0 0 0
19 0 0 0 0 0

OSS: Sending message to worker 0 PID 33376 at time 2:375000000
OSS: Receiving message from worker 0 PID 33376 at time 2:375000000
OSS PID:33375 SysClockS:2 SysClockNano:375000000
Process Table:
Entry Occupied PID StartS StartN MessagesSent
0 1 33376 1 0 6
1 1 33377 2 0 2
2 0 0 0 0 0
3 0 0 0 0 0
4 0 0 0 0 0
5 0 0 0 0 0
6 0 0 0 0 0
7 0 0 0 0 0
8 0 0 0 0 0
9 0 0 0 0 0
10 0 0 0 0 0
11 0 0 0 0 0
12 0 0 0 0 0
13 0 0 0 0 0
14 0 0 0 0 0
15 0 0 0 0 0
16 0 0 0 0 0
17 0 0 0 0 0
18 0 0 0 0 0
19 0 0 0 0 0

OSS: Sending message to worker 1 PID 33377 at time 2:500000000
OSS: Receiving message from worker 1 PID 33377 at time 2:500000000
OSS PID:33375 SysClockS:2 SysClockNano:500000000
Process Table:
Entry Occupied PID StartS StartN MessagesSent
0 1 33376 1 0 6
1 1 33377 2 0 3
2 0 0 0 0 0
3 0 0 0 0 0
4 0 0 0 0 0
5 0 0 0 0 0
6 0 0 0 0 0
7 0 0 0 0 0
8 0 0 0 0 0
9 0 0 0 0 0
10 0 0 0 0 0
11 0 0 0 0 0
12 0 0 0 0 0
13 0 0 0 0 0
14 0 0 0 0 0
15 0 0 0 0 0
16 0 0 0 0 0
17 0 0 0 0 0
18 0 0 0 0 0
19 0 0 0 0 0

OSS: Sending message to worker 0 PID 33376 at time 2:625000000
OSS: Receiving message from worker 0 PID 33376 at time 2:625000000
OSS PID:33375 SysClockS:2 SysClockNano:625000000
Process Table:
Entry Occupied PID StartS StartN MessagesSent
0 1 33376 1 0 7
1 1 33377 2 0 3
2 0 0 0 0 0
3 0 0 0 0 0
4 0 0 0 0 0
5 0 0 0 0 0
6 0 0 0 0 0
7 0 0 0 0 0
8 0 0 0 0 0
9 0 0 0 0 0
10 0 0 0 0 0
11 0 0 0 0 0
12 0 0 0 0 0
13 0 0 0 0 0
14 0 0 0 0 0
15 0 0 0 0 0
16 0 0 0 0 0
17 0 0 0 0 0
18 0 0 0 0 0
19 0 0 0 0 0

OSS: Sending message to worker 1 PID 33377 at time 2:750000000
OSS: Receiving message from worker 1 PID 33377 at time 2:750000000
OSS PID:33375 SysClockS:2 SysClockNano:750000000
Process Table:
Entry Occupied PID StartS StartN MessagesSent
0 1 33376 1 0 7
1 1 33377 2 0 4
2 0 0 0 0 0
3 0 0 0 0 0
4 0 0 0 0 0
5 0 0 0 0 0
6 0 0 0 0 0
7 0 0 0 0 0
8 0 0 0 0 0
9 0 0 0 0 0
10 0 0 0 0 0
11 0 0 0 0 0
12 0 0 0 0 0
13 0 0 0 0 0
14 0 0 0 0 0
15 0 0 0 0 0
16 0 0 0 0 0
17 0 0 0 0 0
18 0 0 0 0 0
19 0 0 0 0 0

OSS: Sending message to worker 0 PID 33376 at time 2:875000000
OSS: Receiving message from worker 0 PID 33376 at time 2:875000000
OSS PID:33375 SysClockS:2 SysClockNano:875000000
Process Table:
Entry Occupied PID StartS StartN MessagesSent
0 1 33376 1 0 8
1 1 33377 2 0 4
2 0 0 0 0 0
3 0 0 0 0 0
4 0 0 0 0 0
5 0 0 0 0 0
6 0 0 0 0 0
7 0 0 0 0 0
8 0 0 0 0 0
9 0 0 0 0 0
10 0 0 0 0 0
11 0 0 0 0 0
12 0 0 0 0 0
13 0 0 0 0 0
14 0 0 0 0 0
15 0 0 0 0 0
16 0 0 0 0 0
17 0 0 0 0 0
18 0 0 0 0 0
19 0 0 0 0 0

OSS: Sending message to worker 1 PID 33377 at time 3:0
OSS: Receiving message from worker 1 PID 33377 at time 3:0
OSS PID:33375 SysClockS:3 SysClockNano:0
Process Table:
Entry Occupied PID StartS StartN MessagesSent
0 1 33376 1 0 8
1 1 33377 2 0 5
2 0 0 0 0 0
3 0 0 0 0 0
4 0 0 0 0 0
5 0 0 0 0 0
6 0 0 0 0 0
7 0 0 0 0 0
8 0 0 0 0 0
9 0 0 0 0 0
10 0 0 0 0 0
11 0 0 0 0 0
12 0 0 0 0 0
13 0 0 0 0 0
14 0 0 0 0 0
15 0 0 0 0 0
16 0 0 0 0 0
17 0 0 0 0 0
18 0 0 0 0 0
19 0 0 0 0 0

OSS: Sending message to worker 0 PID 33376 at time 3:125000000
OSS: Receiving message from worker 0 PID 33376 at time 3:125000000
OSS PID:33375 SysClockS:3 SysClockNano:125000000
Process Table:
Entry Occupied PID StartS StartN MessagesSent
0 1 33376 1 0 9
1 1 33377 2 0 5
2 0 0 0 0 0
3 0 0 0 0 0
4 0 0 0 0 0
5 0 0 0 0 0
6 0 0 0 0 0
7 0 0 0 0 0
8 0 0 0 0 0
9 0 0 0 0 0
10 0 0 0 0 0
11 0 0 0 0 0
12 0 0 0 0 0
13 0 0 0 0 0
14 0 0 0 0 0
15 0 0 0 0 0
16 0 0 0 0 0
17 0 0 0 0 0
18 0 0 0 0 0
19 0 0 0 0 0

OSS: Sending message to worker 1 PID 33377 at time 3:250000000
OSS: Receiving message from worker 1 PID 33377 at time 3:250000000
OSS PID:33375 SysClockS:3 SysClockNano:250000000
Process Table:
Entry Occupied PID StartS StartN MessagesSent
0 1 33376 1 0 9
1 1 33377 2 0 6
2 0 0 0 0 0
3 0 0 0 0 0
4 0 0 0 0 0
5 0 0 0 0 0
6 0 0 0 0 0
7 0 0 0 0 0
8 0 0 0 0 0
9 0 0 0 0 0
10 0 0 0 0 0
11 0 0 0 0 0
12 0 0 0 0 0
13 0 0 0 0 0
14 0 0 0 0 0
15 0 0 0 0 0
16 0 0 0 0 0
17 0 0 0 0 0
18 0 0 0 0 0
19 0 0 0 0 0

OSS: Sending message to worker 0 PID 33376 at time 3:375000000
OSS: Receiving message from worker 0 PID 33376 at time 3:375000000
OSS PID:33375 SysClockS:3 SysClockNano:375000000
Process Table:
Entry Occupied PID StartS StartN MessagesSent
0 1 33376 1 0 10
1 1 33377 2 0 6
2 0 0 0 0 0
3 0 0 0 0 0
4 0 0 0 0 0
5 0 0 0 0 0
6 0 0 0 0 0
7 0 0 0 0 0
8 0 0 0 0 0
9 0 0 0 0 0
10 0 0 0 0 0
11 0 0 0 0 0
12 0 0 0 0 0
13 0 0 0 0 0
14 0 0 0 0 0
15 0 0 0 0 0
16 0 0 0 0 0
17 0 0 0 0 0
18 0 0 0 0 0
19 0 0 0 0 0

OSS: Sending message to worker 1 PID 33377 at time 3:500000000
OSS: Receiving message from worker 1 PID 33377 at time 3:500000000
OSS PID:33375 SysClockS:3 SysClockNano:500000000
Process Table:
Entry Occupied PID StartS StartN MessagesSent
0 1 33376 1 0 10
1 1 33377 2 0 7
2 0 0 0 0 0
3 0 0 0 0 0
4 0 0 0 0 0
5 0 0 0 0 0
6 0 0 0 0 0
7 0 0 0 0 0
8 0 0 0 0 0
9 0 0 0 0 0
10 0 0 0 0 0
11 0 0 0 0 0
12 0 0 0 0 0
13 0 0 0 0 0
14 0 0 0 0 0
15 0 0 0 0 0
16 0 0 0 0 0
17 0 0 0 0 0
18 0 0 0 0 0
19 0 0 0 0 0

OSS: Sending message to worker 0 PID 33376 at time 3:625000000
OSS: Receiving message from worker 0 PID 33376 at time 3:625000000
OSS PID:33375 SysClockS:3 SysClockNano:625000000
Process Table:
Entry Occupied PID StartS StartN MessagesSent
0 1 33376 1 0 11
1 1 33377 2 0 7
2 0 0 0 0 0
3 0 0 0 0 0
4 0 0 0 0 0
5 0 0 0 0 0
6 0 0 0 0 0
7 0 0 0 0 0
8 0 0 0 0 0
9 0 0 0 0 0
10 0 0 0 0 0
11 0 0 0 0 0
12 0 0 0 0 0
13 0 0 0 0 0
14 0 0 0 0 0
15 0 0 0 0 0
16 0 0 0 0 0
17 0 0 0 0 0
18 0 0 0 0 0
19 0 0 0 0 0

OSS: Sending message to worker 1 PID 33377 at time 3:750000000
OSS: Receiving message from worker 1 PID 33377 at time 3:750000000
OSS PID:33375 SysClockS:3 SysClockNano:750000000
Process Table:
Entry Occupied PID StartS StartN MessagesSent
0 1 33376 1 0 11
1 1 33377 2 0 8
2 0 0 0 0 0
3 0 0 0 0 0
4 0 0 0 0 0
5 0 0 0 0 0
6 0 0 0 0 0
7 0 0 0 0 0
8 0 0 0 0 0
9 0 0 0 0 0
10 0 0 0 0 0
11 0 0 0 0 0
12 0 0 0 0 0
13 0 0 0 0 0
14 0 0 0 0 0
15 0 0 0 0 0
16 0 0 0 0 0
17 0 0 0 0 0
18 0 0 0 0 0
19 0 0 0 0 0

OSS: Sending message to worker 0 PID 33376 at time 3:875000000
OSS: Receiving message from worker 0 PID 33376 at time 3:875000000
OSS PID:33375 SysClockS:3 SysClockNano:875000000
Process Table:
Entry Occupied PID StartS StartN MessagesSent
0 1 33376 1 0 12
1 1 33377 2 0 8
2 0 0 0 0 0
3 0 0 0 0 0
4 0 0 0 0 0
5 0 0 0 0 0
6 0 0 0 0 0
7 0 0 0 0 0
8 0 0 0 0 0
9 0 0 0 0 0
10 0 0 0 0 0
11 0 0 0 0 0
12 0 0 0 0 0
13 0 0 0 0 0
14 0 0 0 0 0
15 0 0 0 0 0
16 0 0 0 0 0
17 0 0 0 0 0
18 0 0 0 0 0
19 0 0 0 0 0

OSS: Sending message to worker 1 PID 33377 at time 4:0
OSS: Receiving message from worker 1 PID 33377 at time 4:0
OSS PID:33375 SysClockS:4 SysClockNano:0
Process Table:
Entry Occupied PID StartS StartN MessagesSent
0 1 33376 1 0 12
1 1 33377 2 0 9
2 0 0 0 0 0
3 0 0 0 0 0
4 0 0 0 0 0
5 0 0 0 0 0
6 0 0 0 0 0
7 0 0 0 0 0
8 0 0 0 0 0
9 0 0 0 0 0
10 0 0 0 0 0
11 0 0 0 0 0
12 0 0 0 0 0
13 0 0 0 0 0
14 0 0 0 0 0
15 0 0 0 0 0
16 0 0 0 0 0
17 0 0 0 0 0
18 0 0 0 0 0
19 0 0 0 0 0

OSS: Sending message to worker 0 PID 33376 at time 4:125000000
OSS: Receiving message from worker 0 PID 33376 at time 4:125000000
OSS PID:33375 SysClockS:4 SysClockNano:125000000
Process Table:
Entry Occupied PID StartS StartN MessagesSent
0 1 33376 1 0 13
1 1 33377 2 0 9
2 0 0 0 0 0
3 0 0 0 0 0
4 0 0 0 0 0
5 0 0 0 0 0
6 0 0 0 0 0
7 0 0 0 0 0
8 0 0 0 0 0
9 0 0 0 0 0
10 0 0 0 0 0
11 0 0 0 0 0
12 0 0 0 0 0
13 0 0 0 0 0
14 0 0 0 0 0
15 0 0 0 0 0
16 0 0 0 0 0
17 0 0 0 0 0
18 0 0 0 0 0
19 0 0 0 0 0

OSS: Sending message to worker 1 PID 33377 at time 4:250000000
OSS: Receiving message from worker 1 PID 33377 at time 4:250000000
OSS PID:33375 SysClockS:4 SysClockNano:250000000
Process Table:
Entry Occupied PID StartS StartN MessagesSent
0 1 33376 1 0 13
1 1 33377 2 0 10
2 0 0 0 0 0
3 0 0 0 0 0
4 0 0 0 0 0
5 0 0 0 0 0
6 0 0 0 0 0
7 0 0 0 0 0
8 0 0 0 0 0
9 0 0 0 0 0
10 0 0 0 0 0
11 0 0 0 0 0
12 0 0 0 0 0
13 0 0 0 0 0
14 0 0 0 0 0
15 0 0 0 0 0
16 0 0 0 0 0
17 0 0 0 0 0
18 0 0 0 0 0
19 0 0 0 0 0

OSS: Sending message to worker 0 PID 33376 at time 4:375000000
OSS: Receiving message from worker 0 PID 33376 at time 4:375000000
OSS PID:33375 SysClockS:4 SysClockNano:375000000
Process Table:
Entry Occupied PID StartS StartN MessagesSent
0 1 33376 1 0 14
1 1 33377 2 0 10
2 0 0 0 0 0
3 0 0 0 0 0
4 0 0 0 0 0
5 0 0 0 0 0
6 0 0 0 0 0
7 0 0 0 0 0
8 0 0 0 0 0
9 0 0 0 0 0
10 0 0 0 0 0
11 0 0 0 0 0
12 0 0 0 0 0
13 0 0 0 0 0
14 0 0 0 0 0
15 0 0 0 0 0
16 0 0 0 0 0
17 0 0 0 0 0
18 0 0 0 0 0
19 0 0 0 0 0

OSS: Sending message to worker 1 PID 33377 at time 4:500000000
OSS: Receiving message from worker 1 PID 33377 at time 4:500000000
OSS PID:33375 SysClockS:4 SysClockNano:500000000
Process Table:
Entry Occupied PID StartS StartN MessagesSent
0 1 33376 1 0 14
1 1 33377 2 0 11
2 0 0 0 0 0
3 0 0 0 0 0
4 0 0 0 0 0
5 0 0 0 0 0
6 0 0 0 0 0
7 0 0 0 0 0
8 0 0 0 0 0
9 0 0 0 0 0
10 0 0 0 0 0
11 0 0 0 0 0
12 0 0 0 0 0
13 0 0 0 0 0
14 0 0 0 0 0
15 0 0 0 0 0
16 0 0 0 0 0
17 0 0 0 0 0
18 0 0 0 0 0
19 0 0 0 0 0

OSS: Sending message to worker 0 PID 33376 at time 4:625000000
OSS: Receiving message from worker 0 PID 33376 at time 4:625000000
OSS PID:33375 SysClockS:4 SysClockNano:625000000
Process Table:
Entry Occupied PID StartS StartN MessagesSent
0 1 33376 1 0 15
1 1 33377 2 0 11
2 0 0 0 0 0
3 0 0 0 0 0
4 0 0 0 0 0
5 0 0 0 0 0
6 0 0 0 0 0
7 0 0 0 0 0
8 0 0 0 0 0
9 0 0 0 0 0
10 0 0 0 0 0
11 0 0 0 0 0
12 0 0 0 0 0
13 0 0 0 0 0
14 0 0 0 0 0
15 0 0 0 0 0
16 0 0 0 0 0
17 0 0 0 0 0
18 0 0 0 0 0
19 0 0 0 0 0

OSS: Sending message to worker 1 PID 33377 at time 4:750000000
OSS: Receiving message from worker 1 PID 33377 at time 4:750000000
OSS PID:33375 SysClockS:4 SysClockNano:750000000
Process Table:
Entry Occupied PID StartS StartN MessagesSent
0 1 33376 1 0 15
1 1 33377 2 0 12
2 0 0 0 0 0
3 0 0 0 0 0
4 0 0 0 0 0
5 0 0 0 0 0
6 0 0 0 0 0
7 0 0 0 0 0
8 0 0 0 0 0
9 0 0 0 0 0
10 0 0 0 0 0
11 0 0 0 0 0
12 0 0 0 0 0
13 0 0 0 0 0
14 0 0 0 0 0
15 0 0 0 0 0
16 0 0 0 0 0
17 0 0 0 0 0
18 0 0 0 0 0
19 0 0 0 0 0

OSS: Sending message to worker 0 PID 33376 at time 4:875000000
OSS: Receiving message from worker 0 PID 33376 at time 4:875000000
OSS PID:33375 SysClockS:4 SysClockNano:875000000
Process Table:
Entry Occupied PID StartS StartN MessagesSent
0 1 33376 1 0 16
1 1 33377 2 0 12
2 0 0 0 0 0
3 0 0 0 0 0
4 0 0 0 0 0
5 0 0 0 0 0
6 0 0 0 0 0
7 0 0 0 0 0
8 0 0 0 0 0
9 0 0 0 0 0
10 0 0 0 0 0
11 0 0 0 0 0
12 0 0 0 0 0
13 0 0 0 0 0
14 0 0 0 0 0
15 0 0 0 0 0
16 0 0 0 0 0
17 0 0 0 0 0
18 0 0 0 0 0
19 0 0 0 0 0

OSS: Sending message to worker 1 PID 33377 at time 5:0
OSS: Receiving message from worker 1 PID 33377 at time 5:0
OSS PID:33375 SysClockS:5 SysClockNano:0
Process Table:
Entry Occupied PID StartS StartN MessagesSent
0 1 33376 1 0 16
1 1 33377 2 0 13
2 0 0 0 0 0
3 0 0 0 0 0
4 0 0 0 0 0
5 0 0 0 0 0
6 0 0 0 0 0
7 0 0 0 0 0
8 0 0 0 0 0
9 0 0 0 0 0
10 0 0 0 0 0
11 0 0 0 0 0
12 0 0 0 0 0
13 0 0 0 0 0
14 0 0 0 0 0
15 0 0 0 0 0
16 0 0 0 0 0
17 0 0 0 0 0
18 0 0 0 0 0
19 0 0 0 0 0

OSS: Sending message to worker 0 PID 33376 at time 5:125000000
OSS: Receiving message from worker 0 PID 33376 at time 5:125000000
OSS PID:33375 SysClockS:5 SysClockNano:125000000
Process Table:
Entry Occupied PID StartS StartN MessagesSent
0 1 33376 1 0 17
1 1 33377 2 0 13
2 0 0 0 0 0
3 0 0 0 0 0
4 0 0 0 0 0
5 0 0 0 0 0
6 0 0 0 0 0
7 0 0 0 0 0
8 0 0 0 0 0
9 0 0 0 0 0
10 0 0 0 0 0
11 0 0 0 0 0
12 0 0 0 0 0
13 0 0 0 0 0
14 0 0 0 0 0
15 0 0 0 0 0
16 0 0 0 0 0
17 0 0 0 0 0
18 0 0 0 0 0
19 0 0 0 0 0

OSS: Sending message to worker 1 PID 33377 at time 5:250000000
OSS: Receiving message from worker 1 PID 33377 at time 5:250000000
OSS PID:33375 SysClockS:5 SysClockNano:250000000
Process Table:
Entry Occupied PID StartS StartN MessagesSent
0 1 33376 1 0 17
1 1 33377 2 0 14
2 0 0 0 0 0
3 0 0 0 0 0
4 0 0 0 0 0
5 0 0 0 0 0
6 0 0 0 0 0
7 0 0 0 0 0
8 0 0 0 0 0
9 0 0 0 0 0
10 0 0 0 0 0
11 0 0 0 0 0
12 0 0 0 0 0
13 0 0 0 0 0
14 0 0 0 0 0
15 0 0 0 0 0
16 0 0 0 0 0
17 0 0 0 0 0
18 0 0 0 0 0
19 0 0 0 0 0

OSS: Sending message to worker 0 PID 33376 at time 5:375000000
OSS: Receiving message from worker 0 PID 33376 at time 5:375000000
OSS PID:33375 SysClockS:5 SysClockNano:375000000
Process Table:
Entry Occupied PID StartS StartN MessagesSent
0 1 33376 1 0 18
1 1 33377 2 0 14
2 0 0 0 0 0
3 0 0 0 0 0
4 0 0 0 0 0
5 0 0 0 0 0
6 0 0 0 0 0
7 0 0 0 0 0
8 0 0 0 0 0
9 0 0 0 0 0
10 0 0 0 0 0
11 0 0 0 0 0
12 0 0 0 0 0
13 0 0 0 0 0
14 0 0 0 0 0
15 0 0 0 0 0
16 0 0 0 0 0
17 0 0 0 0 0
18 0 0 0 0 0
19 0 0 0 0 0

OSS: Sending message to worker 1 PID 33377 at time 5:500000000
OSS: Receiving message from worker 1 PID 33377 at time 5:500000000
OSS PID:33375 SysClockS:5 SysClockNano:500000000
Process Table:
Entry Occupied PID StartS StartN MessagesSent
0 1 33376 1 0 18
1 1 33377 2 0 15
2 0 0 0 0 0
3 0 0 0 0 0
4 0 0 0 0 0
5 0 0 0 0 0
6 0 0 0 0 0
7 0 0 0 0 0
8 0 0 0 0 0
9 0 0 0 0 0
10 0 0 0 0 0
11 0 0 0 0 0
12 0 0 0 0 0
13 0 0 0 0 0
14 0 0 0 0 0
15 0 0 0 0 0
16 0 0 0 0 0
17 0 0 0 0 0
18 0 0 0 0 0
19 0 0 0 0 0

OSS: Sending message to worker 0 PID 33376 at time 5:625000000
OSS: Receiving message from worker 0 PID 33376 at time 5:625000000
OSS PID:33375 SysClockS:5 SysClockNano:625000000
Process Table:
Entry Occupied PID StartS StartN MessagesSent
0 1 33376 1 0 19
1 1 33377 2 0 15
2 0 0 0 0 0
3 0 0 0 0 0
4 0 0 0 0 0
5 0 0 0 0 0
6 0 0 0 0 0
7 0 0 0 0 0
8 0 0 0 0 0
9 0 0 0 0 0
10 0 0 0 0 0
11 0 0 0 0 0
12 0 0 0 0 0
13 0 0 0 0 0
14 0 0 0 0 0
15 0 0 0 0 0
16 0 0 0 0 0
17 0 0 0 0 0
18 0 0 0 0 0
19 0 0 0 0 0

OSS: Sending message to worker 1 PID 33377 at time 5:750000000
OSS: Receiving message from worker 1 PID 33377 at time 5:750000000
OSS PID:33375 SysClockS:5 SysClockNano:750000000
Process Table:
Entry Occupied PID StartS StartN MessagesSent
0 1 33376 1 0 19
1 1 33377 2 0 16
2 0 0 0 0 0
3 0 0 0 0 0
4 0 0 0 0 0
5 0 0 0 0 0
6 0 0 0 0 0
7 0 0 0 0 0
8 0 0 0 0 0
9 0 0 0 0 0
10 0 0 0 0 0
11 0 0 0 0 0
12 0 0 0 0 0
13 0 0 0 0 0
14 0 0 0 0 0
15 0 0 0 0 0
16 0 0 0 0 0
17 0 0 0 0 0
18 0 0 0 0 0
19 0 0 0 0 0

OSS: Sending message to worker 0 PID 33376 at time 5:875000000
OSS: Receiving message from worker 0 PID 33376 at time 5:875000000
OSS PID:33375 SysClockS:5 SysClockNano:875000000
Process Table:
Entry Occupied PID StartS StartN MessagesSent
0 1 33376 1 0 20
1 1 33377 2 0 16
2 0 0 0 0 0
3 0 0 0 0 0
4 0 0 0 0 0
5 0 0 0 0 0
6 0 0 0 0 0
7 0 0 0 0 0
8 0 0 0 0 0
9 0 0 0 0 0
10 0 0 0 0 0
11 0 0 0 0 0
12 0 0 0 0 0
13 0 0 0 0 0
14 0 0 0 0 0
15 0 0 0 0 0
16 0 0 0 0 0
17 0 0 0 0 0
18 0 0 0 0 0
19 0 0 0 0 0

OSS: Sending message to worker 1 PID 33377 at time 6:0
OSS: Receiving message from worker 1 PID 33377 at time 6:0
OSS PID:33375 SysClockS:6 SysClockNano:0
Process Table:
Entry Occupied PID StartS StartN MessagesSent
0 1 33376 1 0 20
1 1 33377 2 0 17
2 0 0 0 0 0
3 0 0 0 0 0
4 0 0 0 0 0
5 0 0 0 0 0
6 0 0 0 0 0
7 0 0 0 0 0
8 0 0 0 0 0
9 0 0 0 0 0
10 0 0 0 0 0
11 0 0 0 0 0
12 0 0 0 0 0
13 0 0 0 0 0
14 0 0 0 0 0
15 0 0 0 0 0
16 0 0 0 0 0
17 0 0 0 0 0
18 0 0 0 0 0
19 0 0 0 0 0

OSS: Sending message to worker 0 PID 33376 at time 6:125000000
OSS: Receiving message from worker 0 PID 33376 at time 6:125000000
OSS PID:33375 SysClockS:6 SysClockNano:125000000
Process Table:
Entry Occupied PID StartS StartN MessagesSent
0 1 33376 1 0 21
1 1 33377 2 0 17
2 0 0 0 0 0
3 0 0 0 0 0
4 0 0 0 0 0
5 0 0 0 0 0
6 0 0 0 0 0
7 0 0 0 0 0
8 0 0 0 0 0
9 0 0 0 0 0
10 0 0 0 0 0
11 0 0 0 0 0
12 0 0 0 0 0
13 0 0 0 0 0
14 0 0 0 0 0
15 0 0 0 0 0
16 0 0 0 0 0
17 0 0 0 0 0
18 0 0 0 0 0
19 0 0 0 0 0

OSS: Sending message to worker 1 PID 33377 at time 6:250000000
OSS: Receiving message from worker 1 PID 33377 at time 6:250000000
OSS PID:33375 SysClockS:6 SysClockNano:250000000
Process Table:
Entry Occupied PID StartS StartN MessagesSent
0 1 33376 1 0 21
1 1 33377 2 0 18
2 0 0 0 0 0
3 0 0 0 0 0
4 0 0 0 0 0
5 0 0 0 0 0
6 0 0 0 0 0
7 0 0 0 0 0
8 0 0 0 0 0
9 0 0 0 0 0
10 0 0 0 0 0
11 0 0 0 0 0
12 0 0 0 0 0
13 0 0 0 0 0
14 0 0 0 0 0
15 0 0 0 0 0
16 0 0 0 0 0
17 0 0 0 0 0
18 0 0 0 0 0
19 0 0 0 0 0

OSS: Sending message to worker 0 PID 33376 at time 6:375000000
OSS: Receiving message from worker 0 PID 33376 at time 6:375000000
OSS PID:33375 SysClockS:6 SysClockNano:375000000
Process Table:
Entry Occupied PID StartS StartN MessagesSent
0 1 33376 1 0 22
1 1 33377 2 0 18
2 0 0 0 0 0
3 0 0 0 0 0
4 0 0 0 0 0
5 0 0 0 0 0
6 0 0 0 0 0
7 0 0 0 0 0
8 0 0 0 0 0
9 0 0 0 0 0
10 0 0 0 0 0
11 0 0 0 0 0
12 0 0 0 0 0
13 0 0 0 0 0
14 0 0 0 0 0
15 0 0 0 0 0
16 0 0 0 0 0
17 0 0 0 0 0
18 0 0 0 0 0
19 0 0 0 0 0

OSS: Sending message to worker 1 PID 33377 at time 6:500000000
OSS: Receiving message from worker 1 PID 33377 at time 6:500000000
OSS PID:33375 SysClockS:6 SysClockNano:500000000
Process Table:
Entry Occupied PID StartS StartN MessagesSent
0 1 33376 1 0 22
1 1 33377 2 0 19
2 0 0 0 0 0
3 0 0 0 0 0
4 0 0 0 0 0
5 0 0 0 0 0
6 0 0 0 0 0
7 0 0 0 0 0
8 0 0 0 0 0
9 0 0 0 0 0
10 0 0 0 0 0
11 0 0 0 0 0
12 0 0 0 0 0
13 0 0 0 0 0
14 0 0 0 0 0
15 0 0 0 0 0
16 0 0 0 0 0
17 0 0 0 0 0
18 0 0 0 0 0
19 0 0 0 0 0

OSS: Sending message to worker 0 PID 33376 at time 6:625000000
OSS: Receiving message from worker 0 PID 33376 at time 6:625000000
OSS PID:33375 SysClockS:6 SysClockNano:625000000
Process Table:
Entry Occupied PID StartS StartN MessagesSent
0 1 33376 1 0 23
1 1 33377 2 0 19
2 0 0 0 0 0
3 0 0 0 0 0
4 0 0 0 0 0
5 0 0 0 0 0
6 0 0 0 0 0
7 0 0 0 0 0
8 0 0 0 0 0
9 0 0 0 0 0
10 0 0 0 0 0
11 0 0 0 0 0
12 0 0 0 0 0
13 0 0 0 0 0
14 0 0 0 0 0
15 0 0 0 0 0
16 0 0 0 0 0
17 0 0 0 0 0
18 0 0 0 0 0
19 0 0 0 0 0

OSS: Sending message to worker 1 PID 33377 at time 6:750000000
OSS: Receiving message from worker 1 PID 33377 at time 6:750000000
OSS PID:33375 SysClockS:6 SysClockNano:750000000
Process Table:
Entry Occupied PID StartS StartN MessagesSent
0 1 33376 1 0 23
1 1 33377 2 0 20
2 0 0 0 0 0
3 0 0 0 0 0
4 0 0 0 0 0
5 0 0 0 0 0
6 0 0 0 0 0
7 0 0 0 0 0
8 0 0 0 0 0
9 0 0 0 0 0
10 0 0 0 0 0
11 0 0 0 0 0
12 0 0 0 0 0
13 0 0 0 0 0
14 0 0 0 0 0
15 0 0 0 0 0
16 0 0 0 0 0
17 0 0 0 0 0
18 0 0 0 0 0
19 0 0 0 0 0

OSS: Sending message to worker 0 PID 33376 at time 6:875000000
OSS: Receiving message from worker 0 PID 33376 at time 6:875000000
OSS PID:33375 SysClockS:6 SysClockNano:875000000
Process Table:
Entry Occupied PID StartS StartN MessagesSent
0 1 33376 1 0 24
1 1 33377 2 0 20
2 0 0 0 0 0
3 0 0 0 0 0
4 0 0 0 0 0
5 0 0 0 0 0
6 0 0 0 0 0
7 0 0 0 0 0
8 0 0 0 0 0
9 0 0 0 0 0
10 0 0 0 0 0
11 0 0 0 0 0
12 0 0 0 0 0
13 0 0 0 0 0
14 0 0 0 0 0
15 0 0 0 0 0
16 0 0 0 0 0
17 0 0 0 0 0
18 0 0 0 0 0
19 0 0 0 0 0

OSS: Sending message to worker 1 PID 33377 at time 7:0
OSS: Receiving message from worker 1 PID 33377 at time 7:0
OSS PID:33375 SysClockS:7 SysClockNano:0
Process Table:
Entry Occupied PID StartS StartN MessagesSent
0 1 33376 1 0 24
1 1 33377 2 0 21
2 0 0 0 0 0
3 0 0 0 0 0
4 0 0 0 0 0
5 0 0 0 0 0
6 0 0 0 0 0
7 0 0 0 0 0
8 0 0 0 0 0
9 0 0 0 0 0
10 0 0 0 0 0
11 0 0 0 0 0
12 0 0 0 0 0
13 0 0 0 0 0
14 0 0 0 0 0
15 0 0 0 0 0
16 0 0 0 0 0
17 0 0 0 0 0
18 0 0 0 0 0
19 0 0 0 0 0

OSS: Sending message to worker 0 PID 33376 at time 7:125000000
OSS: Receiving message from worker 0 PID 33376 at time 7:125000000
OSS PID:33375 SysClockS:7 SysClockNano:125000000
Process Table:
Entry Occupied PID StartS StartN MessagesSent
0 1 33376 1 0 25
1 1 33377 2 0 21
2 0 0 0 0 0
3 0 0 0 0 0
4 0 0 0 0 0
5 0 0 0 0 0
6 0 0 0 0 0
7 0 0 0 0 0
8 0 0 0 0 0
9 0 0 0 0 0
10 0 0 0 0 0
11 0 0 0 0 0
12 0 0 0 0 0
13 0 0 0 0 0
14 0 0 0 0 0
15 0 0 0 0 0
16 0 0 0 0 0
17 0 0 0 0 0
18 0 0 0 0 0
19 0 0 0 0 0

OSS: Sending message to worker 1 PID 33377 at time 7:250000000
OSS: Receiving message from worker 1 PID 33377 at time 7:250000000
OSS PID:33375 SysClockS:7 SysClockNano:250000000
Process Table:
Entry Occupied PID StartS StartN MessagesSent
0 1 33376 1 0 25
1 1 33377 2 0 22
2 0 0 0 0 0
3 0 0 0 0 0
4 0 0 0 0 0
5 0 0 0 0 0
6 0 0 0 0 0
7 0 0 0 0 0
8 0 0 0 0 0
9 0 0 0 0 0
10 0 0 0 0 0
11 0 0 0 0 0
12 0 0 0 0 0
13 0 0 0 0 0
14 0 0 0 0 0
15 0 0 0 0 0
16 0 0 0 0 0
17 0 0 0 0 0
18 0 0 0 0 0
19 0 0 0 0 0

OSS: Sending message to worker 0 PID 33376 at time 7:375000000
OSS: Receiving message from worker 0 PID 33376 at time 7:375000000
OSS PID:33375 SysClockS:7 SysClockNano:375000000
Process Table:
Entry Occupied PID StartS StartN MessagesSent
0 1 33376 1 0 26
1 1 33377 2 0 22
2 0 0 0 0 0
3 0 0 0 0 0
4 0 0 0 0 0
5 0 0 0 0 0
6 0 0 0 0 0
7 0 0 0 0 0
8 0 0 0 0 0
9 0 0 0 0 0
10 0 0 0 0 0
11 0 0 0 0 0
12 0 0 0 0 0
13 0 0 0 0 0
14 0 0 0 0 0
15 0 0 0 0 0
16 0 0 0 0 0
17 0 0 0 0 0
18 0 0 0 0 0
19 0 0 0 0 0

OSS: Sending message to worker 1 PID 33377 at time 7:500000000
OSS: Receiving message from worker 1 PID 33377 at time 7:500000000
OSS PID:33375 SysClockS:7 SysClockNano:500000000
Process Table:
Entry Occupied PID StartS StartN MessagesSent
0 1 33376 1 0 26
1 1 33377 2 0 23
2 0 0 0 0 0
3 0 0 0 0 0
4 0 0 0 0 0
5 0 0 0 0 0
6 0 0 0 0 0
7 0 0 0 0 0
8 0 0 0 0 0
9 0 0 0 0 0
10 0 0 0 0 0
11 0 0 0 0 0
12 0 0 0 0 0
13 0 0 0 0 0
14 0 0 0 0 0
15 0 0 0 0 0
16 0 0 0 0 0
17 0 0 0 0 0
18 0 0 0 0 0
19 0 0 0 0 0

OSS: Sending message to worker 0 PID 33376 at time 7:625000000
OSS: Receiving message from worker 0 PID 33376 at time 7:625000000
OSS PID:33375 SysClockS:7 SysClockNano:625000000
Process Table:
Entry Occupied PID StartS StartN MessagesSent
0 1 33376 1 0 27
1 1 33377 2 0 23
2 0 0 0 0 0
3 0 0 0 0 0
4 0 0 0 0 0
5 0 0 0 0 0
6 0 0 0 0 0
7 0 0 0 0 0
8 0 0 0 0 0
9 0 0 0 0 0
10 0 0 0 0 0
11 0 0 0 0 0
12 0 0 0 0 0
13 0 0 0 0 0
14 0 0 0 0 0
15 0 0 0 0 0
16 0 0 0 0 0
17 0 0 0 0 0
18 0 0 0 0 0
19 0 0 0 0 0

OSS: Sending message to worker 1 PID 33377 at time 7:750000000
OSS: Receiving message from worker 1 PID 33377 at time 7:750000000
OSS PID:33375 SysClockS:7 SysClockNano:750000000
Process Table:
Entry Occupied PID StartS StartN MessagesSent
0 1 33376 1 0 27
1 1 33377 2 0 24
2 0 0 0 0 0
3 0 0 0 0 0
4 0 0 0 0 0
5 0 0 0 0 0
6 0 0 0 0 0
7 0 0 0 0 0
8 0 0 0 0 0
9 0 0 0 0 0
10 0 0 0 0 0
11 0 0 0 0 0
12 0 0 0 0 0
13 0 0 0 0 0
14 0 0 0 0 0
15 0 0 0 0 0
16 0 0 0 0 0
17 0 0 0 0 0
18 0 0 0 0 0
19 0 0 0 0 0

OSS: Sending message to worker 0 PID 33376 at time 7:875000000
OSS: Receiving message from worker 0 PID 33376 at time 7:875000000
OSS PID:33375 SysClockS:7 SysClockNano:875000000
Process Table:
Entry Occupied PID StartS StartN MessagesSent
0 1 33376 1 0 28
1 1 33377 2 0 24
2 0 0 0 0 0
3 0 0 0 0 0
4 0 0 0 0 0
5 0 0 0 0 0
6 0 0 0 0 0
7 0 0 0 0 0
8 0 0 0 0 0
9 0 0 0 0 0
10 0 0 0 0 0
11 0 0 0 0 0
12 0 0 0 0 0
13 0 0 0 0 0
14 0 0 0 0 0
15 0 0 0 0 0
16 0 0 0 0 0
17 0 0 0 0 0
18 0 0 0 0 0
19 0 0 0 0 0

OSS: Sending message to worker 1 PID 33377 at time 8:0
OSS: Receiving message from worker 1 PID 33377 at time 8:0
OSS PID:33375 SysClockS:8 SysClockNano:0
Process Table:
Entry Occupied PID StartS StartN MessagesSent
0 1 33376 1 0 28
1 1 33377 2 0 25
2 0 0 0 0 0
3 0 0 0 0 0
4 0 0 0 0 0
5 0 0 0 0 0
6 0 0 0 0 0
7 0 0 0 0 0
8 0 0 0 0 0
9 0 0 0 0 0
10 0 0 0 0 0
11 0 0 0 0 0
12 0 0 0 0 0
13 0 0 0 0 0
14 0 0 0 0 0
15 0 0 0 0 0
16 0 0 0 0 0
17 0 0 0 0 0
18 0 0 0 0 0
19 0 0 0 0 0

OSS: Sending message to worker 0 PID 33376 at time 8:125000000
OSS: Receiving message from worker 0 PID 33376 at time 8:125000000
OSS PID:33375 SysClockS:8 SysClockNano:125000000
Process Table:
Entry Occupied PID StartS StartN MessagesSent
0 1 33376 1 0 29
1 1 33377 2 0 25
2 0 0 0 0 0
3 0 0 0 0 0
4 0 0 0 0 0
5 0 0 0 0 0
6 0 0 0 0 0
7 0 0 0 0 0
8 0 0 0 0 0
9 0 0 0 0 0
10 0 0 0 0 0
11 0 0 0 0 0
12 0 0 0 0 0
13 0 0 0 0 0
14 0 0 0 0 0
15 0 0 0 0 0
16 0 0 0 0 0
17 0 0 0 0 0
18 0 0 0 0 0
19 0 0 0 0 0

OSS: Sending message to worker 1 PID 33377 at time 8:250000000
OSS: Receiving message from worker 1 PID 33377 at time 8:250000000
OSS PID:33375 SysClockS:8 SysClockNano:250000000
Process Table:
Entry Occupied PID StartS StartN MessagesSent
0 1 33376 1 0 29
1 1 33377 2 0 26
2 0 0 0 0 0
3 0 0 0 0 0
4 0 0 0 0 0
5 0 0 0 0 0
6 0 0 0 0 0
7 0 0 0 0 0
8 0 0 0 0 0
9 0 0 0 0 0
10 0 0 0 0 0
11 0 0 0 0 0
12 0 0 0 0 0
13 0 0 0 0 0
14 0 0 0 0 0
15 0 0 0 0 0
16 0 0 0 0 0
17 0 0 0 0 0
18 0 0 0 0 0
19 0 0 0 0 0

OSS: Sending message to worker 0 PID 33376 at time 8:375000000
OSS: Receiving message from worker 0 PID 33376 at time 8:375000000
OSS PID:33375 SysClockS:8 SysClockNano:375000000
Process Table:
Entry Occupied PID StartS StartN MessagesSent
0 1 33376 1 0 30
1 1 33377 2 0 26
2 0 0 0 0 0
3 0 0 0 0 0
4 0 0 0 0 0
5 0 0 0 0 0
6 0 0 0 0 0
7 0 0 0 0 0
8 0 0 0 0 0
9 0 0 0 0 0
10 0 0 0 0 0
11 0 0 0 0 0
12 0 0 0 0 0
13 0 0 0 0 0
14 0 0 0 0 0
15 0 0 0 0 0
16 0 0 0 0 0
17 0 0 0 0 0
18 0 0 0 0 0
19 0 0 0 0 0

OSS: Sending message to worker 1 PID 33377 at time 8:500000000
OSS: Receiving message from worker 1 PID 33377 at time 8:500000000
OSS PID:33375 SysClockS:8 SysClockNano:500000000
Process Table:
Entry Occupied PID StartS StartN MessagesSent
0 1 33376 1 0 30
1 1 33377 2 0 27
2 0 0 0 0 0
3 0 0 0 0 0
4 0 0 0 0 0
5 0 0 0 0 0
6 0 0 0 0 0
7 0 0 0 0 0
8 0 0 0 0 0
9 0 0 0 0 0
10 0 0 0 0 0
11 0 0 0 0 0
12 0 0 0 0 0
13 0 0 0 0 0
14 0 0 0 0 0
15 0 0 0 0 0
16 0 0 0 0 0
17 0 0 0 0 0
18 0 0 0 0 0
19 0 0 0 0 0

OSS: Sending message to worker 0 PID 33376 at time 8:625000000
OSS: Receiving message from worker 0 PID 33376 at time 8:625000000
OSS PID:33375 SysClockS:8 SysClockNano:625000000
Process Table:
Entry Occupied PID StartS StartN MessagesSent
0 1 33376 1 0 31
1 1 33377 2 0 27
2 0 0 0 0 0
3 0 0 0 0 0
4 0 0 0 0 0
5 0 0 0 0 0
6 0 0 0 0 0
7 0 0 0 0 0
8 0 0 0 0 0
9 0 0 0 0 0
10 0 0 0 0 0
11 0 0 0 0 0
12 0 0 0 0 0
13 0 0 0 0 0
14 0 0 0 0 0
15 0 0 0 0 0
16 0 0 0 0 0
17 0 0 0 0 0
18 0 0 0 0 0
19 0 0 0 0 0

OSS: Sending message to worker 1 PID 33377 at time 8:750000000
OSS: Receiving message from worker 1 PID 33377 at time 8:750000000
OSS PID:33375 SysClockS:8 SysClockNano:750000000
Process Table:
Entry Occupied PID StartS StartN MessagesSent
0 1 33376 1 0 31
1 1 33377 2 0 28
2 0 0 0 0 0
3 0 0 0 0 0
4 0 0 0 0 0
5 0 0 0 0 0
6 0 0 0 0 0
7 0 0 0 0 0
8 0 0 0 0 0
9 0 0 0 0 0
10 0 0 0 0 0
11 0 0 0 0 0
12 0 0 0 0 0
13 0 0 0 0 0
14 0 0 0 0 0
15 0 0 0 0 0
16 0 0 0 0 0
17 0 0 0 0 0
18 0 0 0 0 0
19 0 0 0 0 0

OSS: Sending message to worker 0 PID 33376 at time 8:875000000
OSS: Receiving message from worker 0 PID 33376 at time 8:875000000
OSS PID:33375 SysClockS:8 SysClockNano:875000000
Process Table:
Entry Occupied PID StartS StartN MessagesSent
0 1 33376 1 0 32
1 1 33377 2 0 28
2 0 0 0 0 0
3 0 0 0 0 0
4 0 0 0 0 0
5 0 0 0 0 0
6 0 0 0 0 0
7 0 0 0 0 0
8 0 0 0 0 0
9 0 0 0 0 0
10 0 0 0 0 0
11 0 0 0 0 0
12 0 0 0 0 0
13 0 0 0 0 0
14 0 0 0 0 0
15 0 0 0 0 0
16 0 0 0 0 0
17 0 0 0 0 0
18 0 0 0 0 0
19 0 0 0 0 0

OSS: Sending message to worker 1 PID 33377 at time 9:0
OSS: Receiving message from worker 1 PID 33377 at time 9:0
OSS PID:33375 SysClockS:9 SysClockNano:0
Process Table:
Entry Occupied PID StartS StartN MessagesSent
0 1 33376 1 0 32
1 1 33377 2 0 29
2 0 0 0 0 0
3 0 0 0 0 0
4 0 0 0 0 0
5 0 0 0 0 0
6 0 0 0 0 0
7 0 0 0 0 0
8 0 0 0 0 0
9 0 0 0 0 0
10 0 0 0 0 0
11 0 0 0 0 0
12 0 0 0 0 0
13 0 0 0 0 0
14 0 0 0 0 0
15 0 0 0 0 0
16 0 0 0 0 0
17 0 0 0 0 0
18 0 0 0 0 0
19 0 0 0 0 0

OSS: Sending message to worker 0 PID 33376 at time 9:125000000
OSS: Receiving message from worker 0 PID 33376 at time 9:125000000
OSS PID:33375 SysClockS:9 SysClockNano:125000000
Process Table:
Entry Occupied PID StartS StartN MessagesSent
0 1 33376 1 0 33
1 1 33377 2 0 29
2 0 0 0 0 0
3 0 0 0 0 0
4 0 0 0 0 0
5 0 0 0 0 0
6 0 0 0 0 0
7 0 0 0 0 0
8 0 0 0 0 0
9 0 0 0 0 0
10 0 0 0 0 0
11 0 0 0 0 0
12 0 0 0 0 0
13 0 0 0 0 0
14 0 0 0 0 0
15 0 0 0 0 0
16 0 0 0 0 0
17 0 0 0 0 0
18 0 0 0 0 0
19 0 0 0 0 0

OSS: Sending message to worker 1 PID 33377 at time 9:250000000
OSS: Receiving message from worker 1 PID 33377 at time 9:250000000
OSS PID:33375 SysClockS:9 SysClockNano:250000000
Process Table:
Entry Occupied PID StartS StartN MessagesSent
0 1 33376 1 0 33
1 1 33377 2 0 30
2 0 0 0 0 0
3 0 0 0 0 0
4 0 0 0 0 0
5 0 0 0 0 0
6 0 0 0 0 0
7 0 0 0 0 0
8 0 0 0 0 0
9 0 0 0 0 0
10 0 0 0 0 0
11 0 0 0 0 0
12 0 0 0 0 0
13 0 0 0 0 0
14 0 0 0 0 0
15 0 0 0 0 0
16 0 0 0 0 0
17 0 0 0 0 0
18 0 0 0 0 0
19 0 0 0 0 0

OSS: Sending message to worker 0 PID 33376 at time 9:375000000
OSS: Receiving message from worker 0 PID 33376 at time 9:375000000
OSS PID:33375 SysClockS:9 SysClockNano:375000000
Process Table:
Entry Occupied PID StartS StartN MessagesSent
0 1 33376 1 0 34
1 1 33377 2 0 30
2 0 0 0 0 0
3 0 0 0 0 0
4 0 0 0 0 0
5 0 0 0 0 0
6 0 0 0 0 0
7 0 0 0 0 0
8 0 0 0 0 0
9 0 0 0 0 0
10 0 0 0 0 0
11 0 0 0 0 0
12 0 0 0 0 0
13 0 0 0 0 0
14 0 0 0 0 0
15 0 0 0 0 0
16 0 0 0 0 0
17 0 0 0 0 0
18 0 0 0 0 0
19 0 0 0 0 0

OSS: Sending message to worker 1 PID 33377 at time 9:500000000
OSS: Receiving message from worker 1 PID 33377 at time 9:500000000
OSS PID:33375 SysClockS:9 SysClockNano:500000000
Process Table:
Entry Occupied PID StartS StartN MessagesSent
0 1 33376 1 0 34
1 1 33377 2 0 31
2 0 0 0 0 0
3 0 0 0 0 0
4 0 0 0 0 0
5 0 0 0 0 0
6 0 0 0 0 0
7 0 0 0 0 0
8 0 0 0 0 0
9 0 0 0 0 0
10 0 0 0 0 0
11 0 0 0 0 0
12 0 0 0 0 0
13 0 0 0 0 0
14 0 0 0 0 0
15 0 0 0 0 0
16 0 0 0 0 0
17 0 0 0 0 0
18 0 0 0 0 0
19 0 0 0 0 0

OSS: Sending message to worker 0 PID 33376 at time 9:625000000
OSS: Receiving message from worker 0 PID 33376 at time 9:625000000
OSS PID:33375 SysClockS:9 SysClockNano:625000000
Process Table:
Entry Occupied PID StartS StartN MessagesSent
0 1 33376 1 0 35
1 1 33377 2 0 31
2 0 0 0 0 0
3 0 0 0 0 0
4 0 0 0 0 0
5 0 0 0 0 0
6 0 0 0 0 0
7 0 0 0 0 0
8 0 0 0 0 0
9 0 0 0 0 0
10 0 0 0 0 0
11 0 0 0 0 0
12 0 0 0 0 0
13 0 0 0 0 0
14 0 0 0 0 0
15 0 0 0 0 0
16 0 0 0 0 0
17 0 0 0 0 0
18 0 0 0 0 0
19 0 0 0 0 0

OSS: Sending message to worker 1 PID 33377 at time 9:750000000
OSS: Receiving message from worker 1 PID 33377 at time 9:750000000
OSS PID:33375 SysClockS:9 SysClockNano:750000000
Process Table:
Entry Occupied PID StartS StartN MessagesSent
0 1 33376 1 0 35
1 1 33377 2 0 32
2 0 0 0 0 0
3 0 0 0 0 0
4 0 0 0 0 0
5 0 0 0 0 0
6 0 0 0 0 0
7 0 0 0 0 0
8 0 0 0 0 0
9 0 0 0 0 0
10 0 0 0 0 0
11 0 0 0 0 0
12 0 0 0 0 0
13 0 0 0 0 0
14 0 0 0 0 0
15 0 0 0 0 0
16 0 0 0 0 0
17 0 0 0 0 0
18 0 0 0 0 0
19 0 0 0 0 0

OSS: Sending message to worker 0 PID 33376 at time 9:875000000
OSS: Receiving message from worker 0 PID 33376 at time 9:875000000
OSS PID:33375 SysClockS:9 SysClockNano:875000000
Process Table:
Entry Occupied PID StartS StartN MessagesSent
0 1 33376 1 0 36
1 1 33377 2 0 32
2 0 0 0 0 0
3 0 0 0 0 0
4 0 0 0 0 0
5 0 0 0 0 0
6 0 0 0 0 0
7 0 0 0 0 0
8 0 0 0 0 0
9 0 0 0 0 0
10 0 0 0 0 0
11 0 0 0 0 0
12 0 0 0 0 0
13 0 0 0 0 0
14 0 0 0 0 0
15 0 0 0 0 0
16 0 0 0 0 0
17 0 0 0 0 0
18 0 0 0 0 0
19 0 0 0 0 0

OSS: Sending message to worker 1 PID 33377 at time 10:0
OSS: Receiving message from worker 1 PID 33377 at time 10:0
OSS PID:33375 SysClockS:10 SysClockNano:0
Process Table:
Entry Occupied PID StartS StartN MessagesSent
0 1 33376 1 0 36
1 1 33377 2 0 33
2 0 0 0 0 0
3 0 0 0 0 0
4 0 0 0 0 0
5 0 0 0 0 0
6 0 0 0 0 0
7 0 0 0 0 0
8 0 0 0 0 0
9 0 0 0 0 0
10 0 0 0 0 0
11 0 0 0 0 0
12 0 0 0 0 0
13 0 0 0 0 0
14 0 0 0 0 0
15 0 0 0 0 0
16 0 0 0 0 0
17 0 0 0 0 0
18 0 0 0 0 0
19 0 0 0 0 0

OSS: Sending message to worker 0 PID 33376 at time 10:125000000
OSS: Receiving message from worker 0 PID 33376 at time 10:125000000
OSS PID:33375 SysClockS:10 SysClockNano:125000000
Process Table:
Entry Occupied PID StartS StartN MessagesSent
0 1 33376 1 0 37
1 1 33377 2 0 33
2 0 0 0 0 0
3 0 0 0 0 0
4 0 0 0 0 0
5 0 0 0 0 0
6 0 0 0 0 0
7 0 0 0 0 0
8 0 0 0 0 0
9 0 0 0 0 0
10 0 0 0 0 0
11 0 0 0 0 0
12 0 0 0 0 0
13 0 0 0 0 0
14 0 0 0 0 0
15 0 0 0 0 0
16 0 0 0 0 0
17 0 0 0 0 0
18 0 0 0 0 0
19 0 0 0 0 0

OSS: Sending message to worker 1 PID 33377 at time 10:250000000
OSS: Receiving message from worker 1 PID 33377 at time 10:250000000
OSS PID:33375 SysClockS:10 SysClockNano:250000000
Process Table:
Entry Occupied PID StartS StartN MessagesSent
0 1 33376 1 0 37
1 1 33377 2 0 34
2 0 0 0 0 0
3 0 0 0 0 0
4 0 0 0 0 0
5 0 0 0 0 0
6 0 0 0 0 0
7 0 0 0 0 0
8 0 0 0 0 0
9 0 0 0 0 0
10 0 0 0 0 0
11 0 0 0 0 0
12 0 0 0 0 0
13 0 0 0 0 0
14 0 0 0 0 0
15 0 0 0 0 0
16 0 0 0 0 0
17 0 0 0 0 0
18 0 0 0 0 0
19 0 0 0 0 0

OSS: Sending message to worker 0 PID 33376 at time 10:375000000
OSS: Receiving message from worker 0 PID 33376 at time 10:375000000
OSS PID:33375 SysClockS:10 SysClockNano:375000000
Process Table:
Entry Occupied PID StartS StartN MessagesSent
0 1 33376 1 0 38
1 1 33377 2 0 34
2 0 0 0 0 0
3 0 0 0 0 0
4 0 0 0 0 0
5 0 0 0 0 0
6 0 0 0 0 0
7 0 0 0 0 0
8 0 0 0 0 0
9 0 0 0 0 0
10 0 0 0 0 0
11 0 0 0 0 0
12 0 0 0 0 0
13 0 0 0 0 0
14 0 0 0 0 0
15 0 0 0 0 0
16 0 0 0 0 0
17 0 0 0 0 0
18 0 0 0 0 0
19 0 0 0 0 0

OSS: Sending message to worker 1 PID 33377 at time 10:500000000
OSS: Receiving message from worker 1 PID 33377 at time 10:500000000
OSS PID:33375 SysClockS:10 SysClockNano:500000000
Process Table:
Entry Occupied PID StartS StartN MessagesSent
0 1 33376 1 0 38
1 1 33377 2 0 35
2 0 0 0 0 0
3 0 0 0 0 0
4 0 0 0 0 0
5 0 0 0 0 0
6 0 0 0 0 0
7 0 0 0 0 0
8 0 0 0 0 0
9 0 0 0 0 0
10 0 0 0 0 0
11 0 0 0 0 0
12 0 0 0 0 0
13 0 0 0 0 0
14 0 0 0 0 0
15 0 0 0 0 0
16 0 0 0 0 0
17 0 0 0 0 0
18 0 0 0 0 0
19 0 0 0 0 0

OSS: Sending message to worker 0 PID 33376 at time 10:625000000
OSS: Receiving message from worker 0 PID 33376 at time 10:625000000
OSS PID:33375 SysClockS:10 SysClockNano:625000000
Process Table:
Entry Occupied PID StartS StartN MessagesSent
0 1 33376 1 0 39
1 1 33377 2 0 35
2 0 0 0 0 0
3 0 0 0 0 0
4 0 0 0 0 0
5 0 0 0 0 0
6 0 0 0 0 0
7 0 0 0 0 0
8 0 0 0 0 0
9 0 0 0 0 0
10 0 0 0 0 0
11 0 0 0 0 0
12 0 0 0 0 0
13 0 0 0 0 0
14 0 0 0 0 0
15 0 0 0 0 0
16 0 0 0 0 0
17 0 0 0 0 0
18 0 0 0 0 0
19 0 0 0 0 0

OSS: Sending message to worker 1 PID 33377 at time 10:750000000
OSS: Receiving message from worker 1 PID 33377 at time 10:750000000
OSS PID:33375 SysClockS:10 SysClockNano:750000000
Process Table:
Entry Occupied PID StartS StartN MessagesSent
0 1 33376 1 0 39
1 1 33377 2 0 36
2 0 0 0 0 0
3 0 0 0 0 0
4 0 0 0 0 0
5 0 0 0 0 0
6 0 0 0 0 0
7 0 0 0 0 0
8 0 0 0 0 0
9 0 0 0 0 0
10 0 0 0 0 0
11 0 0 0 0 0
12 0 0 0 0 0
13 0 0 0 0 0
14 0 0 0 0 0
15 0 0 0 0 0
16 0 0 0 0 0
17 0 0 0 0 0
18 0 0 0 0 0
19 0 0 0 0 0

OSS: Sending message to worker 0 PID 33376 at time 10:875000000
OSS: Receiving message from worker 0 PID 33376 at time 10:875000000
OSS PID:33375 SysClockS:10 SysClockNano:875000000
Process Table:
Entry Occupied PID StartS StartN MessagesSent
0 1 33376 1 0 40
1 1 33377 2 0 36
2 0 0 0 0 0
3 0 0 0 0 0
4 0 0 0 0 0
5 0 0 0 0 0
6 0 0 0 0 0
7 0 0 0 0 0
8 0 0 0 0 0
9 0 0 0 0 0
10 0 0 0 0 0
11 0 0 0 0 0
12 0 0 0 0 0
13 0 0 0 0 0
14 0 0 0 0 0
15 0 0 0 0 0
16 0 0 0 0 0
17 0 0 0 0 0
18 0 0 0 0 0
19 0 0 0 0 0

OSS: Sending message to worker 1 PID 33377 at time 11:0
OSS: Receiving message from worker 1 PID 33377 at time 11:0
OSS PID:33375 SysClockS:11 SysClockNano:0
Process Table:
Entry Occupied PID StartS StartN MessagesSent
0 1 33376 1 0 40
1 1 33377 2 0 37
2 0 0 0 0 0
3 0 0 0 0 0
4 0 0 0 0 0
5 0 0 0 0 0
6 0 0 0 0 0
7 0 0 0 0 0
8 0 0 0 0 0
9 0 0 0 0 0
10 0 0 0 0 0
11 0 0 0 0 0
12 0 0 0 0 0
13 0 0 0 0 0
14 0 0 0 0 0
15 0 0 0 0 0
16 0 0 0 0 0
17 0 0 0 0 0
18 0 0 0 0 0
19 0 0 0 0 0

OSS: Sending message to worker 0 PID 33376 at time 11:125000000
OSS: Receiving message from worker 0 PID 33376 at time 11:125000000
OSS PID:33375 SysClockS:11 SysClockNano:125000000
Process Table:
Entry Occupied PID StartS StartN MessagesSent
0 1 33376 1 0 41
1 1 33377 2 0 37
2 0 0 0 0 0
3 0 0 0 0 0
4 0 0 0 0 0
5 0 0 0 0 0
6 0 0 0 0 0
7 0 0 0 0 0
8 0 0 0 0 0
9 0 0 0 0 0
10 0 0 0 0 0
11 0 0 0 0 0
12 0 0 0 0 0
13 0 0 0 0 0
14 0 0 0 0 0
15 0 0 0 0 0
16 0 0 0 0 0
17 0 0 0 0 0
18 0 0 0 0 0
19 0 0 0 0 0

OSS: Sending message to worker 1 PID 33377 at time 11:250000000
OSS: Receiving message from worker 1 PID 33377 at time 11:250000000
OSS PID:33375 SysClockS:11 SysClockNano:250000000
Process Table:
Entry Occupied PID StartS StartN MessagesSent
0 1 33376 1 0 41
1 1 33377 2 0 38
2 0 0 0 0 0
3 0 0 0 0 0
4 0 0 0 0 0
5 0 0 0 0 0
6 0 0 0 0 0
7 0 0 0 0 0
8 0 0 0 0 0
9 0 0 0 0 0
10 0 0 0 0 0
11 0 0 0 0 0
12 0 0 0 0 0
13 0 0 0 0 0
14 0 0 0 0 0
15 0 0 0 0 0
16 0 0 0 0 0
17 0 0 0 0 0
18 0 0 0 0 0
19 0 0 0 0 0

OSS: Sending message to worker 0 PID 33376 at time 11:375000000
OSS: Receiving message from worker 0 PID 33376 at time 11:375000000
OSS PID:33375 SysClockS:11 SysClockNano:375000000
Process Table:
Entry Occupied PID StartS StartN MessagesSent
0 1 33376 1 0 42
1 1 33377 2 0 38
2 0 0 0 0 0
3 0 0 0 0 0
4 0 0 0 0 0
5 0 0 0 0 0
6 0 0 0 0 0
7 0 0 0 0 0
8 0 0 0 0 0
9 0 0 0 0 0
10 0 0 0 0 0
11 0 0 0 0 0
12 0 0 0 0 0
13 0 0 0 0 0
14 0 0 0 0 0
15 0 0 0 0 0
16 0 0 0 0 0
17 0 0 0 0 0
18 0 0 0 0 0
19 0 0 0 0 0

OSS: Sending message to worker 1 PID 33377 at time 11:500000000
OSS: Receiving message from worker 1 PID 33377 at time 11:500000000
OSS PID:33375 SysClockS:11 SysClockNano:500000000
Process Table:
Entry Occupied PID StartS StartN MessagesSent
0 1 33376 1 0 42
1 1 33377 2 0 39
2 0 0 0 0 0
3 0 0 0 0 0
4 0 0 0 0 0
5 0 0 0 0 0
6 0 0 0 0 0
7 0 0 0 0 0
8 0 0 0 0 0
9 0 0 0 0 0
10 0 0 0 0 0
11 0 0 0 0 0
12 0 0 0 0 0
13 0 0 0 0 0
14 0 0 0 0 0
15 0 0 0 0 0
16 0 0 0 0 0
17 0 0 0 0 0
18 0 0 0 0 0
19 0 0 0 0 0

OSS: Sending message to worker 0 PID 33376 at time 11:625000000
OSS: Receiving message from worker 0 PID 33376 at time 11:625000000
OSS PID:33375 SysClockS:11 SysClockNano:625000000
Process Table:
Entry Occupied PID StartS StartN MessagesSent
0 1 33376 1 0 43
1 1 33377 2 0 39
2 0 0 0 0 0
3 0 0 0 0 0
4 0 0 0 0 0
5 0 0 0 0 0
6 0 0 0 0 0
7 0 0 0 0 0
8 0 0 0 0 0
9 0 0 0 0 0
10 0 0 0 0 0
11 0 0 0 0 0
12 0 0 0 0 0
13 0 0 0 0 0
14 0 0 0 0 0
15 0 0 0 0 0
16 0 0 0 0 0
17 0 0 0 0 0
18 0 0 0 0 0
19 0 0 0 0 0

OSS: Sending message to worker 1 PID 33377 at time 11:750000000
OSS: Receiving message from worker 1 PID 33377 at time 11:750000000
OSS PID:33375 SysClockS:11 SysClockNano:750000000
Process Table:
Entry Occupied PID StartS StartN MessagesSent
0 1 33376 1 0 43
1 1 33377 2 0 40
2 0 0 0 0 0
3 0 0 0 0 0
4 0 0 0 0 0
5 0 0 0 0 0
6 0 0 0 0 0
7 0 0 0 0 0
8 0 0 0 0 0
9 0 0 0 0 0
10 0 0 0 0 0
11 0 0 0 0 0
12 0 0 0 0 0
13 0 0 0 0 0
14 0 0 0 0 0
15 0 0 0 0 0
16 0 0 0 0 0
17 0 0 0 0 0
18 0 0 0 0 0
19 0 0 0 0 0

OSS: Sending message to worker 0 PID 33376 at time 11:875000000
OSS: Receiving message from worker 0 PID 33376 at time 11:875000000
OSS PID:33375 SysClockS:11 SysClockNano:875000000
Process Table:
Entry Occupied PID StartS StartN MessagesSent
0 1 33376 1 0 44
1 1 33377 2 0 40
2 0 0 0 0 0
3 0 0 0 0 0
4 0 0 0 0 0
5 0 0 0 0 0
6 0 0 0 0 0
7 0 0 0 0 0
8 0 0 0 0 0
9 0 0 0 0 0
10 0 0 0 0 0
11 0 0 0 0 0
12 0 0 0 0 0
13 0 0 0 0 0
14 0 0 0 0 0
15 0 0 0 0 0
16 0 0 0 0 0
17 0 0 0 0 0
18 0 0 0 0 0
19 0 0 0 0 0

OSS: Sending message to worker 1 PID 33377 at time 12:0
OSS: Receiving message from worker 1 PID 33377 at time 12:0
OSS PID:33375 SysClockS:12 SysClockNano:0
Process Table:
Entry Occupied PID StartS StartN MessagesSent
0 1 33376 1 0 44
1 1 33377 2 0 41
2 0 0 0 0 0
3 0 0 0 0 0
4 0 0 0 0 0
5 0 0 0 0 0
6 0 0 0 0 0
7 0 0 0 0 0
8 0 0 0 0 0
9 0 0 0 0 0
10 0 0 0 0 0
11 0 0 0 0 0
12 0 0 0 0 0
13 0 0 0 0 0
14 0 0 0 0 0
15 0 0 0 0 0
16 0 0 0 0 0
17 0 0 0 0 0
18 0 0 0 0 0
19 0 0 0 0 0

OSS: Sending message to worker 0 PID 33376 at time 12:125000000
OSS: Receiving message from worker 0 PID 33376 at time 12:125000000
OSS PID:33375 SysClockS:12 SysClockNano:125000000
Process Table:
Entry Occupied PID StartS StartN MessagesSent
0 1 33376 1 0 45
1 1 33377 2 0 41
2 0 0 0 0 0
3 0 0 0 0 0
4 0 0 0 0 0
5 0 0 0 0 0
6 0 0 0 0 0
7 0 0 0 0 0
8 0 0 0 0 0
9 0 0 0 0 0
10 0 0 0 0 0
11 0 0 0 0 0
12 0 0 0 0 0
13 0 0 0 0 0
14 0 0 0 0 0
15 0 0 0 0 0
16 0 0 0 0 0
17 0 0 0 0 0
18 0 0 0 0 0
19 0 0 0 0 0

OSS: Sending message to worker 1 PID 33377 at time 12:250000000
OSS: Receiving message from worker 1 PID 33377 at time 12:250000000
OSS PID:33375 SysClockS:12 SysClockNano:250000000
Process Table:
Entry Occupied PID StartS StartN MessagesSent
0 1 33376 1 0 45
1 1 33377 2 0 42
2 0 0 0 0 0
3 0 0 0 0 0
4 0 0 0 0 0
5 0 0 0 0 0
6 0 0 0 0 0
7 0 0 0 0 0
8 0 0 0 0 0
9 0 0 0 0 0
10 0 0 0 0 0
11 0 0 0 0 0
12 0 0 0 0 0
13 0 0 0 0 0
14 0 0 0 0 0
15 0 0 0 0 0
16 0 0 0 0 0
17 0 0 0 0 0
18 0 0 0 0 0
19 0 0 0 0 0

OSS: Sending message to worker 0 PID 33376 at time 12:375000000
OSS: Receiving message from worker 0 PID 33376 at time 12:375000000
OSS PID:33375 SysClockS:12 SysClockNano:375000000
Process Table:
Entry Occupied PID StartS StartN MessagesSent
0 1 33376 1 0 46
1 1 33377 2 0 42
2 0 0 0 0 0
3 0 0 0 0 0
4 0 0 0 0 0
5 0 0 0 0 0
6 0 0 0 0 0
7 0 0 0 0 0
8 0 0 0 0 0
9 0 0 0 0 0
10 0 0 0 0 0
11 0 0 0 0 0
12 0 0 0 0 0
13 0 0 0 0 0
14 0 0 0 0 0
15 0 0 0 0 0
16 0 0 0 0 0
17 0 0 0 0 0
18 0 0 0 0 0
19 0 0 0 0 0

OSS: Sending message to worker 1 PID 33377 at time 12:500000000
OSS: Receiving message from worker 1 PID 33377 at time 12:500000000
OSS PID:33375 SysClockS:12 SysClockNano:500000000
Process Table:
Entry Occupied PID StartS StartN MessagesSent
0 1 33376 1 0 46
1 1 33377 2 0 43
2 0 0 0 0 0
3 0 0 0 0 0
4 0 0 0 0 0
5 0 0 0 0 0
6 0 0 0 0 0
7 0 0 0 0 0
8 0 0 0 0 0
9 0 0 0 0 0
10 0 0 0 0 0
11 0 0 0 0 0
12 0 0 0 0 0
13 0 0 0 0 0
14 0 0 0 0 0
15 0 0 0 0 0
16 0 0 0 0 0
17 0 0 0 0 0
18 0 0 0 0 0
19 0 0 0 0 0

OSS: Sending message to worker 0 PID 33376 at time 12:625000000
OSS: Receiving message from worker 0 PID 33376 at time 12:625000000
OSS PID:33375 SysClockS:12 SysClockNano:625000000
Process Table:
Entry Occupied PID StartS StartN MessagesSent
0 1 33376 1 0 47
1 1 33377 2 0 43
2 0 0 0 0 0
3 0 0 0 0 0
4 0 0 0 0 0
5 0 0 0 0 0
6 0 0 0 0 0
7 0 0 0 0 0
8 0 0 0 0 0
9 0 0 0 0 0
10 0 0 0 0 0
11 0 0 0 0 0
12 0 0 0 0 0
13 0 0 0 0 0
14 0 0 0 0 0
15 0 0 0 0 0
16 0 0 0 0 0
17 0 0 0 0 0
18 0 0 0 0 0
19 0 0 0 0 0

OSS: Sending message to worker 1 PID 33377 at time 12:750000000
OSS: Receiving message from worker 1 PID 33377 at time 12:750000000
OSS PID:33375 SysClockS:12 SysClockNano:750000000
Process Table:
Entry Occupied PID StartS StartN MessagesSent
0 1 33376 1 0 47
1 1 33377 2 0 44
2 0 0 0 0 0
3 0 0 0 0 0
4 0 0 0 0 0
5 0 0 0 0 0
6 0 0 0 0 0
7 0 0 0 0 0
8 0 0 0 0 0
9 0 0 0 0 0
10 0 0 0 0 0
11 0 0 0 0 0
12 0 0 0 0 0
13 0 0 0 0 0
14 0 0 0 0 0
15 0 0 0 0 0
16 0 0 0 0 0
17 0 0 0 0 0
18 0 0 0 0 0
19 0 0 0 0 0

OSS: Sending message to worker 0 PID 33376 at time 12:875000000
OSS: Receiving message from worker 0 PID 33376 at time 12:875000000
OSS PID:33375 SysClockS:12 SysClockNano:875000000
Process Table:
Entry Occupied PID StartS StartN MessagesSent
0 1 33376 1 0 48
1 1 33377 2 0 44
2 0 0 0 0 0
3 0 0 0 0 0
4 0 0 0 0 0
5 0 0 0 0 0
6 0 0 0 0 0
7 0 0 0 0 0
8 0 0 0 0 0
9 0 0 0 0 0
10 0 0 0 0 0
11 0 0 0 0 0
12 0 0 0 0 0
13 0 0 0 0 0
14 0 0 0 0 0
15 0 0 0 0 0
16 0 0 0 0 0
17 0 0 0 0 0
18 0 0 0 0 0
19 0 0 0 0 0

OSS: Sending message to worker 1 PID 33377 at time 13:0
OSS: Receiving message from worker 1 PID 33377 at time 13:0
OSS PID:33375 SysClockS:13 SysClockNano:0
Process Table:
Entry Occupied PID StartS StartN MessagesSent
0 1 33376 1 0 48
1 1 33377 2 0 45
2 0 0 0 0 0
3 0 0 0 0 0
4 0 0 0 0 0
5 0 0 0 0 0
6 0 0 0 0 0
7 0 0 0 0 0
8 0 0 0 0 0
9 0 0 0 0 0
10 0 0 0 0 0
11 0 0 0 0 0
12 0 0 0 0 0
13 0 0 0 0 0
14 0 0 0 0 0
15 0 0 0 0 0
16 0 0 0 0 0
17 0 0 0 0 0
18 0 0 0 0 0
19 0 0 0 0 0

OSS: Sending message to worker 0 PID 33376 at time 13:125000000
OSS: Receiving message from worker 0 PID 33376 at time 13:125000000
OSS PID:33375 SysClockS:13 SysClockNano:125000000
Process Table:
Entry Occupied PID StartS StartN MessagesSent
0 1 33376 1 0 49
1 1 33377 2 0 45
2 0 0 0 0 0
3 0 0 0 0 0
4 0 0 0 0 0
5 0 0 0 0 0
6 0 0 0 0 0
7 0 0 0 0 0
8 0 0 0 0 0
9 0 0 0 0 0
10 0 0 0 0 0
11 0 0 0 0 0
12 0 0 0 0 0
13 0 0 0 0 0
14 0 0 0 0 0
15 0 0 0 0 0
16 0 0 0 0 0
17 0 0 0 0 0
18 0 0 0 0 0
19 0 0 0 0 0

OSS: Sending message to worker 1 PID 33377 at time 13:250000000
OSS: Receiving message from worker 1 PID 33377 at time 13:250000000
OSS PID:33375 SysClockS:13 SysClockNano:250000000
Process Table:
Entry Occupied PID StartS StartN MessagesSent
0 1 33376 1 0 49
1 1 33377 2 0 46
2 0 0 0 0 0
3 0 0 0 0 0
4 0 0 0 0 0
5 0 0 0 0 0
6 0 0 0 0 0
7 0 0 0 0 0
8 0 0 0 0 0
9 0 0 0 0 0
10 0 0 0 0 0
11 0 0 0 0 0
12 0 0 0 0 0
13 0 0 0 0 0
14 0 0 0 0 0
15 0 0 0 0 0
16 0 0 0 0 0
17 0 0 0 0 0
18 0 0 0 0 0
19 0 0 0 0 0

OSS: Sending message to worker 0 PID 33376 at time 13:375000000
OSS: Receiving message from worker 0 PID 33376 at time 13:375000000
OSS PID:33375 SysClockS:13 SysClockNano:375000000
Process Table:
Entry Occupied PID StartS StartN MessagesSent
0 1 33376 1 0 50
1 1 33377 2 0 46
2 0 0 0 0 0
3 0 0 0 0 0
4 0 0 0 0 0
5 0 0 0 0 0
6 0 0 0 0 0
7 0 0 0 0 0
8 0 0 0 0 0
9 0 0 0 0 0
10 0 0 0 0 0
11 0 0 0 0 0
12 0 0 0 0 0
13 0 0 0 0 0
14 0 0 0 0 0
15 0 0 0 0 0
16 0 0 0 0 0
17 0 0 0 0 0
18 0 0 0 0 0
19 0 0 0 0 0

OSS: Sending message to worker 1 PID 33377 at time 13:500000000
OSS: Receiving message from worker 1 PID 33377 at time 13:500000000
OSS PID:33375 SysClockS:13 SysClockNano:500000000
Process Table:
Entry Occupied PID StartS StartN MessagesSent
0 1 33376 1 0 50
1 1 33377 2 0 47
2 0 0 0 0 0
3 0 0 0 0 0
4 0 0 0 0 0
5 0 0 0 0 0
6 0 0 0 0 0
7 0 0 0 0 0
8 0 0 0 0 0
9 0 0 0 0 0
10 0 0 0 0 0
11 0 0 0 0 0
12 0 0 0 0 0
13 0 0 0 0 0
14 0 0 0 0 0
15 0 0 0 0 0
16 0 0 0 0 0
17 0 0 0 0 0
18 0 0 0 0 0
19 0 0 0 0 0

OSS: Sending message to worker 0 PID 33376 at time 13:625000000
OSS: Receiving message from worker 0 PID 33376 at time 13:625000000
OSS PID:33375 SysClockS:13 SysClockNano:625000000
Process Table:
Entry Occupied PID StartS StartN MessagesSent
0 1 33376 1 0 51
1 1 33377 2 0 47
2 0 0 0 0 0
3 0 0 0 0 0
4 0 0 0 0 0
5 0 0 0 0 0
6 0 0 0 0 0
7 0 0 0 0 0
8 0 0 0 0 0
9 0 0 0 0 0
10 0 0 0 0 0
11 0 0 0 0 0
12 0 0 0 0 0
13 0 0 0 0 0
14 0 0 0 0 0
15 0 0 0 0 0
16 0 0 0 0 0
17 0 0 0 0 0
18 0 0 0 0 0
19 0 0 0 0 0

OSS: Sending message to worker 1 PID 33377 at time 13:750000000
OSS: Receiving message from worker 1 PID 33377 at time 13:750000000
OSS PID:33375 SysClockS:13 SysClockNano:750000000
Process Table:
Entry Occupied PID StartS StartN MessagesSent
0 1 33376 1 0 51
1 1 33377 2 0 48
2 0 0 0 0 0
3 0 0 0 0 0
4 0 0 0 0 0
5 0 0 0 0 0
6 0 0 0 0 0
7 0 0 0 0 0
8 0 0 0 0 0
9 0 0 0 0 0
10 0 0 0 0 0
11 0 0 0 0 0
12 0 0 0 0 0
13 0 0 0 0 0
14 0 0 0 0 0
15 0 0 0 0 0
16 0 0 0 0 0
17 0 0 0 0 0
18 0 0 0 0 0
19 0 0 0 0 0

OSS: Sending message to worker 0 PID 33376 at time 13:875000000
OSS: Receiving message from worker 0 PID 33376 at time 13:875000000
OSS PID:33375 SysClockS:13 SysClockNano:875000000
Process Table:
Entry Occupied PID StartS StartN MessagesSent
0 1 33376 1 0 52
1 1 33377 2 0 48
2 0 0 0 0 0
3 0 0 0 0 0
4 0 0 0 0 0
5 0 0 0 0 0
6 0 0 0 0 0
7 0 0 0 0 0
8 0 0 0 0 0
9 0 0 0 0 0
10 0 0 0 0 0
11 0 0 0 0 0
12 0 0 0 0 0
13 0 0 0 0 0
14 0 0 0 0 0
15 0 0 0 0 0
16 0 0 0 0 0
17 0 0 0 0 0
18 0 0 0 0 0
19 0 0 0 0 0

OSS: Sending message to worker 1 PID 33377 at time 14:0
OSS: Receiving message from worker 1 PID 33377 at time 14:0
OSS PID:33375 SysClockS:14 SysClockNano:0
Process Table:
Entry Occupied PID StartS StartN MessagesSent
0 1 33376 1 0 52
1 1 33377 2 0 49
2 0 0 0 0 0
3 0 0 0 0 0
4 0 0 0 0 0
5 0 0 0 0 0
6 0 0 0 0 0
7 0 0 0 0 0
8 0 0 0 0 0
9 0 0 0 0 0
10 0 0 0 0 0
11 0 0 0 0 0
12 0 0 0 0 0
13 0 0 0 0 0
14 0 0 0 0 0
15 0 0 0 0 0
16 0 0 0 0 0
17 0 0 0 0 0
18 0 0 0 0 0
19 0 0 0 0 0

OSS: Sending message to worker 0 PID 33376 at time 14:125000000
OSS: Receiving message from worker 0 PID 33376 at time 14:125000000
OSS PID:33375 SysClockS:14 SysClockNano:125000000
Process Table:
Entry Occupied PID StartS StartN MessagesSent
0 1 33376 1 0 53
1 1 33377 2 0 49
2 0 0 0 0 0
3 0 0 0 0 0
4 0 0 0 0 0
5 0 0 0 0 0
6 0 0 0 0 0
7 0 0 0 0 0
8 0 0 0 0 0
9 0 0 0 0 0
10 0 0 0 0 0
11 0 0 0 0 0
12 0 0 0 0 0
13 0 0 0 0 0
14 0 0 0 0 0
15 0 0 0 0 0
16 0 0 0 0 0
17 0 0 0 0 0
18 0 0 0 0 0
19 0 0 0 0 0

OSS: Sending message to worker 1 PID 33377 at time 14:250000000
OSS: Receiving message from worker 1 PID 33377 at time 14:250000000
OSS PID:33375 SysClockS:14 SysClockNano:250000000
Process Table:
Entry Occupied PID StartS StartN MessagesSent
0 1 33376 1 0 53
1 1 33377 2 0 50
2 0 0 0 0 0
3 0 0 0 0 0
4 0 0 0 0 0
5 0 0 0 0 0
6 0 0 0 0 0
7 0 0 0 0 0
8 0 0 0 0 0
9 0 0 0 0 0
10 0 0 0 0 0
11 0 0 0 0 0
12 0 0 0 0 0
13 0 0 0 0 0
14 0 0 0 0 0
15 0 0 0 0 0
16 0 0 0 0 0
17 0 0 0 0 0
18 0 0 0 0 0
19 0 0 0 0 0

OSS: Sending message to worker 0 PID 33376 at time 14:375000000
OSS: Receiving message from worker 0 PID 33376 at time 14:375000000
OSS PID:33375 SysClockS:14 SysClockNano:375000000
Process Table:
Entry Occupied PID StartS StartN MessagesSent
0 1 33376 1 0 54
1 1 33377 2 0 50
2 0 0 0 0 0
3 0 0 0 0 0
4 0 0 0 0 0
5 0 0 0 0 0
6 0 0 0 0 0
7 0 0 0 0 0
8 0 0 0 0 0
9 0 0 0 0 0
10 0 0 0 0 0
11 0 0 0 0 0
12 0 0 0 0 0
13 0 0 0 0 0
14 0 0 0 0 0
15 0 0 0 0 0
16 0 0 0 0 0
17 0 0 0 0 0
18 0 0 0 0 0
19 0 0 0 0 0

OSS: Sending message to worker 1 PID 33377 at time 14:500000000
OSS: Receiving message from worker 1 PID 33377 at time 14:500000000
OSS PID:33375 SysClockS:14 SysClockNano:500000000
Process Table:
Entry Occupied PID StartS StartN MessagesSent
0 1 33376 1 0 54
1 1 33377 2 0 51
2 0 0 0 0 0
3 0 0 0 0 0
4 0 0 0 0 0
5 0 0 0 0 0
6 0 0 0 0 0
7 0 0 0 0 0
8 0 0 0 0 0
9 0 0 0 0 0
10 0 0 0 0 0
11 0 0 0 0 0
12 0 0 0 0 0
13 0 0 0 0 0
14 0 0 0 0 0
15 0 0 0 0 0
16 0 0 0 0 0
17 0 0 0 0 0
18 0 0 0 0 0
19 0 0 0 0 0

OSS: Sending message to worker 0 PID 33376 at time 14:625000000
OSS: Receiving message from worker 0 PID 33376 at time 14:625000000
OSS PID:33375 SysClockS:14 SysClockNano:625000000
Process Table:
Entry Occupied PID StartS StartN MessagesSent
0 1 33376 1 0 55
1 1 33377 2 0 51
2 0 0 0 0 0
3 0 0 0 0 0
4 0 0 0 0 0
5 0 0 0 0 0
6 0 0 0 0 0
7 0 0 0 0 0
8 0 0 0 0 0
9 0 0 0 0 0
10 0 0 0 0 0
11 0 0 0 0 0
12 0 0 0 0 0
13 0 0 0 0 0
14 0 0 0 0 0
15 0 0 0 0 0
16 0 0 0 0 0
17 0 0 0 0 0
18 0 0 0 0 0
19 0 0 0 0 0

OSS: Sending message to worker 1 PID 33377 at time 14:750000000
OSS: Receiving message from worker 1 PID 33377 at time 14:750000000
OSS PID:33375 SysClockS:14 SysClockNano:750000000
Process Table:
Entry Occupied PID StartS StartN MessagesSent
0 1 33376 1 0 55
1 1 33377 2 0 52
2 0 0 0 0 0
3 0 0 0 0 0
4 0 0 0 0 0
5 0 0 0 0 0
6 0 0 0 0 0
7 0 0 0 0 0
8 0 0 0 0 0
9 0 0 0 0 0
10 0 0 0 0 0
11 0 0 0 0 0
12 0 0 0 0 0
13 0 0 0 0 0
14 0 0 0 0 0
15 0 0 0 0 0
16 0 0 0 0 0
17 0 0 0 0 0
18 0 0 0 0 0
19 0 0 0 0 0

OSS: Sending message to worker 0 PID 33376 at time 14:875000000
OSS: Receiving message from worker 0 PID 33376 at time 14:875000000
OSS PID:33375 SysClockS:14 SysClockNano:875000000
Process Table:
Entry Occupied PID StartS StartN MessagesSent
0 1 33376 1 0 56
1 1 33377 2 0 52
2 0 0 0 0 0
3 0 0 0 0 0
4 0 0 0 0 0
5 0 0 0 0 0
6 0 0 0 0 0
7 0 0 0 0 0
8 0 0 0 0 0
9 0 0 0 0 0
10 0 0 0 0 0
11 0 0 0 0 0
12 0 0 0 0 0
13 0 0 0 0 0
14 0 0 0 0 0
15 0 0 0 0 0
16 0 0 0 0 0
17 0 0 0 0 0
18 0 0 0 0 0
19 0 0 0 0 0

OSS: Sending message to worker 1 PID 33377 at time 15:0
OSS: Receiving message from worker 1 PID 33377 at time 15:0
OSS PID:33375 SysClockS:15 SysClockNano:0
Process Table:
Entry Occupied PID StartS StartN MessagesSent
0 1 33376 1 0 56
1 1 33377 2 0 53
2 0 0 0 0 0
3 0 0 0 0 0
4 0 0 0 0 0
5 0 0 0 0 0
6 0 0 0 0 0
7 0 0 0 0 0
8 0 0 0 0 0
9 0 0 0 0 0
10 0 0 0 0 0
11 0 0 0 0 0
12 0 0 0 0 0
13 0 0 0 0 0
14 0 0 0 0 0
15 0 0 0 0 0
16 0 0 0 0 0
17 0 0 0 0 0
18 0 0 0 0 0
19 0 0 0 0 0

OSS: Sending message to worker 0 PID 33376 at time 15:125000000
OSS: Receiving message from worker 0 PID 33376 at time 15:125000000
OSS PID:33375 SysClockS:15 SysClockNano:125000000
Process Table:
Entry Occupied PID StartS StartN MessagesSent
0 1 33376 1 0 57
1 1 33377 2 0 53
2 0 0 0 0 0
3 0 0 0 0 0
4 0 0 0 0 0
5 0 0 0 0 0
6 0 0 0 0 0
7 0 0 0 0 0
8 0 0 0 0 0
9 0 0 0 0 0
10 0 0 0 0 0
11 0 0 0 0 0
12 0 0 0 0 0
13 0 0 0 0 0
14 0 0 0 0 0
15 0 0 0 0 0
16 0 0 0 0 0
17 0 0 0 0 0
18 0 0 0 0 0
19 0 0 0 0 0

OSS: Sending message to worker 1 PID 33377 at time 15:250000000
OSS: Receiving message from worker 1 PID 33377 at time 15:250000000
OSS PID:33375 SysClockS:15 SysClockNano:250000000
Process Table:
Entry Occupied PID StartS StartN MessagesSent
0 1 33376 1 0 57
1 1 33377 2 0 54
2 0 0 0 0 0
3 0 0 0 0 0
4 0 0 0 0 0
5 0 0 0 0 0
6 0 0 0 0 0
7 0 0 0 0 0
8 0 0 0 0 0
9 0 0 0 0 0
10 0 0 0 0 0
11 0 0 0 0 0
12 0 0 0 0 0
13 0 0 0 0 0
14 0 0 0 0 0
15 0 0 0 0 0
16 0 0 0 0 0
17 0 0 0 0 0
18 0 0 0 0 0
19 0 0 0 0 0

OSS: Sending message to worker 0 PID 33376 at time 15:375000000
OSS: Receiving message from worker 0 PID 33376 at time 15:375000000
OSS PID:33375 SysClockS:15 SysClockNano:375000000
Process Table:
Entry Occupied PID StartS StartN MessagesSent
0 1 33376 1 0 58
1 1 33377 2 0 54
2 0 0 0 0 0
3 0 0 0 0 0
4 0 0 0 0 0
5 0 0 0 0 0
6 0 0 0 0 0
7 0 0 0 0 0
8 0 0 0 0 0
9 0 0 0 0 0
10 0 0 0 0 0
11 0 0 0 0 0
12 0 0 0 0 0
13 0 0 0 0 0
14 0 0 0 0 0
15 0 0 0 0 0
16 0 0 0 0 0
17 0 0 0 0 0
18 0 0 0 0 0
19 0 0 0 0 0

OSS: Sending message to worker 1 PID 33377 at time 15:500000000
OSS: Receiving message from worker 1 PID 33377 at time 15:500000000
OSS PID:33375 SysClockS:15 SysClockNano:500000000
Process Table:
Entry Occupied PID StartS StartN MessagesSent
0 1 33376 1 0 58
1 1 33377 2 0 55
2 0 0 0 0 0
3 0 0 0 0 0
4 0 0 0 0 0
5 0 0 0 0 0
6 0 0 0 0 0
7 0 0 0 0 0
8 0 0 0 0 0
9 0 0 0 0 0
10 0 0 0 0 0
11 0 0 0 0 0
12 0 0 0 0 0
13 0 0 0 0 0
14 0 0 0 0 0
15 0 0 0 0 0
16 0 0 0 0 0
17 0 0 0 0 0
18 0 0 0 0 0
19 0 0 0 0 0

OSS: Sending message to worker 0 PID 33376 at time 15:625000000
OSS: Receiving message from worker 0 PID 33376 at time 15:625000000
OSS PID:33375 SysClockS:15 SysClockNano:625000000
Process Table:
Entry Occupied PID StartS StartN MessagesSent
0 1 33376 1 0 59
1 1 33377 2 0 55
2 0 0 0 0 0
3 0 0 0 0 0
4 0 0 0 0 0
5 0 0 0 0 0
6 0 0 0 0 0
7 0 0 0 0 0
8 0 0 0 0 0
9 0 0 0 0 0
10 0 0 0 0 0
11 0 0 0 0 0
12 0 0 0 0 0
13 0 0 0 0 0
14 0 0 0 0 0
15 0 0 0 0 0
16 0 0 0 0 0
17 0 0 0 0 0
18 0 0 0 0 0
19 0 0 0 0 0

OSS: Sending message to worker 1 PID 33377 at time 15:750000000
OSS: Receiving message from worker 1 PID 33377 at time 15:750000000
OSS PID:33375 SysClockS:15 SysClockNano:750000000
Process Table:
Entry Occupied PID StartS StartN MessagesSent
0 1 33376 1 0 59
1 1 33377 2 0 56
2 0 0 0 0 0
3 0 0 0 0 0
4 0 0 0 0 0
5 0 0 0 0 0
6 0 0 0 0 0
7 0 0 0 0 0
8 0 0 0 0 0
9 0 0 0 0 0
10 0 0 0 0 0
11 0 0 0 0 0
12 0 0 0 0 0
13 0 0 0 0 0
14 0 0 0 0 0
15 0 0 0 0 0
16 0 0 0 0 0
17 0 0 0 0 0
18 0 0 0 0 0
19 0 0 0 0 0

OSS: Sending message to worker 0 PID 33376 at time 15:875000000
OSS: Receiving message from worker 0 PID 33376 at time 15:875000000
OSS PID:33375 SysClockS:15 SysClockNano:875000000
Process Table:
Entry Occupied PID StartS StartN MessagesSent
0 1 33376 1 0 60
1 1 33377 2 0 56
2 0 0 0 0 0
3 0 0 0 0 0
4 0 0 0 0 0
5 0 0 0 0 0
6 0 0 0 0 0
7 0 0 0 0 0
8 0 0 0 0 0
9 0 0 0 0 0
10 0 0 0 0 0
11 0 0 0 0 0
12 0 0 0 0 0
13 0 0 0 0 0
14 0 0 0 0 0
15 0 0 0 0 0
16 0 0 0 0 0
17 0 0 0 0 0
18 0 0 0 0 0
19 0 0 0 0 0

OSS: Sending message to worker 1 PID 33377 at time 16:0
OSS: Receiving message from worker 1 PID 33377 at time 16:0
OSS PID:33375 SysClockS:16 SysClockNano:0
Process Table:
Entry Occupied PID StartS StartN MessagesSent
0 1 33376 1 0 60
1 1 33377 2 0 57
2 0 0 0 0 0
3 0 0 0 0 0
4 0 0 0 0 0
5 0 0 0 0 0
6 0 0 0 0 0
7 0 0 0 0 0
8 0 0 0 0 0
9 0 0 0 0 0
10 0 0 0 0 0
11 0 0 0 0 0
12 0 0 0 0 0
13 0 0 0 0 0
14 0 0 0 0 0
15 0 0 0 0 0
16 0 0 0 0 0
17 0 0 0 0 0
18 0 0 0 0 0
19 0 0 0 0 0

OSS: Sending message to worker 0 PID 33376 at time 16:125000000
OSS: Receiving message from worker 0 PID 33376 at time 16:125000000
OSS PID:33375 SysClockS:16 SysClockNano:125000000
Process Table:
Entry Occupied PID StartS StartN MessagesSent
0 1 33376 1 0 61
1 1 33377 2 0 57
2 0 0 0 0 0
3 0 0 0 0 0
4 0 0 0 0 0
5 0 0 0 0 0
6 0 0 0 0 0
7 0 0 0 0 0
8 0 0 0 0 0
9 0 0 0 0 0
10 0 0 0 0 0
11 0 0 0 0 0
12 0 0 0 0 0
13 0 0 0 0 0
14 0 0 0 0 0
15 0 0 0 0 0
16 0 0 0 0 0
17 0 0 0 0 0
18 0 0 0 0 0
19 0 0 0 0 0

OSS: Sending message to worker 1 PID 33377 at time 16:250000000
OSS: Receiving message from worker 1 PID 33377 at time 16:250000000
OSS PID:33375 SysClockS:16 SysClockNano:250000000
Process Table:
Entry Occupied PID StartS StartN MessagesSent
0 1 33376 1 0 61
1 1 33377 2 0 58
2 0 0 0 0 0
3 0 0 0 0 0
4 0 0 0 0 0
5 0 0 0 0 0
6 0 0 0 0 0
7 0 0 0 0 0
8 0 0 0 0 0
9 0 0 0 0 0
10 0 0 0 0 0
11 0 0 0 0 0
12 0 0 0 0 0
13 0 0 0 0 0
14 0 0 0 0 0
15 0 0 0 0 0
16 0 0 0 0 0
17 0 0 0 0 0
18 0 0 0 0 0
19 0 0 0 0 0

OSS: Sending message to worker 0 PID 33376 at time 16:375000000
OSS: Receiving message from worker 0 PID 33376 at time 16:375000000
OSS PID:33375 SysClockS:16 SysClockNano:375000000
Process Table:
Entry Occupied PID StartS StartN MessagesSent
0 1 33376 1 0 62
1 1 33377 2 0 58
2 0 0 0 0 0
3 0 0 0 0 0
4 0 0 0 0 0
5 0 0 0 0 0
6 0 0 0 0 0
7 0 0 0 0 0
8 0 0 0 0 0
9 0 0 0 0 0
10 0 0 0 0 0
11 0 0 0 0 0
12 0 0 0 0 0
13 0 0 0 0 0
14 0 0 0 0 0
15 0 0 0 0 0
16 0 0 0 0 0
17 0 0 0 0 0
18 0 0 0 0 0
19 0 0 0 0 0

OSS: Sending message to worker 1 PID 33377 at time 16:500000000
OSS: Receiving message from worker 1 PID 33377 at time 16:500000000
OSS PID:33375 SysClockS:16 SysClockNano:500000000
Process Table:
Entry Occupied PID StartS StartN MessagesSent
0 1 33376 1 0 62
1 1 33377 2 0 59
2 0 0 0 0 0
3 0 0 0 0 0
4 0 0 0 0 0
5 0 0 0 0 0
6 0 0 0 0 0
7 0 0 0 0 0
8 0 0 0 0 0
9 0 0 0 0 0
10 0 0 0 0 0
11 0 0 0 0 0
12 0 0 0 0 0
13 0 0 0 0 0
14 0 0 0 0 0
15 0 0 0 0 0
16 0 0 0 0 0
17 0 0 0 0 0
18 0 0 0 0 0
19 0 0 0 0 0

OSS: Sending message to worker 0 PID 33376 at time 16:625000000
OSS: Receiving message from worker 0 PID 33376 at time 16:625000000
OSS PID:33375 SysClockS:16 SysClockNano:625000000
Process Table:
Entry Occupied PID StartS StartN MessagesSent
0 1 33376 1 0 63
1 1 33377 2 0 59
2 0 0 0 0 0
3 0 0 0 0 0
4 0 0 0 0 0
5 0 0 0 0 0
6 0 0 0 0 0
7 0 0 0 0 0
8 0 0 0 0 0
9 0 0 0 0 0
10 0 0 0 0 0
11 0 0 0 0 0
12 0 0 0 0 0
13 0 0 0 0 0
14 0 0 0 0 0
15 0 0 0 0 0
16 0 0 0 0 0
17 0 0 0 0 0
18 0 0 0 0 0
19 0 0 0 0 0

OSS: Sending message to worker 1 PID 33377 at time 16:750000000
OSS: Receiving message from worker 1 PID 33377 at time 16:750000000
OSS PID:33375 SysClockS:16 SysClockNano:750000000
Process Table:
Entry Occupied PID StartS StartN MessagesSent
0 1 33376 1 0 63
1 1 33377 2 0 60
2 0 0 0 0 0
3 0 0 0 0 0
4 0 0 0 0 0
5 0 0 0 0 0
6 0 0 0 0 0
7 0 0 0 0 0
8 0 0 0 0 0
9 0 0 0 0 0
10 0 0 0 0 0
11 0 0 0 0 0
12 0 0 0 0 0
13 0 0 0 0 0
14 0 0 0 0 0
15 0 0 0 0 0
16 0 0 0 0 0
17 0 0 0 0 0
18 0 0 0 0 0
19 0 0 0 0 0

OSS: Sending message to worker 0 PID 33376 at time 16:875000000
OSS: Receiving message from worker 0 PID 33376 at time 16:875000000
OSS PID:33375 SysClockS:16 SysClockNano:875000000
Process Table:
Entry Occupied PID StartS StartN MessagesSent
0 1 33376 1 0 64
1 1 33377 2 0 60
2 0 0 0 0 0
3 0 0 0 0 0
4 0 0 0 0 0
5 0 0 0 0 0
6 0 0 0 0 0
7 0 0 0 0 0
8 0 0 0 0 0
9 0 0 0 0 0
10 0 0 0 0 0
11 0 0 0 0 0
12 0 0 0 0 0
13 0 0 0 0 0
14 0 0 0 0 0
15 0 0 0 0 0
16 0 0 0 0 0
17 0 0 0 0 0
18 0 0 0 0 0
19 0 0 0 0 0

OSS: Sending message to worker 1 PID 33377 at time 17:0
OSS: Receiving message from worker 1 PID 33377 at time 17:0
OSS PID:33375 SysClockS:17 SysClockNano:0
Process Table:
Entry Occupied PID StartS StartN MessagesSent
0 1 33376 1 0 64
1 1 33377 2 0 61
2 0 0 0 0 0
3 0 0 0 0 0
4 0 0 0 0 0
5 0 0 0 0 0
6 0 0 0 0 0
7 0 0 0 0 0
8 0 0 0 0 0
9 0 0 0 0 0
10 0 0 0 0 0
11 0 0 0 0 0
12 0 0 0 0 0
13 0 0 0 0 0
14 0 0 0 0 0
15 0 0 0 0 0
16 0 0 0 0 0
17 0 0 0 0 0
18 0 0 0 0 0
19 0 0 0 0 0

OSS: Sending message to worker 0 PID 33376 at time 17:125000000
OSS: Receiving message from worker 0 PID 33376 at time 17:125000000
OSS PID:33375 SysClockS:17 SysClockNano:125000000
Process Table:
Entry Occupied PID StartS StartN MessagesSent
0 1 33376 1 0 65
1 1 33377 2 0 61
2 0 0 0 0 0
3 0 0 0 0 0
4 0 0 0 0 0
5 0 0 0 0 0
6 0 0 0 0 0
7 0 0 0 0 0
8 0 0 0 0 0
9 0 0 0 0 0
10 0 0 0 0 0
11 0 0 0 0 0
12 0 0 0 0 0
13 0 0 0 0 0
14 0 0 0 0 0
15 0 0 0 0 0
16 0 0 0 0 0
17 0 0 0 0 0
18 0 0 0 0 0
19 0 0 0 0 0

OSS: Sending message to worker 1 PID 33377 at time 17:250000000
OSS: Receiving message from worker 1 PID 33377 at time 17:250000000
OSS PID:33375 SysClockS:17 SysClockNano:250000000
Process Table:
Entry Occupied PID StartS StartN MessagesSent
0 1 33376 1 0 65
1 1 33377 2 0 62
2 0 0 0 0 0
3 0 0 0 0 0
4 0 0 0 0 0
5 0 0 0 0 0
6 0 0 0 0 0
7 0 0 0 0 0
8 0 0 0 0 0
9 0 0 0 0 0
10 0 0 0 0 0
11 0 0 0 0 0
12 0 0 0 0 0
13 0 0 0 0 0
14 0 0 0 0 0
15 0 0 0 0 0
16 0 0 0 0 0
17 0 0 0 0 0
18 0 0 0 0 0
19 0 0 0 0 0

OSS: Sending message to worker 0 PID 33376 at time 17:375000000
OSS: Receiving message from worker 0 PID 33376 at time 17:375000000
OSS PID:33375 SysClockS:17 SysClockNano:375000000
Process Table:
Entry Occupied PID StartS StartN MessagesSent
0 1 33376 1 0 66
1 1 33377 2 0 62
2 0 0 0 0 0
3 0 0 0 0 0
4 0 0 0 0 0
5 0 0 0 0 0
6 0 0 0 0 0
7 0 0 0 0 0
8 0 0 0 0 0
9 0 0 0 0 0
10 0 0 0 0 0
11 0 0 0 0 0
12 0 0 0 0 0
13 0 0 0 0 0
14 0 0 0 0 0
15 0 0 0 0 0
16 0 0 0 0 0
17 0 0 0 0 0
18 0 0 0 0 0
19 0 0 0 0 0

OSS: Sending message to worker 1 PID 33377 at time 17:500000000
OSS: Receiving message from worker 1 PID 33377 at time 17:500000000
OSS PID:33375 SysClockS:17 SysClockNano:500000000
Process Table:
Entry Occupied PID StartS StartN MessagesSent
0 1 33376 1 0 66
1 1 33377 2 0 63
2 0 0 0 0 0
3 0 0 0 0 0
4 0 0 0 0 0
5 0 0 0 0 0
6 0 0 0 0 0
7 0 0 0 0 0
8 0 0 0 0 0
9 0 0 0 0 0
10 0 0 0 0 0
11 0 0 0 0 0
12 0 0 0 0 0
13 0 0 0 0 0
14 0 0 0 0 0
15 0 0 0 0 0
16 0 0 0 0 0
17 0 0 0 0 0
18 0 0 0 0 0
19 0 0 0 0 0

OSS: Sending message to worker 0 PID 33376 at time 17:625000000
OSS: Receiving message from worker 0 PID 33376 at time 17:625000000
OSS PID:33375 SysClockS:17 SysClockNano:625000000
Process Table:
Entry Occupied PID StartS StartN MessagesSent
0 1 33376 1 0 67
1 1 33377 2 0 63
2 0 0 0 0 0
3 0 0 0 0 0
4 0 0 0 0 0
5 0 0 0 0 0
6 0 0 0 0 0
7 0 0 0 0 0
8 0 0 0 0 0
9 0 0 0 0 0
10 0 0 0 0 0
11 0 0 0 0 0
12 0 0 0 0 0
13 0 0 0 0 0
14 0 0 0 0 0
15 0 0 0 0 0
16 0 0 0 0 0
17 0 0 0 0 0
18 0 0 0 0 0
19 0 0 0 0 0

OSS: Sending message to worker 1 PID 33377 at time 17:750000000
OSS: Receiving message from worker 1 PID 33377 at time 17:750000000
OSS PID:33375 SysClockS:17 SysClockNano:750000000
Process Table:
Entry Occupied PID StartS StartN MessagesSent
0 1 33376 1 0 67
1 1 33377 2 0 64
2 0 0 0 0 0
3 0 0 0 0 0
4 0 0 0 0 0
5 0 0 0 0 0
6 0 0 0 0 0
7 0 0 0 0 0
8 0 0 0 0 0
9 0 0 0 0 0
10 0 0 0 0 0
11 0 0 0 0 0
12 0 0 0 0 0
13 0 0 0 0 0
14 0 0 0 0 0
15 0 0 0 0 0
16 0 0 0 0 0
17 0 0 0 0 0
18 0 0 0 0 0
19 0 0 0 0 0

OSS: Sending message to worker 0 PID 33376 at time 17:875000000
OSS: Receiving message from worker 0 PID 33376 at time 17:875000000
OSS PID:33375 SysClockS:17 SysClockNano:875000000
Process Table:
Entry Occupied PID StartS StartN MessagesSent
0 1 33376 1 0 68
1 1 33377 2 0 64
2 0 0 0 0 0
3 0 0 0 0 0
4 0 0 0 0 0
5 0 0 0 0 0
6 0 0 0 0 0
7 0 0 0 0 0
8 0 0 0 0 0
9 0 0 0 0 0
10 0 0 0 0 0
11 0 0 0 0 0
12 0 0 0 0 0
13 0 0 0 0 0
14 0 0 0 0 0
15 0 0 0 0 0
16 0 0 0 0 0
17 0 0 0 0 0
18 0 0 0 0 0
19 0 0 0 0 0

OSS: Sending message to worker 1 PID 33377 at time 18:0
OSS: Receiving message from worker 1 PID 33377 at time 18:0
OSS PID:33375 SysClockS:18 SysClockNano:0
Process Table:
Entry Occupied PID StartS StartN MessagesSent
0 1 33376 1 0 68
1 1 33377 2 0 65
2 0 0 0 0 0
3 0 0 0 0 0
4 0 0 0 0 0
5 0 0 0 0 0
6 0 0 0 0 0
7 0 0 0 0 0
8 0 0 0 0 0
9 0 0 0 0 0
10 0 0 0 0 0
11 0 0 0 0 0
12 0 0 0 0 0
13 0 0 0 0 0
14 0 0 0 0 0
15 0 0 0 0 0
16 0 0 0 0 0
17 0 0 0 0 0
18 0 0 0 0 0
19 0 0 0 0 0

OSS: Sending message to worker 0 PID 33376 at time 18:125000000
OSS: Receiving message from worker 0 PID 33376 at time 18:125000000
OSS PID:33375 SysClockS:18 SysClockNano:125000000
Process Table:
Entry Occupied PID StartS StartN MessagesSent
0 1 33376 1 0 69
1 1 33377 2 0 65
2 0 0 0 0 0
3 0 0 0 0 0
4 0 0 0 0 0
5 0 0 0 0 0
6 0 0 0 0 0
7 0 0 0 0 0
8 0 0 0 0 0
9 0 0 0 0 0
10 0 0 0 0 0
11 0 0 0 0 0
12 0 0 0 0 0
13 0 0 0 0 0
14 0 0 0 0 0
15 0 0 0 0 0
16 0 0 0 0 0
17 0 0 0 0 0
18 0 0 0 0 0
19 0 0 0 0 0

OSS: Sending message to worker 1 PID 33377 at time 18:250000000
OSS: Receiving message from worker 1 PID 33377 at time 18:250000000
OSS PID:33375 SysClockS:18 SysClockNano:250000000
Process Table:
Entry Occupied PID StartS StartN MessagesSent
0 1 33376 1 0 69
1 1 33377 2 0 66
2 0 0 0 0 0
3 0 0 0 0 0
4 0 0 0 0 0
5 0 0 0 0 0
6 0 0 0 0 0
7 0 0 0 0 0
8 0 0 0 0 0
9 0 0 0 0 0
10 0 0 0 0 0
11 0 0 0 0 0
12 0 0 0 0 0
13 0 0 0 0 0
14 0 0 0 0 0
15 0 0 0 0 0
16 0 0 0 0 0
17 0 0 0 0 0
18 0 0 0 0 0
19 0 0 0 0 0

OSS: Sending message to worker 0 PID 33376 at time 18:375000000
OSS: Receiving message from worker 0 PID 33376 at time 18:375000000
OSS PID:33375 SysClockS:18 SysClockNano:375000000
Process Table:
Entry Occupied PID StartS StartN MessagesSent
0 1 33376 1 0 70
1 1 33377 2 0 66
2 0 0 0 0 0
3 0 0 0 0 0
4 0 0 0 0 0
5 0 0 0 0 0
6 0 0 0 0 0
7 0 0 0 0 0
8 0 0 0 0 0
9 0 0 0 0 0
10 0 0 0 0 0
11 0 0 0 0 0
12 0 0 0 0 0
13 0 0 0 0 0
14 0 0 0 0 0
15 0 0 0 0 0
16 0 0 0 0 0
17 0 0 0 0 0
18 0 0 0 0 0
19 0 0 0 0 0

OSS: Sending message to worker 1 PID 33377 at time 18:500000000
OSS: Receiving message from worker 1 PID 33377 at time 18:500000000
OSS PID:33375 SysClockS:18 SysClockNano:500000000
Process Table:
Entry Occupied PID StartS StartN MessagesSent
0 1 33376 1 0 70
1 1 33377 2 0 67
2 0 0 0 0 0
3 0 0 0 0 0
4 0 0 0 0 0
5 0 0 0 0 0
6 0 0 0 0 0
7 0 0 0 0 0
8 0 0 0 0 0
9 0 0 0 0 0
10 0 0 0 0 0
11 0 0 0 0 0
12 0 0 0 0 0
13 0 0 0 0 0
14 0 0 0 0 0
15 0 0 0 0 0
16 0 0 0 0 0
17 0 0 0 0 0
18 0 0 0 0 0
19 0 0 0 0 0

OSS: Sending message to worker 0 PID 33376 at time 18:625000000
OSS: Receiving message from worker 0 PID 33376 at time 18:625000000
OSS PID:33375 SysClockS:18 SysClockNano:625000000
Process Table:
Entry Occupied PID StartS StartN MessagesSent
0 1 33376 1 0 71
1 1 33377 2 0 67
2 0 0 0 0 0
3 0 0 0 0 0
4 0 0 0 0 0
5 0 0 0 0 0
6 0 0 0 0 0
7 0 0 0 0 0
8 0 0 0 0 0
9 0 0 0 0 0
10 0 0 0 0 0
11 0 0 0 0 0
12 0 0 0 0 0
13 0 0 0 0 0
14 0 0 0 0 0
15 0 0 0 0 0
16 0 0 0 0 0
17 0 0 0 0 0
18 0 0 0 0 0
19 0 0 0 0 0

OSS: Sending message to worker 1 PID 33377 at time 18:750000000
OSS: Receiving message from worker 1 PID 33377 at time 18:750000000
OSS PID:33375 SysClockS:18 SysClockNano:750000000
Process Table:
Entry Occupied PID StartS StartN MessagesSent
0 1 33376 1 0 71
1 1 33377 2 0 68
2 0 0 0 0 0
3 0 0 0 0 0
4 0 0 0 0 0
5 0 0 0 0 0
6 0 0 0 0 0
7 0 0 0 0 0
8 0 0 0 0 0
9 0 0 0 0 0
10 0 0 0 0 0
11 0 0 0 0 0
12 0 0 0 0 0
13 0 0 0 0 0
14 0 0 0 0 0
15 0 0 0 0 0
16 0 0 0 0 0
17 0 0 0 0 0
18 0 0 0 0 0
19 0 0 0 0 0

OSS: Sending message to worker 0 PID 33376 at time 18:875000000
OSS: Receiving message from worker 0 PID 33376 at time 18:875000000
OSS PID:33375 SysClockS:18 SysClockNano:875000000
Process Table:
Entry Occupied PID StartS StartN MessagesSent
0 1 33376 1 0 72
1 1 33377 2 0 68
2 0 0 0 0 0
3 0 0 0 0 0
4 0 0 0 0 0
5 0 0 0 0 0
6 0 0 0 0 0
7 0 0 0 0 0
8 0 0 0 0 0
9 0 0 0 0 0
10 0 0 0 0 0
11 0 0 0 0 0
12 0 0 0 0 0
13 0 0 0 0 0
14 0 0 0 0 0
15 0 0 0 0 0
16 0 0 0 0 0
17 0 0 0 0 0
18 0 0 0 0 0
19 0 0 0 0 0

OSS: Sending message to worker 1 PID 33377 at time 19:0
OSS: Receiving message from worker 1 PID 33377 at time 19:0
OSS PID:33375 SysClockS:19 SysClockNano:0
Process Table:
Entry Occupied PID StartS StartN MessagesSent
0 1 33376 1 0 72
1 1 33377 2 0 69
2 0 0 0 0 0
3 0 0 0 0 0
4 0 0 0 0 0
5 0 0 0 0 0
6 0 0 0 0 0
7 0 0 0 0 0
8 0 0 0 0 0
9 0 0 0 0 0
10 0 0 0 0 0
11 0 0 0 0 0
12 0 0 0 0 0
13 0 0 0 0 0
14 0 0 0 0 0
15 0 0 0 0 0
16 0 0 0 0 0
17 0 0 0 0 0
18 0 0 0 0 0
19 0 0 0 0 0

OSS: Sending message to worker 0 PID 33376 at time 19:125000000
OSS: Receiving message from worker 0 PID 33376 at time 19:125000000
OSS PID:33375 SysClockS:19 SysClockNano:125000000
Process Table:
Entry Occupied PID StartS StartN MessagesSent
0 1 33376 1 0 73
1 1 33377 2 0 69
2 0 0 0 0 0
3 0 0 0 0 0
4 0 0 0 0 0
5 0 0 0 0 0
6 0 0 0 0 0
7 0 0 0 0 0
8 0 0 0 0 0
9 0 0 0 0 0
10 0 0 0 0 0
11 0 0 0 0 0
12 0 0 0 0 0
13 0 0 0 0 0
14 0 0 0 0 0
15 0 0 0 0 0
16 0 0 0 0 0
17 0 0 0 0 0
18 0 0 0 0 0
19 0 0 0 0 0

OSS: Sending message to worker 1 PID 33377 at time 19:250000000
OSS: Receiving message from worker 1 PID 33377 at time 19:250000000
OSS PID:33375 SysClockS:19 SysClockNano:250000000
Process Table:
Entry Occupied PID StartS StartN MessagesSent
0 1 33376 1 0 73
1 1 33377 2 0 70
2 0 0 0 0 0
3 0 0 0 0 0
4 0 0 0 0 0
5 0 0 0 0 0
6 0 0 0 0 0
7 0 0 0 0 0
8 0 0 0 0 0
9 0 0 0 0 0
10 0 0 0 0 0
11 0 0 0 0 0
12 0 0 0 0 0
13 0 0 0 0 0
14 0 0 0 0 0
15 0 0 0 0 0
16 0 0 0 0 0
17 0 0 0 0 0
18 0 0 0 0 0
19 0 0 0 0 0

OSS: Sending message to worker 0 PID 33376 at time 19:375000000
OSS: Receiving message from worker 0 PID 33376 at time 19:375000000
OSS PID:33375 SysClockS:19 SysClockNano:375000000
Process Table:
Entry Occupied PID StartS StartN MessagesSent
0 1 33376 1 0 74
1 1 33377 2 0 70
2 0 0 0 0 0
3 0 0 0 0 0
4 0 0 0 0 0
5 0 0 0 0 0
6 0 0 0 0 0
7 0 0 0 0 0
8 0 0 0 0 0
9 0 0 0 0 0
10 0 0 0 0 0
11 0 0 0 0 0
12 0 0 0 0 0
13 0 0 0 0 0
14 0 0 0 0 0
15 0 0 0 0 0
16 0 0 0 0 0
17 0 0 0 0 0
18 0 0 0 0 0
19 0 0 0 0 0

OSS: Sending message to worker 1 PID 33377 at time 19:500000000
OSS: Receiving message from worker 1 PID 33377 at time 19:500000000
OSS PID:33375 SysClockS:19 SysClockNano:500000000
Process Table:
Entry Occupied PID StartS StartN MessagesSent
0 1 33376 1 0 74
1 1 33377 2 0 71
2 0 0 0 0 0
3 0 0 0 0 0
4 0 0 0 0 0
5 0 0 0 0 0
6 0 0 0 0 0
7 0 0 0 0 0
8 0 0 0 0 0
9 0 0 0 0 0
10 0 0 0 0 0
11 0 0 0 0 0
12 0 0 0 0 0
13 0 0 0 0 0
14 0 0 0 0 0
15 0 0 0 0 0
16 0 0 0 0 0
17 0 0 0 0 0
18 0 0 0 0 0
19 0 0 0 0 0

OSS: Sending message to worker 0 PID 33376 at time 19:625000000
OSS: Receiving message from worker 0 PID 33376 at time 19:625000000
OSS PID:33375 SysClockS:19 SysClockNano:625000000
Process Table:
Entry Occupied PID StartS StartN MessagesSent
0 1 33376 1 0 75
1 1 33377 2 0 71
2 0 0 0 0 0
3 0 0 0 0 0
4 0 0 0 0 0
5 0 0 0 0 0
6 0 0 0 0 0
7 0 0 0 0 0
8 0 0 0 0 0
9 0 0 0 0 0
10 0 0 0 0 0
11 0 0 0 0 0
12 0 0 0 0 0
13 0 0 0 0 0
14 0 0 0 0 0
15 0 0 0 0 0
16 0 0 0 0 0
17 0 0 0 0 0
18 0 0 0 0 0
19 0 0 0 0 0

OSS: Sending message to worker 1 PID 33377 at time 19:750000000
OSS: Receiving message from worker 1 PID 33377 at time 19:750000000
OSS PID:33375 SysClockS:19 SysClockNano:750000000
Process Table:
Entry Occupied PID StartS StartN MessagesSent
0 1 33376 1 0 75
1 1 33377 2 0 72
2 0 0 0 0 0
3 0 0 0 0 0
4 0 0 0 0 0
5 0 0 0 0 0
6 0 0 0 0 0
7 0 0 0 0 0
8 0 0 0 0 0
9 0 0 0 0 0
10 0 0 0 0 0
11 0 0 0 0 0
12 0 0 0 0 0
13 0 0 0 0 0
14 0 0 0 0 0
15 0 0 0 0 0
16 0 0 0 0 0
17 0 0 0 0 0
18 0 0 0 0 0
19 0 0 0 0 0

OSS: Sending message to worker 0 PID 33376 at time 19:875000000
OSS: Receiving message from worker 0 PID 33376 at time 19:875000000
OSS PID:33375 SysClockS:19 SysClockNano:875000000
Process Table:
Entry Occupied PID StartS StartN MessagesSent
0 1 33376 1 0 76
1 1 33377 2 0 72
2 0 0 0 0 0
3 0 0 0 0 0
4 0 0 0 0 0
5 0 0 0 0 0
6 0 0 0 0 0
7 0 0 0 0 0
8 0 0 0 0 0
9 0 0 0 0 0
10 0 0 0 0 0
11 0 0 0 0 0
12 0 0 0 0 0
13 0 0 0 0 0
14 0 0 0 0 0
15 0 0 0 0 0
16 0 0 0 0 0
17 0 0 0 0 0
18 0 0 0 0 0
19 0 0 0 0 0

OSS: Sending message to worker 1 PID 33377 at time 20:0
OSS: Receiving message from worker 1 PID 33377 at time 20:0
OSS PID:33375 SysClockS:20 SysClockNano:0
Process Table:
Entry Occupied PID StartS StartN MessagesSent
0 1 33376 1 0 76
1 1 33377 2 0 73
2 0 0 0 0 0
3 0 0 0 0 0
4 0 0 0 0 0
5 0 0 0 0 0
6 0 0 0 0 0
7 0 0 0 0 0
8 0 0 0 0 0
9 0 0 0 0 0
10 0 0 0 0 0
11 0 0 0 0 0
12 0 0 0 0 0
13 0 0 0 0 0
14 0 0 0 0 0
15 0 0 0 0 0
16 0 0 0 0 0
17 0 0 0 0 0
18 0 0 0 0 0
19 0 0 0 0 0

OSS: Sending message to worker 0 PID 33376 at time 20:125000000
OSS: Receiving message from worker 0 PID 33376 at time 20:125000000
OSS PID:33375 SysClockS:20 SysClockNano:125000000
Process Table:
Entry Occupied PID StartS StartN MessagesSent
0 1 33376 1 0 77
1 1 33377 2 0 73
2 0 0 0 0 0
3 0 0 0 0 0
4 0 0 0 0 0
5 0 0 0 0 0
6 0 0 0 0 0
7 0 0 0 0 0
8 0 0 0 0 0
9 0 0 0 0 0
10 0 0 0 0 0
11 0 0 0 0 0
12 0 0 0 0 0
13 0 0 0 0 0
14 0 0 0 0 0
15 0 0 0 0 0
16 0 0 0 0 0
17 0 0 0 0 0
18 0 0 0 0 0
19 0 0 0 0 0

OSS: Sending message to worker 1 PID 33377 at time 20:250000000
OSS: Receiving message from worker 1 PID 33377 at time 20:250000000
OSS PID:33375 SysClockS:20 SysClockNano:250000000
Process Table:
Entry Occupied PID StartS StartN MessagesSent
0 1 33376 1 0 77
1 1 33377 2 0 74
2 0 0 0 0 0
3 0 0 0 0 0
4 0 0 0 0 0
5 0 0 0 0 0
6 0 0 0 0 0
7 0 0 0 0 0
8 0 0 0 0 0
9 0 0 0 0 0
10 0 0 0 0 0
11 0 0 0 0 0
12 0 0 0 0 0
13 0 0 0 0 0
14 0 0 0 0 0
15 0 0 0 0 0
16 0 0 0 0 0
17 0 0 0 0 0
18 0 0 0 0 0
19 0 0 0 0 0

OSS: Sending message to worker 0 PID 33376 at time 20:375000000
OSS: Receiving message from worker 0 PID 33376 at time 20:375000000
OSS PID:33375 SysClockS:20 SysClockNano:375000000
Process Table:
Entry Occupied PID StartS StartN MessagesSent
0 1 33376 1 0 78
1 1 33377 2 0 74
2 0 0 0 0 0
3 0 0 0 0 0
4 0 0 0 0 0
5 0 0 0 0 0
6 0 0 0 0 0
7 0 0 0 0 0
8 0 0 0 0 0
9 0 0 0 0 0
10 0 0 0 0 0
11 0 0 0 0 0
12 0 0 0 0 0
13 0 0 0 0 0
14 0 0 0 0 0
15 0 0 0 0 0
16 0 0 0 0 0
17 0 0 0 0 0
18 0 0 0 0 0
19 0 0 0 0 0

OSS: Sending message to worker 1 PID 33377 at time 20:500000000
OSS: Receiving message from worker 1 PID 33377 at time 20:500000000
OSS PID:33375 SysClockS:20 SysClockNano:500000000
Process Table:
Entry Occupied PID StartS StartN MessagesSent
0 1 33376 1 0 78
1 1 33377 2 0 75
2 0 0 0 0 0
3 0 0 0 0 0
4 0 0 0 0 0
5 0 0 0 0 0
6 0 0 0 0 0
7 0 0 0 0 0
8 0 0 0 0 0
9 0 0 0 0 0
10 0 0 0 0 0
11 0 0 0 0 0
12 0 0 0 0 0
13 0 0 0 0 0
14 0 0 0 0 0
15 0 0 0 0 0
16 0 0 0 0 0
17 0 0 0 0 0
18 0 0 0 0 0
19 0 0 0 0 0

OSS: Sending message to worker 0 PID 33376 at time 20:625000000
OSS: Receiving message from worker 0 PID 33376 at time 20:625000000
OSS PID:33375 SysClockS:20 SysClockNano:625000000
Process Table:
Entry Occupied PID StartS StartN MessagesSent
0 1 33376 1 0 79
1 1 33377 2 0 75
2 0 0 0 0 0
3 0 0 0 0 0
4 0 0 0 0 0
5 0 0 0 0 0
6 0 0 0 0 0
7 0 0 0 0 0
8 0 0 0 0 0
9 0 0 0 0 0
10 0 0 0 0 0
11 0 0 0 0 0
12 0 0 0 0 0
13 0 0 0 0 0
14 0 0 0 0 0
15 0 0 0 0 0
16 0 0 0 0 0
17 0 0 0 0 0
18 0 0 0 0 0
19 0 0 0 0 0

OSS: Sending message to worker 1 PID 33377 at time 20:750000000
OSS: Receiving message from worker 1 PID 33377 at time 20:750000000
OSS PID:33375 SysClockS:20 SysClockNano:750000000
Process Table:
Entry Occupied PID StartS StartN MessagesSent
0 1 33376 1 0 79
1 1 33377 2 0 76
2 0 0 0 0 0
3 0 0 0 0 0
4 0 0 0 0 0
5 0 0 0 0 0
6 0 0 0 0 0
7 0 0 0 0 0
8 0 0 0 0 0
9 0 0 0 0 0
10 0 0 0 0 0
11 0 0 0 0 0
12 0 0 0 0 0
13 0 0 0 0 0
14 0 0 0 0 0
15 0 0 0 0 0
16 0 0 0 0 0
17 0 0 0 0 0
18 0 0 0 0 0
19 0 0 0 0 0

OSS: Sending message to worker 0 PID 33376 at time 20:875000000
OSS: Receiving message from worker 0 PID 33376 at time 20:875000000
OSS PID:33375 SysClockS:20 SysClockNano:875000000
Process Table:
Entry Occupied PID StartS StartN MessagesSent
0 1 33376 1 0 80
1 1 33377 2 0 76
2 0 0 0 0 0
3 0 0 0 0 0
4 0 0 0 0 0
5 0 0 0 0 0
6 0 0 0 0 0
7 0 0 0 0 0
8 0 0 0 0 0
9 0 0 0 0 0
10 0 0 0 0 0
11 0 0 0 0 0
12 0 0 0 0 0
13 0 0 0 0 0
14 0 0 0 0 0
15 0 0 0 0 0
16 0 0 0 0 0
17 0 0 0 0 0
18 0 0 0 0 0
19 0 0 0 0 0

OSS: Sending message to worker 1 PID 33377 at time 21:0
OSS: Receiving message from worker 1 PID 33377 at time 21:0
OSS PID:33375 SysClockS:21 SysClockNano:0
Process Table:
Entry Occupied PID StartS StartN MessagesSent
0 1 33376 1 0 80
1 1 33377 2 0 77
2 0 0 0 0 0
3 0 0 0 0 0
4 0 0 0 0 0
5 0 0 0 0 0
6 0 0 0 0 0
7 0 0 0 0 0
8 0 0 0 0 0
9 0 0 0 0 0
10 0 0 0 0 0
11 0 0 0 0 0
12 0 0 0 0 0
13 0 0 0 0 0
14 0 0 0 0 0
15 0 0 0 0 0
16 0 0 0 0 0
17 0 0 0 0 0
18 0 0 0 0 0
19 0 0 0 0 0

OSS: Sending message to worker 0 PID 33376 at time 21:125000000
OSS: Receiving message from worker 0 PID 33376 at time 21:125000000
OSS PID:33375 SysClockS:21 SysClockNano:125000000
Process Table:
Entry Occupied PID StartS StartN MessagesSent
0 1 33376 1 0 81
1 1 33377 2 0 77
2 0 0 0 0 0
3 0 0 0 0 0
4 0 0 0 0 0
5 0 0 0 0 0
6 0 0 0 0 0
7 0 0 0 0 0
8 0 0 0 0 0
9 0 0 0 0 0
10 0 0 0 0 0
11 0 0 0 0 0
12 0 0 0 0 0
13 0 0 0 0 0
14 0 0 0 0 0
15 0 0 0 0 0
16 0 0 0 0 0
17 0 0 0 0 0
18 0 0 0 0 0
19 0 0 0 0 0

OSS: Sending message to worker 1 PID 33377 at time 21:250000000
OSS: Receiving message from worker 1 PID 33377 at time 21:250000000
OSS PID:33375 SysClockS:21 SysClockNano:250000000
Process Table:
Entry Occupied PID StartS StartN MessagesSent
0 1 33376 1 0 81
1 1 33377 2 0 78
2 0 0 0 0 0
3 0 0 0 0 0
4 0 0 0 0 0
5 0 0 0 0 0
6 0 0 0 0 0
7 0 0 0 0 0
8 0 0 0 0 0
9 0 0 0 0 0
10 0 0 0 0 0
11 0 0 0 0 0
12 0 0 0 0 0
13 0 0 0 0 0
14 0 0 0 0 0
15 0 0 0 0 0
16 0 0 0 0 0
17 0 0 0 0 0
18 0 0 0 0 0
19 0 0 0 0 0

OSS: Sending message to worker 0 PID 33376 at time 21:375000000
OSS: Receiving message from worker 0 PID 33376 at time 21:375000000
OSS PID:33375 SysClockS:21 SysClockNano:375000000
Process Table:
Entry Occupied PID StartS StartN MessagesSent
0 1 33376 1 0 82
1 1 33377 2 0 78
2 0 0 0 0 0
3 0 0 0 0 0
4 0 0 0 0 0
5 0 0 0 0 0
6 0 0 0 0 0
7 0 0 0 0 0
8 0 0 0 0 0
9 0 0 0 0 0
10 0 0 0 0 0
11 0 0 0 0 0
12 0 0 0 0 0
13 0 0 0 0 0
14 0 0 0 0 0
15 0 0 0 0 0
16 0 0 0 0 0
17 0 0 0 0 0
18 0 0 0 0 0
19 0 0 0 0 0

OSS: Sending message to worker 1 PID 33377 at time 21:500000000
OSS: Receiving message from worker 1 PID 33377 at time 21:500000000
OSS PID:33375 SysClockS:21 SysClockNano:500000000
Process Table:
Entry Occupied PID StartS StartN MessagesSent
0 1 33376 1 0 82
1 1 33377 2 0 79
2 0 0 0 0 0
3 0 0 0 0 0
4 0 0 0 0 0
5 0 0 0 0 0
6 0 0 0 0 0
7 0 0 0 0 0
8 0 0 0 0 0
9 0 0 0 0 0
10 0 0 0 0 0
11 0 0 0 0 0
12 0 0 0 0 0
13 0 0 0 0 0
14 0 0 0 0 0
15 0 0 0 0 0
16 0 0 0 0 0
17 0 0 0 0 0
18 0 0 0 0 0
19 0 0 0 0 0

OSS: Sending message to worker 0 PID 33376 at time 21:625000000
OSS: Receiving message from worker 0 PID 33376 at time 21:625000000
OSS PID:33375 SysClockS:21 SysClockNano:625000000
Process Table:
Entry Occupied PID StartS StartN MessagesSent
0 1 33376 1 0 83
1 1 33377 2 0 79
2 0 0 0 0 0
3 0 0 0 0 0
4 0 0 0 0 0
5 0 0 0 0 0
6 0 0 0 0 0
7 0 0 0 0 0
8 0 0 0 0 0
9 0 0 0 0 0
10 0 0 0 0 0
11 0 0 0 0 0
12 0 0 0 0 0
13 0 0 0 0 0
14 0 0 0 0 0
15 0 0 0 0 0
16 0 0 0 0 0
17 0 0 0 0 0
18 0 0 0 0 0
19 0 0 0 0 0

OSS: Sending message to worker 1 PID 33377 at time 21:750000000
OSS: Receiving message from worker 1 PID 33377 at time 21:750000000
OSS PID:33375 SysClockS:21 SysClockNano:750000000
Process Table:
Entry Occupied PID StartS StartN MessagesSent
0 1 33376 1 0 83
1 1 33377 2 0 80
2 0 0 0 0 0
3 0 0 0 0 0
4 0 0 0 0 0
5 0 0 0 0 0
6 0 0 0 0 0
7 0 0 0 0 0
8 0 0 0 0 0
9 0 0 0 0 0
10 0 0 0 0 0
11 0 0 0 0 0
12 0 0 0 0 0
13 0 0 0 0 0
14 0 0 0 0 0
15 0 0 0 0 0
16 0 0 0 0 0
17 0 0 0 0 0
18 0 0 0 0 0
19 0 0 0 0 0

OSS: Sending message to worker 0 PID 33376 at time 21:875000000
OSS: Receiving message from worker 0 PID 33376 at time 21:875000000
OSS PID:33375 SysClockS:21 SysClockNano:875000000
Process Table:
Entry Occupied PID StartS StartN MessagesSent
0 1 33376 1 0 84
1 1 33377 2 0 80
2 0 0 0 0 0
3 0 0 0 0 0
4 0 0 0 0 0
5 0 0 0 0 0
6 0 0 0 0 0
7 0 0 0 0 0
8 0 0 0 0 0
9 0 0 0 0 0
10 0 0 0 0 0
11 0 0 0 0 0
12 0 0 0 0 0
13 0 0 0 0 0
14 0 0 0 0 0
15 0 0 0 0 0
16 0 0 0 0 0
17 0 0 0 0 0
18 0 0 0 0 0
19 0 0 0 0 0

OSS: Sending message to worker 1 PID 33377 at time 22:0
OSS: Receiving message from worker 1 PID 33377 at time 22:0
OSS PID:33375 SysClockS:22 SysClockNano:0
Process Table:
Entry Occupied PID StartS StartN MessagesSent
0 1 33376 1 0 84
1 1 33377 2 0 81
2 0 0 0 0 0
3 0 0 0 0 0
4 0 0 0 0 0
5 0 0 0 0 0
6 0 0 0 0 0
7 0 0 0 0 0
8 0 0 0 0 0
9 0 0 0 0 0
10 0 0 0 0 0
11 0 0 0 0 0
12 0 0 0 0 0
13 0 0 0 0 0
14 0 0 0 0 0
15 0 0 0 0 0
16 0 0 0 0 0
17 0 0 0 0 0
18 0 0 0 0 0
19 0 0 0 0 0

OSS: Sending message to worker 0 PID 33376 at time 22:125000000
OSS: Receiving message from worker 0 PID 33376 at time 22:125000000
OSS PID:33375 SysClockS:22 SysClockNano:125000000
Process Table:
Entry Occupied PID StartS StartN MessagesSent
0 1 33376 1 0 85
1 1 33377 2 0 81
2 0 0 0 0 0
3 0 0 0 0 0
4 0 0 0 0 0
5 0 0 0 0 0
6 0 0 0 0 0
7 0 0 0 0 0
8 0 0 0 0 0
9 0 0 0 0 0
10 0 0 0 0 0
11 0 0 0 0 0
12 0 0 0 0 0
13 0 0 0 0 0
14 0 0 0 0 0
15 0 0 0 0 0
16 0 0 0 0 0
17 0 0 0 0 0
18 0 0 0 0 0
19 0 0 0 0 0

OSS: Sending message to worker 1 PID 33377 at time 22:250000000
OSS: Receiving message from worker 1 PID 33377 at time 22:250000000
OSS PID:33375 SysClockS:22 SysClockNano:250000000
Process Table:
Entry Occupied PID StartS StartN MessagesSent
0 1 33376 1 0 85
1 1 33377 2 0 82
2 0 0 0 0 0
3 0 0 0 0 0
4 0 0 0 0 0
5 0 0 0 0 0
6 0 0 0 0 0
7 0 0 0 0 0
8 0 0 0 0 0
9 0 0 0 0 0
10 0 0 0 0 0
11 0 0 0 0 0
12 0 0 0 0 0
13 0 0 0 0 0
14 0 0 0 0 0
15 0 0 0 0 0
16 0 0 0 0 0
17 0 0 0 0 0
18 0 0 0 0 0
19 0 0 0 0 0

OSS: Sending message to worker 0 PID 33376 at time 22:375000000
OSS: Receiving message from worker 0 PID 33376 at time 22:375000000
OSS PID:33375 SysClockS:22 SysClockNano:375000000
Process Table:
Entry Occupied PID StartS StartN MessagesSent
0 1 33376 1 0 86
1 1 33377 2 0 82
2 0 0 0 0 0
3 0 0 0 0 0
4 0 0 0 0 0
5 0 0 0 0 0
6 0 0 0 0 0
7 0 0 0 0 0
8 0 0 0 0 0
9 0 0 0 0 0
10 0 0 0 0 0
11 0 0 0 0 0
12 0 0 0 0 0
13 0 0 0 0 0
14 0 0 0 0 0
15 0 0 0 0 0
16 0 0 0 0 0
17 0 0 0 0 0
18 0 0 0 0 0
19 0 0 0 0 0

OSS: Sending message to worker 1 PID 33377 at time 22:500000000
OSS: Receiving message from worker 1 PID 33377 at time 22:500000000
OSS PID:33375 SysClockS:22 SysClockNano:500000000
Process Table:
Entry Occupied PID StartS StartN MessagesSent
0 1 33376 1 0 86
1 1 33377 2 0 83
2 0 0 0 0 0
3 0 0 0 0 0
4 0 0 0 0 0
5 0 0 0 0 0
6 0 0 0 0 0
7 0 0 0 0 0
8 0 0 0 0 0
9 0 0 0 0 0
10 0 0 0 0 0
11 0 0 0 0 0
12 0 0 0 0 0
13 0 0 0 0 0
14 0 0 0 0 0
15 0 0 0 0 0
16 0 0 0 0 0
17 0 0 0 0 0
18 0 0 0 0 0
19 0 0 0 0 0

OSS: Sending message to worker 0 PID 33376 at time 22:625000000
OSS: Receiving message from worker 0 PID 33376 at time 22:625000000
OSS PID:33375 SysClockS:22 SysClockNano:625000000
Process Table:
Entry Occupied PID StartS StartN MessagesSent
0 1 33376 1 0 87
1 1 33377 2 0 83
2 0 0 0 0 0
3 0 0 0 0 0
4 0 0 0 0 0
5 0 0 0 0 0
6 0 0 0 0 0
7 0 0 0 0 0
8 0 0 0 0 0
9 0 0 0 0 0
10 0 0 0 0 0
11 0 0 0 0 0
12 0 0 0 0 0
13 0 0 0 0 0
14 0 0 0 0 0
15 0 0 0 0 0
16 0 0 0 0 0
17 0 0 0 0 0
18 0 0 0 0 0
19 0 0 0 0 0

OSS: Sending message to worker 1 PID 33377 at time 22:750000000
OSS: Receiving message from worker 1 PID 33377 at time 22:750000000
OSS PID:33375 SysClockS:22 SysClockNano:750000000
Process Table:
Entry Occupied PID StartS StartN MessagesSent
0 1 33376 1 0 87
1 1 33377 2 0 84
2 0 0 0 0 0
3 0 0 0 0 0
4 0 0 0 0 0
5 0 0 0 0 0
6 0 0 0 0 0
7 0 0 0 0 0
8 0 0 0 0 0
9 0 0 0 0 0
10 0 0 0 0 0
11 0 0 0 0 0
12 0 0 0 0 0
13 0 0 0 0 0
14 0 0 0 0 0
15 0 0 0 0 0
16 0 0 0 0 0
17 0 0 0 0 0
18 0 0 0 0 0
19 0 0 0 0 0

OSS: Sending message to worker 0 PID 33376 at time 22:875000000
OSS: Receiving message from worker 0 PID 33376 at time 22:875000000
OSS PID:33375 SysClockS:22 SysClockNano:875000000
Process Table:
Entry Occupied PID StartS StartN MessagesSent
0 1 33376 1 0 88
1 1 33377 2 0 84
2 0 0 0 0 0
3 0 0 0 0 0
4 0 0 0 0 0
5 0 0 0 0 0
6 0 0 0 0 0
7 0 0 0 0 0
8 0 0 0 0 0
9 0 0 0 0 0
10 0 0 0 0 0
11 0 0 0 0 0
12 0 0 0 0 0
13 0 0 0 0 0
14 0 0 0 0 0
15 0 0 0 0 0
16 0 0 0 0 0
17 0 0 0 0 0
18 0 0 0 0 0
19 0 0 0 0 0

OSS: Sending message to worker 1 PID 33377 at time 23:0
OSS: Receiving message from worker 1 PID 33377 at time 23:0
OSS PID:33375 SysClockS:23 SysClockNano:0
Process Table:
Entry Occupied PID StartS StartN MessagesSent
0 1 33376 1 0 88
1 1 33377 2 0 85
2 0 0 0 0 0
3 0 0 0 0 0
4 0 0 0 0 0
5 0 0 0 0 0
6 0 0 0 0 0
7 0 0 0 0 0
8 0 0 0 0 0
9 0 0 0 0 0
10 0 0 0 0 0
11 0 0 0 0 0
12 0 0 0 0 0
13 0 0 0 0 0
14 0 0 0 0 0
15 0 0 0 0 0
16 0 0 0 0 0
17 0 0 0 0 0
18 0 0 0 0 0
19 0 0 0 0 0

OSS: Sending message to worker 0 PID 33376 at time 23:125000000
OSS: Receiving message from worker 0 PID 33376 at time 23:125000000
OSS PID:33375 SysClockS:23 SysClockNano:125000000
Process Table:
Entry Occupied PID StartS StartN MessagesSent
0 1 33376 1 0 89
1 1 33377 2 0 85
2 0 0 0 0 0
3 0 0 0 0 0
4 0 0 0 0 0
5 0 0 0 0 0
6 0 0 0 0 0
7 0 0 0 0 0
8 0 0 0 0 0
9 0 0 0 0 0
10 0 0 0 0 0
11 0 0 0 0 0
12 0 0 0 0 0
13 0 0 0 0 0
14 0 0 0 0 0
15 0 0 0 0 0
16 0 0 0 0 0
17 0 0 0 0 0
18 0 0 0 0 0
19 0 0 0 0 0

OSS: Sending message to worker 1 PID 33377 at time 23:250000000
OSS: Receiving message from worker 1 PID 33377 at time 23:250000000
OSS PID:33375 SysClockS:23 SysClockNano:250000000
Process Table:
Entry Occupied PID StartS StartN MessagesSent
0 1 33376 1 0 89
1 1 33377 2 0 86
2 0 0 0 0 0
3 0 0 0 0 0
4 0 0 0 0 0
5 0 0 0 0 0
6 0 0 0 0 0
7 0 0 0 0 0
8 0 0 0 0 0
9 0 0 0 0 0
10 0 0 0 0 0
11 0 0 0 0 0
12 0 0 0 0 0
13 0 0 0 0 0
14 0 0 0 0 0
15 0 0 0 0 0
16 0 0 0 0 0
17 0 0 0 0 0
18 0 0 0 0 0
19 0 0 0 0 0

OSS: Sending message to worker 0 PID 33376 at time 23:375000000
OSS: Receiving message from worker 0 PID 33376 at time 23:375000000
OSS PID:33375 SysClockS:23 SysClockNano:375000000
Process Table:
Entry Occupied PID StartS StartN MessagesSent
0 1 33376 1 0 90
1 1 33377 2 0 86
2 0 0 0 0 0
3 0 0 0 0 0
4 0 0 0 0 0
5 0 0 0 0 0
6 0 0 0 0 0
7 0 0 0 0 0
8 0 0 0 0 0
9 0 0 0 0 0
10 0 0 0 0 0
11 0 0 0 0 0
12 0 0 0 0 0
13 0 0 0 0 0
14 0 0 0 0 0
15 0 0 0 0 0
16 0 0 0 0 0
17 0 0 0 0 0
18 0 0 0 0 0
19 0 0 0 0 0

OSS: Sending message to worker 1 PID 33377 at time 23:500000000
OSS: Receiving message from worker 1 PID 33377 at time 23:500000000
OSS PID:33375 SysClockS:23 SysClockNano:500000000
Process Table:
Entry Occupied PID StartS StartN MessagesSent
0 1 33376 1 0 90
1 1 33377 2 0 87
2 0 0 0 0 0
3 0 0 0 0 0
4 0 0 0 0 0
5 0 0 0 0 0
6 0 0 0 0 0
7 0 0 0 0 0
8 0 0 0 0 0
9 0 0 0 0 0
10 0 0 0 0 0
11 0 0 0 0 0
12 0 0 0 0 0
13 0 0 0 0 0
14 0 0 0 0 0
15 0 0 0 0 0
16 0 0 0 0 0
17 0 0 0 0 0
18 0 0 0 0 0
19 0 0 0 0 0

OSS: Sending message to worker 0 PID 33376 at time 23:625000000
OSS: Receiving message from worker 0 PID 33376 at time 23:625000000
OSS PID:33375 SysClockS:23 SysClockNano:625000000
Process Table:
Entry Occupied PID StartS StartN MessagesSent
0 1 33376 1 0 91
1 1 33377 2 0 87
2 0 0 0 0 0
3 0 0 0 0 0
4 0 0 0 0 0
5 0 0 0 0 0
6 0 0 0 0 0
7 0 0 0 0 0
8 0 0 0 0 0
9 0 0 0 0 0
10 0 0 0 0 0
11 0 0 0 0 0
12 0 0 0 0 0
13 0 0 0 0 0
14 0 0 0 0 0
15 0 0 0 0 0
16 0 0 0 0 0
17 0 0 0 0 0
18 0 0 0 0 0
19 0 0 0 0 0

OSS: Sending message to worker 1 PID 33377 at time 23:750000000
OSS: Receiving message from worker 1 PID 33377 at time 23:750000000
OSS PID:33375 SysClockS:23 SysClockNano:750000000
Process Table:
Entry Occupied PID StartS StartN MessagesSent
0 1 33376 1 0 91
1 1 33377 2 0 88
2 0 0 0 0 0
3 0 0 0 0 0
4 0 0 0 0 0
5 0 0 0 0 0
6 0 0 0 0 0
7 0 0 0 0 0
8 0 0 0 0 0
9 0 0 0 0 0
10 0 0 0 0 0
11 0 0 0 0 0
12 0 0 0 0 0
13 0 0 0 0 0
14 0 0 0 0 0
15 0 0 0 0 0
16 0 0 0 0 0
17 0 0 0 0 0
18 0 0 0 0 0
19 0 0 0 0 0

OSS: Sending message to worker 0 PID 33376 at time 23:875000000
OSS: Receiving message from worker 0 PID 33376 at time 23:875000000
OSS PID:33375 SysClockS:23 SysClockNano:875000000
Process Table:
Entry Occupied PID StartS StartN MessagesSent
0 1 33376 1 0 92
1 1 33377 2 0 88
2 0 0 0 0 0
3 0 0 0 0 0
4 0 0 0 0 0
5 0 0 0 0 0
6 0 0 0 0 0
7 0 0 0 0 0
8 0 0 0 0 0
9 0 0 0 0 0
10 0 0 0 0 0
11 0 0 0 0 0
12 0 0 0 0 0
13 0 0 0 0 0
14 0 0 0 0 0
15 0 0 0 0 0
16 0 0 0 0 0
17 0 0 0 0 0
18 0 0 0 0 0
19 0 0 0 0 0

OSS: Sending message to worker 1 PID 33377 at time 24:0
OSS: Receiving message from worker 1 PID 33377 at time 24:0
OSS PID:33375 SysClockS:24 SysClockNano:0
Process Table:
Entry Occupied PID StartS StartN MessagesSent
0 1 33376 1 0 92
1 1 33377 2 0 89
2 0 0 0 0 0
3 0 0 0 0 0
4 0 0 0 0 0
5 0 0 0 0 0
6 0 0 0 0 0
7 0 0 0 0 0
8 0 0 0 0 0
9 0 0 0 0 0
10 0 0 0 0 0
11 0 0 0 0 0
12 0 0 0 0 0
13 0 0 0 0 0
14 0 0 0 0 0
15 0 0 0 0 0
16 0 0 0 0 0
17 0 0 0 0 0
18 0 0 0 0 0
19 0 0 0 0 0

OSS: Sending message to worker 0 PID 33376 at time 24:125000000
OSS: Receiving message from worker 0 PID 33376 at time 24:125000000
OSS PID:33375 SysClockS:24 SysClockNano:125000000
Process Table:
Entry Occupied PID StartS StartN MessagesSent
0 1 33376 1 0 93
1 1 33377 2 0 89
2 0 0 0 0 0
3 0 0 0 0 0
4 0 0 0 0 0
5 0 0 0 0 0
6 0 0 0 0 0
7 0 0 0 0 0
8 0 0 0 0 0
9 0 0 0 0 0
10 0 0 0 0 0
11 0 0 0 0 0
12 0 0 0 0 0
13 0 0 0 0 0
14 0 0 0 0 0
15 0 0 0 0 0
16 0 0 0 0 0
17 0 0 0 0 0
18 0 0 0 0 0
19 0 0 0 0 0

OSS: Sending message to worker 1 PID 33377 at time 24:250000000
OSS: Receiving message from worker 1 PID 33377 at time 24:250000000
OSS PID:33375 SysClockS:24 SysClockNano:250000000
Process Table:
Entry Occupied PID StartS StartN MessagesSent
0 1 33376 1 0 93
1 1 33377 2 0 90
2 0 0 0 0 0
3 0 0 0 0 0
4 0 0 0 0 0
5 0 0 0 0 0
6 0 0 0 0 0
7 0 0 0 0 0
8 0 0 0 0 0
9 0 0 0 0 0
10 0 0 0 0 0
11 0 0 0 0 0
12 0 0 0 0 0
13 0 0 0 0 0
14 0 0 0 0 0
15 0 0 0 0 0
16 0 0 0 0 0
17 0 0 0 0 0
18 0 0 0 0 0
19 0 0 0 0 0

OSS: Sending message to worker 0 PID 33376 at time 24:375000000
OSS: Receiving message from worker 0 PID 33376 at time 24:375000000
OSS PID:33375 SysClockS:24 SysClockNano:375000000
Process Table:
Entry Occupied PID StartS StartN MessagesSent
0 1 33376 1 0 94
1 1 33377 2 0 90
2 0 0 0 0 0
3 0 0 0 0 0
4 0 0 0 0 0
5 0 0 0 0 0
6 0 0 0 0 0
7 0 0 0 0 0
8 0 0 0 0 0
9 0 0 0 0 0
10 0 0 0 0 0
11 0 0 0 0 0
12 0 0 0 0 0
13 0 0 0 0 0
14 0 0 0 0 0
15 0 0 0 0 0
16 0 0 0 0 0
17 0 0 0 0 0
18 0 0 0 0 0
19 0 0 0 0 0

OSS: Sending message to worker 1 PID 33377 at time 24:500000000
OSS: Receiving message from worker 1 PID 33377 at time 24:500000000
OSS PID:33375 SysClockS:24 SysClockNano:500000000
Process Table:
Entry Occupied PID StartS StartN MessagesSent
0 1 33376 1 0 94
1 1 33377 2 0 91
2 0 0 0 0 0
3 0 0 0 0 0
4 0 0 0 0 0
5 0 0 0 0 0
6 0 0 0 0 0
7 0 0 0 0 0
8 0 0 0 0 0
9 0 0 0 0 0
10 0 0 0 0 0
11 0 0 0 0 0
12 0 0 0 0 0
13 0 0 0 0 0
14 0 0 0 0 0
15 0 0 0 0 0
16 0 0 0 0 0
17 0 0 0 0 0
18 0 0 0 0 0
19 0 0 0 0 0

OSS: Sending message to worker 0 PID 33376 at time 24:625000000
OSS: Receiving message from worker 0 PID 33376 at time 24:625000000
OSS PID:33375 SysClockS:24 SysClockNano:625000000
Process Table:
Entry Occupied PID StartS StartN MessagesSent
0 1 33376 1 0 95
1 1 33377 2 0 91
2 0 0 0 0 0
3 0 0 0 0 0
4 0 0 0 0 0
5 0 0 0 0 0
6 0 0 0 0 0
7 0 0 0 0 0
8 0 0 0 0 0
9 0 0 0 0 0
10 0 0 0 0 0
11 0 0 0 0 0
12 0 0 0 0 0
13 0 0 0 0 0
14 0 0 0 0 0
15 0 0 0 0 0
16 0 0 0 0 0
17 0 0 0 0 0
18 0 0 0 0 0
19 0 0 0 0 0

OSS: Sending message to worker 1 PID 33377 at time 24:750000000
OSS: Receiving message from worker 1 PID 33377 at time 24:750000000
OSS PID:33375 SysClockS:24 SysClockNano:750000000
Process Table:
Entry Occupied PID StartS StartN MessagesSent
0 1 33376 1 0 95
1 1 33377 2 0 92
2 0 0 0 0 0
3 0 0 0 0 0
4 0 0 0 0 0
5 0 0 0 0 0
6 0 0 0 0 0
7 0 0 0 0 0
8 0 0 0 0 0
9 0 0 0 0 0
10 0 0 0 0 0
11 0 0 0 0 0
12 0 0 0 0 0
13 0 0 0 0 0
14 0 0 0 0 0
15 0 0 0 0 0
16 0 0 0 0 0
17 0 0 0 0 0
18 0 0 0 0 0
19 0 0 0 0 0

OSS: Sending message to worker 0 PID 33376 at time 24:875000000
OSS: Receiving message from worker 0 PID 33376 at time 24:875000000
OSS PID:33375 SysClockS:24 SysClockNano:875000000
Process Table:
Entry Occupied PID StartS StartN MessagesSent
0 1 33376 1 0 96
1 1 33377 2 0 92
2 0 0 0 0 0
3 0 0 0 0 0
4 0 0 0 0 0
5 0 0 0 0 0
6 0 0 0 0 0
7 0 0 0 0 0
8 0 0 0 0 0
9 0 0 0 0 0
10 0 0 0 0 0
11 0 0 0 0 0
12 0 0 0 0 0
13 0 0 0 0 0
14 0 0 0 0 0
15 0 0 0 0 0
16 0 0 0 0 0
17 0 0 0 0 0
18 0 0 0 0 0
19 0 0 0 0 0

OSS: Sending message to worker 1 PID 33377 at time 25:0
OSS: Receiving message from worker 1 PID 33377 at time 25:0
OSS PID:33375 SysClockS:25 SysClockNano:0
Process Table:
Entry Occupied PID StartS StartN MessagesSent
0 1 33376 1 0 96
1 1 33377 2 0 93
2 0 0 0 0 0
3 0 0 0 0 0
4 0 0 0 0 0
5 0 0 0 0 0
6 0 0 0 0 0
7 0 0 0 0 0
8 0 0 0 0 0
9 0 0 0 0 0
10 0 0 0 0 0
11 0 0 0 0 0
12 0 0 0 0 0
13 0 0 0 0 0
14 0 0 0 0 0
15 0 0 0 0 0
16 0 0 0 0 0
17 0 0 0 0 0
18 0 0 0 0 0
19 0 0 0 0 0

OSS: Sending message to worker 0 PID 33376 at time 25:125000000
OSS: Receiving message from worker 0 PID 33376 at time 25:125000000
OSS PID:33375 SysClockS:25 SysClockNano:125000000
Process Table:
Entry Occupied PID StartS StartN MessagesSent
0 1 33376 1 0 97
1 1 33377 2 0 93
2 0 0 0 0 0
3 0 0 0 0 0
4 0 0 0 0 0
5 0 0 0 0 0
6 0 0 0 0 0
7 0 0 0 0 0
8 0 0 0 0 0
9 0 0 0 0 0
10 0 0 0 0 0
11 0 0 0 0 0
12 0 0 0 0 0
13 0 0 0 0 0
14 0 0 0 0 0
15 0 0 0 0 0
16 0 0 0 0 0
17 0 0 0 0 0
18 0 0 0 0 0
19 0 0 0 0 0

OSS: Sending message to worker 1 PID 33377 at time 25:250000000
OSS: Receiving message from worker 1 PID 33377 at time 25:250000000
OSS PID:33375 SysClockS:25 SysClockNano:250000000
Process Table:
Entry Occupied PID StartS StartN MessagesSent
0 1 33376 1 0 97
1 1 33377 2 0 94
2 0 0 0 0 0
3 0 0 0 0 0
4 0 0 0 0 0
5 0 0 0 0 0
6 0 0 0 0 0
7 0 0 0 0 0
8 0 0 0 0 0
9 0 0 0 0 0
10 0 0 0 0 0
11 0 0 0 0 0
12 0 0 0 0 0
13 0 0 0 0 0
14 0 0 0 0 0
15 0 0 0 0 0
16 0 0 0 0 0
17 0 0 0 0 0
18 0 0 0 0 0
19 0 0 0 0 0

OSS: Sending message to worker 0 PID 33376 at time 25:375000000
OSS: Receiving message from worker 0 PID 33376 at time 25:375000000
OSS PID:33375 SysClockS:25 SysClockNano:375000000
Process Table:
Entry Occupied PID StartS StartN MessagesSent
0 1 33376 1 0 98
1 1 33377 2 0 94
2 0 0 0 0 0
3 0 0 0 0 0
4 0 0 0 0 0
5 0 0 0 0 0
6 0 0 0 0 0
7 0 0 0 0 0
8 0 0 0 0 0
9 0 0 0 0 0
10 0 0 0 0 0
11 0 0 0 0 0
12 0 0 0 0 0
13 0 0 0 0 0
14 0 0 0 0 0
15 0 0 0 0 0
16 0 0 0 0 0
17 0 0 0 0 0
18 0 0 0 0 0
19 0 0 0 0 0

OSS: Sending message to worker 1 PID 33377 at time 25:500000000
OSS: Receiving message from worker 1 PID 33377 at time 25:500000000
OSS PID:33375 SysClockS:25 SysClockNano:500000000
Process Table:
Entry Occupied PID StartS StartN MessagesSent
0 1 33376 1 0 98
1 1 33377 2 0 95
2 0 0 0 0 0
3 0 0 0 0 0
4 0 0 0 0 0
5 0 0 0 0 0
6 0 0 0 0 0
7 0 0 0 0 0
8 0 0 0 0 0
9 0 0 0 0 0
10 0 0 0 0 0
11 0 0 0 0 0
12 0 0 0 0 0
13 0 0 0 0 0
14 0 0 0 0 0
15 0 0 0 0 0
16 0 0 0 0 0
17 0 0 0 0 0
18 0 0 0 0 0
19 0 0 0 0 0

OSS: Sending message to worker 0 PID 33376 at time 25:625000000
OSS: Receiving message from worker 0 PID 33376 at time 25:625000000
OSS PID:33375 SysClockS:25 SysClockNano:625000000
Process Table:
Entry Occupied PID StartS StartN MessagesSent
0 1 33376 1 0 99
1 1 33377 2 0 95
2 0 0 0 0 0
3 0 0 0 0 0
4 0 0 0 0 0
5 0 0 0 0 0
6 0 0 0 0 0
7 0 0 0 0 0
8 0 0 0 0 0
9 0 0 0 0 0
10 0 0 0 0 0
11 0 0 0 0 0
12 0 0 0 0 0
13 0 0 0 0 0
14 0 0 0 0 0
15 0 0 0 0 0
16 0 0 0 0 0
17 0 0 0 0 0
18 0 0 0 0 0
19 0 0 0 0 0

OSS: Sending message to worker 1 PID 33377 at time 25:750000000
OSS: Receiving message from worker 1 PID 33377 at time 25:750000000
OSS PID:33375 SysClockS:25 SysClockNano:750000000
Process Table:
Entry Occupied PID StartS StartN MessagesSent
0 1 33376 1 0 99
1 1 33377 2 0 96
2 0 0 0 0 0
3 0 0 0 0 0
4 0 0 0 0 0
5 0 0 0 0 0
6 0 0 0 0 0
7 0 0 0 0 0
8 0 0 0 0 0
9 0 0 0 0 0
10 0 0 0 0 0
11 0 0 0 0 0
12 0 0 0 0 0
13 0 0 0 0 0
14 0 0 0 0 0
15 0 0 0 0 0
16 0 0 0 0 0
17 0 0 0 0 0
18 0 0 0 0 0
19 0 0 0 0 0

OSS: Sending message to worker 0 PID 33376 at time 25:875000000
OSS: Receiving message from worker 0 PID 33376 at time 25:875000000
OSS PID:33375 SysClockS:25 SysClockNano:875000000
Process Table:
Entry Occupied PID StartS StartN MessagesSent
0 1 33376 1 0 100
1 1 33377 2 0 96
2 0 0 0 0 0
3 0 0 0 0 0
4 0 0 0 0 0
5 0 0 0 0 0
6 0 0 0 0 0
7 0 0 0 0 0
8 0 0 0 0 0
9 0 0 0 0 0
10 0 0 0 0 0
11 0 0 0 0 0
12 0 0 0 0 0
13 0 0 0 0 0
14 0 0 0 0 0
15 0 0 0 0 0
16 0 0 0 0 0
17 0 0 0 0 0
18 0 0 0 0 0
19 0 0 0 0 0

OSS: Sending message to worker 1 PID 33377 at time 26:0
OSS: Receiving message from worker 1 PID 33377 at time 26:0
OSS PID:33375 SysClockS:26 SysClockNano:0
Process Table:
Entry Occupied PID StartS StartN MessagesSent
0 1 33376 1 0 100
1 1 33377 2 0 97
2 0 0 0 0 0
3 0 0 0 0 0
4 0 0 0 0 0
5 0 0 0 0 0
6 0 0 0 0 0
7 0 0 0 0 0
8 0 0 0 0 0
9 0 0 0 0 0
10 0 0 0 0 0
11 0 0 0 0 0
12 0 0 0 0 0
13 0 0 0 0 0
14 0 0 0 0 0
15 0 0 0 0 0
16 0 0 0 0 0
17 0 0 0 0 0
18 0 0 0 0 0
19 0 0 0 0 0

OSS: Sending message to worker 0 PID 33376 at time 26:125000000
OSS: Receiving message from worker 0 PID 33376 at time 26:125000000
OSS PID:33375 SysClockS:26 SysClockNano:125000000
Process Table:
Entry Occupied PID StartS StartN MessagesSent
0 1 33376 1 0 101
1 1 33377 2 0 97
2 0 0 0 0 0
3 0 0 0 0 0
4 0 0 0 0 0
5 0 0 0 0 0
6 0 0 0 0 0
7 0 0 0 0 0
8 0 0 0 0 0
9 0 0 0 0 0
10 0 0 0 0 0
11 0 0 0 0 0
12 0 0 0 0 0
13 0 0 0 0 0
14 0 0 0 0 0
15 0 0 0 0 0
16 0 0 0 0 0
17 0 0 0 0 0
18 0 0 0 0 0
19 0 0 0 0 0

OSS: Sending message to worker 1 PID 33377 at time 26:250000000
OSS: Receiving message from worker 1 PID 33377 at time 26:250000000
OSS PID:33375 SysClockS:26 SysClockNano:250000000
Process Table:
Entry Occupied PID StartS StartN MessagesSent
0 1 33376 1 0 101
1 1 33377 2 0 98
2 0 0 0 0 0
3 0 0 0 0 0
4 0 0 0 0 0
5 0 0 0 0 0
6 0 0 0 0 0
7 0 0 0 0 0
8 0 0 0 0 0
9 0 0 0 0 0
10 0 0 0 0 0
11 0 0 0 0 0
12 0 0 0 0 0
13 0 0 0 0 0
14 0 0 0 0 0
15 0 0 0 0 0
16 0 0 0 0 0
17 0 0 0 0 0
18 0 0 0 0 0
19 0 0 0 0 0

OSS: Sending message to worker 0 PID 33376 at time 26:375000000
OSS: Receiving message from worker 0 PID 33376 at time 26:375000000
OSS PID:33375 SysClockS:26 SysClockNano:375000000
Process Table:
Entry Occupied PID StartS StartN MessagesSent
0 1 33376 1 0 102
1 1 33377 2 0 98
2 0 0 0 0 0
3 0 0 0 0 0
4 0 0 0 0 0
5 0 0 0 0 0
6 0 0 0 0 0
7 0 0 0 0 0
8 0 0 0 0 0
9 0 0 0 0 0
10 0 0 0 0 0
11 0 0 0 0 0
12 0 0 0 0 0
13 0 0 0 0 0
14 0 0 0 0 0
15 0 0 0 0 0
16 0 0 0 0 0
17 0 0 0 0 0
18 0 0 0 0 0
19 0 0 0 0 0

OSS: Sending message to worker 1 PID 33377 at time 26:500000000
OSS: Receiving message from worker 1 PID 33377 at time 26:500000000
OSS PID:33375 SysClockS:26 SysClockNano:500000000
Process Table:
Entry Occupied PID StartS StartN MessagesSent
0 1 33376 1 0 102
1 1 33377 2 0 99
2 0 0 0 0 0
3 0 0 0 0 0
4 0 0 0 0 0
5 0 0 0 0 0
6 0 0 0 0 0
7 0 0 0 0 0
8 0 0 0 0 0
9 0 0 0 0 0
10 0 0 0 0 0
11 0 0 0 0 0
12 0 0 0 0 0
13 0 0 0 0 0
14 0 0 0 0 0
15 0 0 0 0 0
16 0 0 0 0 0
17 0 0 0 0 0
18 0 0 0 0 0
19 0 0 0 0 0

OSS: Sending message to worker 0 PID 33376 at time 26:625000000
OSS: Receiving message from worker 0 PID 33376 at time 26:625000000
OSS PID:33375 SysClockS:26 SysClockNano:625000000
Process Table:
Entry Occupied PID StartS StartN MessagesSent
0 1 33376 1 0 103
1 1 33377 2 0 99
2 0 0 0 0 0
3 0 0 0 0 0
4 0 0 0 0 0
5 0 0 0 0 0
6 0 0 0 0 0
7 0 0 0 0 0
8 0 0 0 0 0
9 0 0 0 0 0
10 0 0 0 0 0
11 0 0 0 0 0
12 0 0 0 0 0
13 0 0 0 0 0
14 0 0 0 0 0
15 0 0 0 0 0
16 0 0 0 0 0
17 0 0 0 0 0
18 0 0 0 0 0
19 0 0 0 0 0

OSS: Sending message to worker 1 PID 33377 at time 26:750000000
OSS: Receiving message from worker 1 PID 33377 at time 26:750000000
OSS PID:33375 SysClockS:26 SysClockNano:750000000
Process Table:
Entry Occupied PID StartS StartN MessagesSent
0 1 33376 1 0 103
1 1 33377 2 0 100
2 0 0 0 0 0
3 0 0 0 0 0
4 0 0 0 0 0
5 0 0 0 0 0
6 0 0 0 0 0
7 0 0 0 0 0
8 0 0 0 0 0
9 0 0 0 0 0
10 0 0 0 0 0
11 0 0 0 0 0
12 0 0 0 0 0
13 0 0 0 0 0
14 0 0 0 0 0
15 0 0 0 0 0
16 0 0 0 0 0
17 0 0 0 0 0
18 0 0 0 0 0
19 0 0 0 0 0

OSS: Sending message to worker 0 PID 33376 at time 26:875000000
OSS: Receiving message from worker 0 PID 33376 at time 26:875000000
OSS PID:33375 SysClockS:26 SysClockNano:875000000
Process Table:
Entry Occupied PID StartS StartN MessagesSent
0 1 33376 1 0 104
1 1 33377 2 0 100
2 0 0 0 0 0
3 0 0 0 0 0
4 0 0 0 0 0
5 0 0 0 0 0
6 0 0 0 0 0
7 0 0 0 0 0
8 0 0 0 0 0
9 0 0 0 0 0
10 0 0 0 0 0
11 0 0 0 0 0
12 0 0 0 0 0
13 0 0 0 0 0
14 0 0 0 0 0
15 0 0 0 0 0
16 0 0 0 0 0
17 0 0 0 0 0
18 0 0 0 0 0
19 0 0 0 0 0

OSS: Sending message to worker 1 PID 33377 at time 27:0
OSS: Receiving message from worker 1 PID 33377 at time 27:0
OSS PID:33375 SysClockS:27 SysClockNano:0
Process Table:
Entry Occupied PID StartS StartN MessagesSent
0 1 33376 1 0 104
1 1 33377 2 0 101
2 0 0 0 0 0
3 0 0 0 0 0
4 0 0 0 0 0
5 0 0 0 0 0
6 0 0 0 0 0
7 0 0 0 0 0
8 0 0 0 0 0
9 0 0 0 0 0
10 0 0 0 0 0
11 0 0 0 0 0
12 0 0 0 0 0
13 0 0 0 0 0
14 0 0 0 0 0
15 0 0 0 0 0
16 0 0 0 0 0
17 0 0 0 0 0
18 0 0 0 0 0
19 0 0 0 0 0

OSS: Sending message to worker 0 PID 33376 at time 27:125000000
OSS: Receiving message from worker 0 PID 33376 at time 27:125000000
OSS PID:33375 SysClockS:27 SysClockNano:125000000
Process Table:
Entry Occupied PID StartS StartN MessagesSent
0 1 33376 1 0 105
1 1 33377 2 0 101
2 0 0 0 0 0
3 0 0 0 0 0
4 0 0 0 0 0
5 0 0 0 0 0
6 0 0 0 0 0
7 0 0 0 0 0
8 0 0 0 0 0
9 0 0 0 0 0
10 0 0 0 0 0
11 0 0 0 0 0
12 0 0 0 0 0
13 0 0 0 0 0
14 0 0 0 0 0
15 0 0 0 0 0
16 0 0 0 0 0
17 0 0 0 0 0
18 0 0 0 0 0
19 0 0 0 0 0

OSS: Sending message to worker 1 PID 33377 at time 27:250000000
OSS: Receiving message from worker 1 PID 33377 at time 27:250000000
OSS PID:33375 SysClockS:27 SysClockNano:250000000
Process Table:
Entry Occupied PID StartS StartN MessagesSent
0 1 33376 1 0 105
1 1 33377 2 0 102
2 0 0 0 0 0
3 0 0 0 0 0
4 0 0 0 0 0
5 0 0 0 0 0
6 0 0 0 0 0
7 0 0 0 0 0
8 0 0 0 0 0
9 0 0 0 0 0
10 0 0 0 0 0
11 0 0 0 0 0
12 0 0 0 0 0
13 0 0 0 0 0
14 0 0 0 0 0
15 0 0 0 0 0
16 0 0 0 0 0
17 0 0 0 0 0
18 0 0 0 0 0
19 0 0 0 0 0

OSS: Sending message to worker 0 PID 33376 at time 27:375000000
OSS: Receiving message from worker 0 PID 33376 at time 27:375000000
OSS PID:33375 SysClockS:27 SysClockNano:375000000
Process Table:
Entry Occupied PID StartS StartN MessagesSent
0 1 33376 1 0 106
1 1 33377 2 0 102
2 0 0 0 0 0
3 0 0 0 0 0
4 0 0 0 0 0
5 0 0 0 0 0
6 0 0 0 0 0
7 0 0 0 0 0
8 0 0 0 0 0
9 0 0 0 0 0
10 0 0 0 0 0
11 0 0 0 0 0
12 0 0 0 0 0
13 0 0 0 0 0
14 0 0 0 0 0
15 0 0 0 0 0
16 0 0 0 0 0
17 0 0 0 0 0
18 0 0 0 0 0
19 0 0 0 0 0

OSS: Sending message to worker 1 PID 33377 at time 27:500000000
OSS: Receiving message from worker 1 PID 33377 at time 27:500000000
OSS PID:33375 SysClockS:27 SysClockNano:500000000
Process Table:
Entry Occupied PID StartS StartN MessagesSent
0 1 33376 1 0 106
1 1 33377 2 0 103
2 0 0 0 0 0
3 0 0 0 0 0
4 0 0 0 0 0
5 0 0 0 0 0
6 0 0 0 0 0
7 0 0 0 0 0
8 0 0 0 0 0
9 0 0 0 0 0
10 0 0 0 0 0
11 0 0 0 0 0
12 0 0 0 0 0
13 0 0 0 0 0
14 0 0 0 0 0
15 0 0 0 0 0
16 0 0 0 0 0
17 0 0 0 0 0
18 0 0 0 0 0
19 0 0 0 0 0

OSS: Sending message to worker 0 PID 33376 at time 27:625000000
OSS: Receiving message from worker 0 PID 33376 at time 27:625000000
OSS PID:33375 SysClockS:27 SysClockNano:625000000
Process Table:
Entry Occupied PID StartS StartN MessagesSent
0 1 33376 1 0 107
1 1 33377 2 0 103
2 0 0 0 0 0
3 0 0 0 0 0
4 0 0 0 0 0
5 0 0 0 0 0
6 0 0 0 0 0
7 0 0 0 0 0
8 0 0 0 0 0
9 0 0 0 0 0
10 0 0 0 0 0
11 0 0 0 0 0
12 0 0 0 0 0
13 0 0 0 0 0
14 0 0 0 0 0
15 0 0 0 0 0
16 0 0 0 0 0
17 0 0 0 0 0
18 0 0 0 0 0
19 0 0 0 0 0

OSS: Sending message to worker 1 PID 33377 at time 27:750000000
OSS: Receiving message from worker 1 PID 33377 at time 27:750000000
OSS PID:33375 SysClockS:27 SysClockNano:750000000
Process Table:
Entry Occupied PID StartS StartN MessagesSent
0 1 33376 1 0 107
1 1 33377 2 0 104
2 0 0 0 0 0
3 0 0 0 0 0
4 0 0 0 0 0
5 0 0 0 0 0
6 0 0 0 0 0
7 0 0 0 0 0
8 0 0 0 0 0
9 0 0 0 0 0
10 0 0 0 0 0
11 0 0 0 0 0
12 0 0 0 0 0
13 0 0 0 0 0
14 0 0 0 0 0
15 0 0 0 0 0
16 0 0 0 0 0
17 0 0 0 0 0
18 0 0 0 0 0
19 0 0 0 0 0

OSS: Sending message to worker 0 PID 33376 at time 27:875000000
OSS: Receiving message from worker 0 PID 33376 at time 27:875000000
OSS PID:33375 SysClockS:27 SysClockNano:875000000
Process Table:
Entry Occupied PID StartS StartN MessagesSent
0 1 33376 1 0 108
1 1 33377 2 0 104
2 0 0 0 0 0
3 0 0 0 0 0
4 0 0 0 0 0
5 0 0 0 0 0
6 0 0 0 0 0
7 0 0 0 0 0
8 0 0 0 0 0
9 0 0 0 0 0
10 0 0 0 0 0
11 0 0 0 0 0
12 0 0 0 0 0
13 0 0 0 0 0
14 0 0 0 0 0
15 0 0 0 0 0
16 0 0 0 0 0
17 0 0 0 0 0
18 0 0 0 0 0
19 0 0 0 0 0

OSS: Sending message to worker 1 PID 33377 at time 28:0
OSS: Receiving message from worker 1 PID 33377 at time 28:0
OSS PID:33375 SysClockS:28 SysClockNano:0
Process Table:
Entry Occupied PID StartS StartN MessagesSent
0 1 33376 1 0 108
1 1 33377 2 0 105
2 0 0 0 0 0
3 0 0 0 0 0
4 0 0 0 0 0
5 0 0 0 0 0
6 0 0 0 0 0
7 0 0 0 0 0
8 0 0 0 0 0
9 0 0 0 0 0
10 0 0 0 0 0
11 0 0 0 0 0
12 0 0 0 0 0
13 0 0 0 0 0
14 0 0 0 0 0
15 0 0 0 0 0
16 0 0 0 0 0
17 0 0 0 0 0
18 0 0 0 0 0
19 0 0 0 0 0

OSS: Sending message to worker 0 PID 33376 at time 28:125000000
OSS: Receiving message from worker 0 PID 33376 at time 28:125000000
OSS PID:33375 SysClockS:28 SysClockNano:125000000
Process Table:
Entry Occupied PID StartS StartN MessagesSent
0 1 33376 1 0 109
1 1 33377 2 0 105
2 0 0 0 0 0
3 0 0 0 0 0
4 0 0 0 0 0
5 0 0 0 0 0
6 0 0 0 0 0
7 0 0 0 0 0
8 0 0 0 0 0
9 0 0 0 0 0
10 0 0 0 0 0
11 0 0 0 0 0
12 0 0 0 0 0
13 0 0 0 0 0
14 0 0 0 0 0
15 0 0 0 0 0
16 0 0 0 0 0
17 0 0 0 0 0
18 0 0 0 0 0
19 0 0 0 0 0

OSS: Sending message to worker 1 PID 33377 at time 28:250000000
OSS: Receiving message from worker 1 PID 33377 at time 28:250000000
OSS PID:33375 SysClockS:28 SysClockNano:250000000
Process Table:
Entry Occupied PID StartS StartN MessagesSent
0 1 33376 1 0 109
1 1 33377 2 0 106
2 0 0 0 0 0
3 0 0 0 0 0
4 0 0 0 0 0
5 0 0 0 0 0
6 0 0 0 0 0
7 0 0 0 0 0
8 0 0 0 0 0
9 0 0 0 0 0
10 0 0 0 0 0
11 0 0 0 0 0
12 0 0 0 0 0
13 0 0 0 0 0
14 0 0 0 0 0
15 0 0 0 0 0
16 0 0 0 0 0
17 0 0 0 0 0
18 0 0 0 0 0
19 0 0 0 0 0

OSS: Sending message to worker 0 PID 33376 at time 28:375000000
OSS: Receiving message from worker 0 PID 33376 at time 28:375000000
OSS PID:33375 SysClockS:28 SysClockNano:375000000
Process Table:
Entry Occupied PID StartS StartN MessagesSent
0 1 33376 1 0 110
1 1 33377 2 0 106
2 0 0 0 0 0
3 0 0 0 0 0
4 0 0 0 0 0
5 0 0 0 0 0
6 0 0 0 0 0
7 0 0 0 0 0
8 0 0 0 0 0
9 0 0 0 0 0
10 0 0 0 0 0
11 0 0 0 0 0
12 0 0 0 0 0
13 0 0 0 0 0
14 0 0 0 0 0
15 0 0 0 0 0
16 0 0 0 0 0
17 0 0 0 0 0
18 0 0 0 0 0
19 0 0 0 0 0

OSS: Sending message to worker 1 PID 33377 at time 28:500000000
OSS: Receiving message from worker 1 PID 33377 at time 28:500000000
OSS PID:33375 SysClockS:28 SysClockNano:500000000
Process Table:
Entry Occupied PID StartS StartN MessagesSent
0 1 33376 1 0 110
1 1 33377 2 0 107
2 0 0 0 0 0
3 0 0 0 0 0
4 0 0 0 0 0
5 0 0 0 0 0
6 0 0 0 0 0
7 0 0 0 0 0
8 0 0 0 0 0
9 0 0 0 0 0
10 0 0 0 0 0
11 0 0 0 0 0
12 0 0 0 0 0
13 0 0 0 0 0
14 0 0 0 0 0
15 0 0 0 0 0
16 0 0 0 0 0
17 0 0 0 0 0
18 0 0 0 0 0
19 0 0 0 0 0

OSS: Sending message to worker 0 PID 33376 at time 28:625000000
OSS: Receiving message from worker 0 PID 33376 at time 28:625000000
OSS PID:33375 SysClockS:28 SysClockNano:625000000
Process Table:
Entry Occupied PID StartS StartN MessagesSent
0 1 33376 1 0 111
1 1 33377 2 0 107
2 0 0 0 0 0
3 0 0 0 0 0
4 0 0 0 0 0
5 0 0 0 0 0
6 0 0 0 0 0
7 0 0 0 0 0
8 0 0 0 0 0
9 0 0 0 0 0
10 0 0 0 0 0
11 0 0 0 0 0
12 0 0 0 0 0
13 0 0 0 0 0
14 0 0 0 0 0
15 0 0 0 0 0
16 0 0 0 0 0
17 0 0 0 0 0
18 0 0 0 0 0
19 0 0 0 0 0

OSS: Sending message to worker 1 PID 33377 at time 28:750000000
OSS: Receiving message from worker 1 PID 33377 at time 28:750000000
OSS PID:33375 SysClockS:28 SysClockNano:750000000
Process Table:
Entry Occupied PID StartS StartN MessagesSent
0 1 33376 1 0 111
1 1 33377 2 0 108
2 0 0 0 0 0
3 0 0 0 0 0
4 0 0 0 0 0
5 0 0 0 0 0
6 0 0 0 0 0
7 0 0 0 0 0
8 0 0 0 0 0
9 0 0 0 0 0
10 0 0 0 0 0
11 0 0 0 0 0
12 0 0 0 0 0
13 0 0 0 0 0
14 0 0 0 0 0
15 0 0 0 0 0
16 0 0 0 0 0
17 0 0 0 0 0
18 0 0 0 0 0
19 0 0 0 0 0

OSS: Sending message to worker 0 PID 33376 at time 28:875000000
OSS: Receiving message from worker 0 PID 33376 at time 28:875000000
OSS PID:33375 SysClockS:28 SysClockNano:875000000
Process Table:
Entry Occupied PID StartS StartN MessagesSent
0 1 33376 1 0 112
1 1 33377 2 0 108
2 0 0 0 0 0
3 0 0 0 0 0
4 0 0 0 0 0
5 0 0 0 0 0
6 0 0 0 0 0
7 0 0 0 0 0
8 0 0 0 0 0
9 0 0 0 0 0
10 0 0 0 0 0
11 0 0 0 0 0
12 0 0 0 0 0
13 0 0 0 0 0
14 0 0 0 0 0
15 0 0 0 0 0
16 0 0 0 0 0
17 0 0 0 0 0
18 0 0 0 0 0
19 0 0 0 0 0

OSS: Sending message to worker 1 PID 33377 at time 29:0
OSS: Receiving message from worker 1 PID 33377 at time 29:0
OSS PID:33375 SysClockS:29 SysClockNano:0
Process Table:
Entry Occupied PID StartS StartN MessagesSent
0 1 33376 1 0 112
1 1 33377 2 0 109
2 0 0 0 0 0
3 0 0 0 0 0
4 0 0 0 0 0
5 0 0 0 0 0
6 0 0 0 0 0
7 0 0 0 0 0
8 0 0 0 0 0
9 0 0 0 0 0
10 0 0 0 0 0
11 0 0 0 0 0
12 0 0 0 0 0
13 0 0 0 0 0
14 0 0 0 0 0
15 0 0 0 0 0
16 0 0 0 0 0
17 0 0 0 0 0
18 0 0 0 0 0
19 0 0 0 0 0

OSS: Sending message to worker 0 PID 33376 at time 29:125000000
OSS: Receiving message from worker 0 PID 33376 at time 29:125000000
OSS PID:33375 SysClockS:29 SysClockNano:125000000
Process Table:
Entry Occupied PID StartS StartN MessagesSent
0 1 33376 1 0 113
1 1 33377 2 0 109
2 0 0 0 0 0
3 0 0 0 0 0
4 0 0 0 0 0
5 0 0 0 0 0
6 0 0 0 0 0
7 0 0 0 0 0
8 0 0 0 0 0
9 0 0 0 0 0
10 0 0 0 0 0
11 0 0 0 0 0
12 0 0 0 0 0
13 0 0 0 0 0
14 0 0 0 0 0
15 0 0 0 0 0
16 0 0 0 0 0
17 0 0 0 0 0
18 0 0 0 0 0
19 0 0 0 0 0

OSS: Sending message to worker 1 PID 33377 at time 29:250000000
OSS: Receiving message from worker 1 PID 33377 at time 29:250000000
OSS PID:33375 SysClockS:29 SysClockNano:250000000
Process Table:
Entry Occupied PID StartS StartN MessagesSent
0 1 33376 1 0 113
1 1 33377 2 0 110
2 0 0 0 0 0
3 0 0 0 0 0
4 0 0 0 0 0
5 0 0 0 0 0
6 0 0 0 0 0
7 0 0 0 0 0
8 0 0 0 0 0
9 0 0 0 0 0
10 0 0 0 0 0
11 0 0 0 0 0
12 0 0 0 0 0
13 0 0 0 0 0
14 0 0 0 0 0
15 0 0 0 0 0
16 0 0 0 0 0
17 0 0 0 0 0
18 0 0 0 0 0
19 0 0 0 0 0

OSS: Sending message to worker 0 PID 33376 at time 29:375000000
OSS: Receiving message from worker 0 PID 33376 at time 29:375000000
OSS PID:33375 SysClockS:29 SysClockNano:375000000
Process Table:
Entry Occupied PID StartS StartN MessagesSent
0 1 33376 1 0 114
1 1 33377 2 0 110
2 0 0 0 0 0
3 0 0 0 0 0
4 0 0 0 0 0
5 0 0 0 0 0
6 0 0 0 0 0
7 0 0 0 0 0
8 0 0 0 0 0
9 0 0 0 0 0
10 0 0 0 0 0
11 0 0 0 0 0
12 0 0 0 0 0
13 0 0 0 0 0
14 0 0 0 0 0
15 0 0 0 0 0
16 0 0 0 0 0
17 0 0 0 0 0
18 0 0 0 0 0
19 0 0 0 0 0

OSS: Sending message to worker 1 PID 33377 at time 29:500000000
OSS: Receiving message from worker 1 PID 33377 at time 29:500000000
OSS PID:33375 SysClockS:29 SysClockNano:500000000
Process Table:
Entry Occupied PID StartS StartN MessagesSent
0 1 33376 1 0 114
1 1 33377 2 0 111
2 0 0 0 0 0
3 0 0 0 0 0
4 0 0 0 0 0
5 0 0 0 0 0
6 0 0 0 0 0
7 0 0 0 0 0
8 0 0 0 0 0
9 0 0 0 0 0
10 0 0 0 0 0
11 0 0 0 0 0
12 0 0 0 0 0
13 0 0 0 0 0
14 0 0 0 0 0
15 0 0 0 0 0
16 0 0 0 0 0
17 0 0 0 0 0
18 0 0 0 0 0
19 0 0 0 0 0

OSS: Sending message to worker 0 PID 33376 at time 29:625000000
OSS: Receiving message from worker 0 PID 33376 at time 29:625000000
OSS PID:33375 SysClockS:29 SysClockNano:625000000
Process Table:
Entry Occupied PID StartS StartN MessagesSent
0 1 33376 1 0 115
1 1 33377 2 0 111
2 0 0 0 0 0
3 0 0 0 0 0
4 0 0 0 0 0
5 0 0 0 0 0
6 0 0 0 0 0
7 0 0 0 0 0
8 0 0 0 0 0
9 0 0 0 0 0
10 0 0 0 0 0
11 0 0 0 0 0
12 0 0 0 0 0
13 0 0 0 0 0
14 0 0 0 0 0
15 0 0 0 0 0
16 0 0 0 0 0
17 0 0 0 0 0
18 0 0 0 0 0
19 0 0 0 0 0

OSS: Sending message to worker 1 PID 33377 at time 29:750000000
OSS: Receiving message from worker 1 PID 33377 at time 29:750000000
OSS PID:33375 SysClockS:29 SysClockNano:750000000
Process Table:
Entry Occupied PID StartS StartN MessagesSent
0 1 33376 1 0 115
1 1 33377 2 0 112
2 0 0 0 0 0
3 0 0 0 0 0
4 0 0 0 0 0
5 0 0 0 0 0
6 0 0 0 0 0
7 0 0 0 0 0
8 0 0 0 0 0
9 0 0 0 0 0
10 0 0 0 0 0
11 0 0 0 0 0
12 0 0 0 0 0
13 0 0 0 0 0
14 0 0 0 0 0
15 0 0 0 0 0
16 0 0 0 0 0
17 0 0 0 0 0
18 0 0 0 0 0
19 0 0 0 0 0

OSS: Sending message to worker 0 PID 33376 at time 29:875000000
OSS: Receiving message from worker 0 PID 33376 at time 29:875000000
OSS PID:33375 SysClockS:29 SysClockNano:875000000
Process Table:
Entry Occupied PID StartS StartN MessagesSent
0 1 33376 1 0 116
1 1 33377 2 0 112
2 0 0 0 0 0
3 0 0 0 0 0
4 0 0 0 0 0
5 0 0 0 0 0
6 0 0 0 0 0
7 0 0 0 0 0
8 0 0 0 0 0
9 0 0 0 0 0
10 0 0 0 0 0
11 0 0 0 0 0
12 0 0 0 0 0
13 0 0 0 0 0
14 0 0 0 0 0
15 0 0 0 0 0
16 0 0 0 0 0
17 0 0 0 0 0
18 0 0 0 0 0
19 0 0 0 0 0

OSS: Sending message to worker 1 PID 33377 at time 30:0
OSS: Receiving message from worker 1 PID 33377 at time 30:0
OSS PID:33375 SysClockS:30 SysClockNano:0
Process Table:
Entry Occupied PID StartS StartN MessagesSent
0 1 33376 1 0 116
1 1 33377 2 0 113
2 0 0 0 0 0
3 0 0 0 0 0
4 0 0 0 0 0
5 0 0 0 0 0
6 0 0 0 0 0
7 0 0 0 0 0
8 0 0 0 0 0
9 0 0 0 0 0
10 0 0 0 0 0
11 0 0 0 0 0
12 0 0 0 0 0
13 0 0 0 0 0
14 0 0 0 0 0
15 0 0 0 0 0
16 0 0 0 0 0
17 0 0 0 0 0
18 0 0 0 0 0
19 0 0 0 0 0

OSS: Sending message to worker 0 PID 33376 at time 30:125000000
OSS: Receiving message from worker 0 PID 33376 at time 30:125000000
OSS PID:33375 SysClockS:30 SysClockNano:125000000
Process Table:
Entry Occupied PID StartS StartN MessagesSent
0 1 33376 1 0 117
1 1 33377 2 0 113
2 0 0 0 0 0
3 0 0 0 0 0
4 0 0 0 0 0
5 0 0 0 0 0
6 0 0 0 0 0
7 0 0 0 0 0
8 0 0 0 0 0
9 0 0 0 0 0
10 0 0 0 0 0
11 0 0 0 0 0
12 0 0 0 0 0
13 0 0 0 0 0
14 0 0 0 0 0
15 0 0 0 0 0
16 0 0 0 0 0
17 0 0 0 0 0
18 0 0 0 0 0
19 0 0 0 0 0

OSS: Sending message to worker 1 PID 33377 at time 30:250000000
OSS: Receiving message from worker 1 PID 33377 at time 30:250000000
OSS PID:33375 SysClockS:30 SysClockNano:250000000
Process Table:
Entry Occupied PID StartS StartN MessagesSent
0 1 33376 1 0 117
1 1 33377 2 0 114
2 0 0 0 0 0
3 0 0 0 0 0
4 0 0 0 0 0
5 0 0 0 0 0
6 0 0 0 0 0
7 0 0 0 0 0
8 0 0 0 0 0
9 0 0 0 0 0
10 0 0 0 0 0
11 0 0 0 0 0
12 0 0 0 0 0
13 0 0 0 0 0
14 0 0 0 0 0
15 0 0 0 0 0
16 0 0 0 0 0
17 0 0 0 0 0
18 0 0 0 0 0
19 0 0 0 0 0

OSS: Sending message to worker 0 PID 33376 at time 30:375000000
OSS: Receiving message from worker 0 PID 33376 at time 30:375000000
OSS PID:33375 SysClockS:30 SysClockNano:375000000
Process Table:
Entry Occupied PID StartS StartN MessagesSent
0 1 33376 1 0 118
1 1 33377 2 0 114
2 0 0 0 0 0
3 0 0 0 0 0
4 0 0 0 0 0
5 0 0 0 0 0
6 0 0 0 0 0
7 0 0 0 0 0
8 0 0 0 0 0
9 0 0 0 0 0
10 0 0 0 0 0
11 0 0 0 0 0
12 0 0 0 0 0
13 0 0 0 0 0
14 0 0 0 0 0
15 0 0 0 0 0
16 0 0 0 0 0
17 0 0 0 0 0
18 0 0 0 0 0
19 0 0 0 0 0

OSS: Sending message to worker 1 PID 33377 at time 30:500000000
OSS: Receiving message from worker 1 PID 33377 at time 30:500000000
OSS PID:33375 SysClockS:30 SysClockNano:500000000
Process Table:
Entry Occupied PID StartS StartN MessagesSent
0 1 33376 1 0 118
1 1 33377 2 0 115
2 0 0 0 0 0
3 0 0 0 0 0
4 0 0 0 0 0
5 0 0 0 0 0
6 0 0 0 0 0
7 0 0 0 0 0
8 0 0 0 0 0
9 0 0 0 0 0
10 0 0 0 0 0
11 0 0 0 0 0
12 0 0 0 0 0
13 0 0 0 0 0
14 0 0 0 0 0
15 0 0 0 0 0
16 0 0 0 0 0
17 0 0 0 0 0
18 0 0 0 0 0
19 0 0 0 0 0

OSS: Sending message to worker 0 PID 33376 at time 30:625000000
OSS: Receiving message from worker 0 PID 33376 at time 30:625000000
OSS PID:33375 SysClockS:30 SysClockNano:625000000
Process Table:
Entry Occupied PID StartS StartN MessagesSent
0 1 33376 1 0 119
1 1 33377 2 0 115
2 0 0 0 0 0
3 0 0 0 0 0
4 0 0 0 0 0
5 0 0 0 0 0
6 0 0 0 0 0
7 0 0 0 0 0
8 0 0 0 0 0
9 0 0 0 0 0
10 0 0 0 0 0
11 0 0 0 0 0
12 0 0 0 0 0
13 0 0 0 0 0
14 0 0 0 0 0
15 0 0 0 0 0
16 0 0 0 0 0
17 0 0 0 0 0
18 0 0 0 0 0
19 0 0 0 0 0

OSS: Sending message to worker 1 PID 33377 at time 30:750000000
OSS: Receiving message from worker 1 PID 33377 at time 30:750000000
OSS PID:33375 SysClockS:30 SysClockNano:750000000
Process Table:
Entry Occupied PID StartS StartN MessagesSent
0 1 33376 1 0 119
1 1 33377 2 0 116
2 0 0 0 0 0
3 0 0 0 0 0
4 0 0 0 0 0
5 0 0 0 0 0
6 0 0 0 0 0
7 0 0 0 0 0
8 0 0 0 0 0
9 0 0 0 0 0
10 0 0 0 0 0
11 0 0 0 0 0
12 0 0 0 0 0
13 0 0 0 0 0
14 0 0 0 0 0
15 0 0 0 0 0
16 0 0 0 0 0
17 0 0 0 0 0
18 0 0 0 0 0
19 0 0 0 0 0

OSS: Sending message to worker 0 PID 33376 at time 30:875000000
OSS: Receiving message from worker 0 PID 33376 at time 30:875000000
OSS PID:33375 SysClockS:30 SysClockNano:875000000
Process Table:
Entry Occupied PID StartS StartN MessagesSent
0 1 33376 1 0 120
1 1 33377 2 0 116
2 0 0 0 0 0
3 0 0 0 0 0
4 0 0 0 0 0
5 0 0 0 0 0
6 0 0 0 0 0
7 0 0 0 0 0
8 0 0 0 0 0
9 0 0 0 0 0
10 0 0 0 0 0
11 0 0 0 0 0
12 0 0 0 0 0
13 0 0 0 0 0
14 0 0 0 0 0
15 0 0 0 0 0
16 0 0 0 0 0
17 0 0 0 0 0
18 0 0 0 0 0
19 0 0 0 0 0

OSS: Sending message to worker 1 PID 33377 at time 31:0
OSS: Receiving message from worker 1 PID 33377 at time 31:0
OSS PID:33375 SysClockS:31 SysClockNano:0
Process Table:
Entry Occupied PID StartS StartN MessagesSent
0 1 33376 1 0 120
1 1 33377 2 0 117
2 0 0 0 0 0
3 0 0 0 0 0
4 0 0 0 0 0
5 0 0 0 0 0
6 0 0 0 0 0
7 0 0 0 0 0
8 0 0 0 0 0
9 0 0 0 0 0
10 0 0 0 0 0
11 0 0 0 0 0
12 0 0 0 0 0
13 0 0 0 0 0
14 0 0 0 0 0
15 0 0 0 0 0
16 0 0 0 0 0
17 0 0 0 0 0
18 0 0 0 0 0
19 0 0 0 0 0

OSS: Sending message to worker 0 PID 33376 at time 31:125000000
OSS: Receiving message from worker 0 PID 33376 at time 31:125000000
OSS PID:33375 SysClockS:31 SysClockNano:125000000
Process Table:
Entry Occupied PID StartS StartN MessagesSent
0 1 33376 1 0 121
1 1 33377 2 0 117
2 0 0 0 0 0
3 0 0 0 0 0
4 0 0 0 0 0
5 0 0 0 0 0
6 0 0 0 0 0
7 0 0 0 0 0
8 0 0 0 0 0
9 0 0 0 0 0
10 0 0 0 0 0
11 0 0 0 0 0
12 0 0 0 0 0
13 0 0 0 0 0
14 0 0 0 0 0
15 0 0 0 0 0
16 0 0 0 0 0
17 0 0 0 0 0
18 0 0 0 0 0
19 0 0 0 0 0

OSS: Sending message to worker 1 PID 33377 at time 31:250000000
OSS: Receiving message from worker 1 PID 33377 at time 31:250000000
OSS PID:33375 SysClockS:31 SysClockNano:250000000
Process Table:
Entry Occupied PID StartS StartN MessagesSent
0 1 33376 1 0 121
1 1 33377 2 0 118
2 0 0 0 0 0
3 0 0 0 0 0
4 0 0 0 0 0
5 0 0 0 0 0
6 0 0 0 0 0
7 0 0 0 0 0
8 0 0 0 0 0
9 0 0 0 0 0
10 0 0 0 0 0
11 0 0 0 0 0
12 0 0 0 0 0
13 0 0 0 0 0
14 0 0 0 0 0
15 0 0 0 0 0
16 0 0 0 0 0
17 0 0 0 0 0
18 0 0 0 0 0
19 0 0 0 0 0

OSS: Sending message to worker 0 PID 33376 at time 31:375000000
OSS: Receiving message from worker 0 PID 33376 at time 31:375000000
OSS PID:33375 SysClockS:31 SysClockNano:375000000
Process Table:
Entry Occupied PID StartS StartN MessagesSent
0 1 33376 1 0 122
1 1 33377 2 0 118
2 0 0 0 0 0
3 0 0 0 0 0
4 0 0 0 0 0
5 0 0 0 0 0
6 0 0 0 0 0
7 0 0 0 0 0
8 0 0 0 0 0
9 0 0 0 0 0
10 0 0 0 0 0
11 0 0 0 0 0
12 0 0 0 0 0
13 0 0 0 0 0
14 0 0 0 0 0
15 0 0 0 0 0
16 0 0 0 0 0
17 0 0 0 0 0
18 0 0 0 0 0
19 0 0 0 0 0

OSS: Sending message to worker 1 PID 33377 at time 31:500000000
OSS: Receiving message from worker 1 PID 33377 at time 31:500000000
OSS PID:33375 SysClockS:31 SysClockNano:500000000
Process Table:
Entry Occupied PID StartS StartN MessagesSent
0 1 33376 1 0 122
1 1 33377 2 0 119
2 0 0 0 0 0
3 0 0 0 0 0
4 0 0 0 0 0
5 0 0 0 0 0
6 0 0 0 0 0
7 0 0 0 0 0
8 0 0 0 0 0
9 0 0 0 0 0
10 0 0 0 0 0
11 0 0 0 0 0
12 0 0 0 0 0
13 0 0 0 0 0
14 0 0 0 0 0
15 0 0 0 0 0
16 0 0 0 0 0
17 0 0 0 0 0
18 0 0 0 0 0
19 0 0 0 0 0

OSS: Sending message to worker 0 PID 33376 at time 31:625000000
OSS: Receiving message from worker 0 PID 33376 at time 31:625000000
OSS PID:33375 SysClockS:31 SysClockNano:625000000
Process Table:
Entry Occupied PID StartS StartN MessagesSent
0 1 33376 1 0 123
1 1 33377 2 0 119
2 0 0 0 0 0
3 0 0 0 0 0
4 0 0 0 0 0
5 0 0 0 0 0
6 0 0 0 0 0
7 0 0 0 0 0
8 0 0 0 0 0
9 0 0 0 0 0
10 0 0 0 0 0
11 0 0 0 0 0
12 0 0 0 0 0
13 0 0 0 0 0
14 0 0 0 0 0
15 0 0 0 0 0
16 0 0 0 0 0
17 0 0 0 0 0
18 0 0 0 0 0
19 0 0 0 0 0

OSS: Sending message to worker 1 PID 33377 at time 31:750000000
OSS: Receiving message from worker 1 PID 33377 at time 31:750000000
OSS PID:33375 SysClockS:31 SysClockNano:750000000
Process Table:
Entry Occupied PID StartS StartN MessagesSent
0 1 33376 1 0 123
1 1 33377 2 0 120
2 0 0 0 0 0
3 0 0 0 0 0
4 0 0 0 0 0
5 0 0 0 0 0
6 0 0 0 0 0
7 0 0 0 0 0
8 0 0 0 0 0
9 0 0 0 0 0
10 0 0 0 0 0
11 0 0 0 0 0
12 0 0 0 0 0
13 0 0 0 0 0
14 0 0 0 0 0
15 0 0 0 0 0
16 0 0 0 0 0
17 0 0 0 0 0
18 0 0 0 0 0
19 0 0 0 0 0

OSS: Sending message to worker 0 PID 33376 at time 31:875000000
OSS: Receiving message from worker 0 PID 33376 at time 31:875000000
OSS PID:33375 SysClockS:31 SysClockNano:875000000
Process Table:
Entry Occupied PID StartS StartN MessagesSent
0 1 33376 1 0 124
1 1 33377 2 0 120
2 0 0 0 0 0
3 0 0 0 0 0
4 0 0 0 0 0
5 0 0 0 0 0
6 0 0 0 0 0
7 0 0 0 0 0
8 0 0 0 0 0
9 0 0 0 0 0
10 0 0 0 0 0
11 0 0 0 0 0
12 0 0 0 0 0
13 0 0 0 0 0
14 0 0 0 0 0
15 0 0 0 0 0
16 0 0 0 0 0
17 0 0 0 0 0
18 0 0 0 0 0
19 0 0 0 0 0

OSS: Sending message to worker 1 PID 33377 at time 32:0
OSS: Receiving message from worker 1 PID 33377 at time 32:0
OSS PID:33375 SysClockS:32 SysClockNano:0
Process Table:
Entry Occupied PID StartS StartN MessagesSent
0 1 33376 1 0 124
1 1 33377 2 0 121
2 0 0 0 0 0
3 0 0 0 0 0
4 0 0 0 0 0
5 0 0 0 0 0
6 0 0 0 0 0
7 0 0 0 0 0
8 0 0 0 0 0
9 0 0 0 0 0
10 0 0 0 0 0
11 0 0 0 0 0
12 0 0 0 0 0
13 0 0 0 0 0
14 0 0 0 0 0
15 0 0 0 0 0
16 0 0 0 0 0
17 0 0 0 0 0
18 0 0 0 0 0
19 0 0 0 0 0

OSS: Sending message to worker 0 PID 33376 at time 32:125000000
OSS: Receiving message from worker 0 PID 33376 at time 32:125000000
OSS PID:33375 SysClockS:32 SysClockNano:125000000
Process Table:
Entry Occupied PID StartS StartN MessagesSent
0 1 33376 1 0 125
1 1 33377 2 0 121
2 0 0 0 0 0
3 0 0 0 0 0
4 0 0 0 0 0
5 0 0 0 0 0
6 0 0 0 0 0
7 0 0 0 0 0
8 0 0 0 0 0
9 0 0 0 0 0
10 0 0 0 0 0
11 0 0 0 0 0
12 0 0 0 0 0
13 0 0 0 0 0
14 0 0 0 0 0
15 0 0 0 0 0
16 0 0 0 0 0
17 0 0 0 0 0
18 0 0 0 0 0
19 0 0 0 0 0

OSS: Sending message to worker 1 PID 33377 at time 32:250000000
OSS: Receiving message from worker 1 PID 33377 at time 32:250000000
OSS PID:33375 SysClockS:32 SysClockNano:250000000
Process Table:
Entry Occupied PID StartS StartN MessagesSent
0 1 33376 1 0 125
1 1 33377 2 0 122
2 0 0 0 0 0
3 0 0 0 0 0
4 0 0 0 0 0
5 0 0 0 0 0
6 0 0 0 0 0
7 0 0 0 0 0
8 0 0 0 0 0
9 0 0 0 0 0
10 0 0 0 0 0
11 0 0 0 0 0
12 0 0 0 0 0
13 0 0 0 0 0
14 0 0 0 0 0
15 0 0 0 0 0
16 0 0 0 0 0
17 0 0 0 0 0
18 0 0 0 0 0
19 0 0 0 0 0

OSS: Sending message to worker 0 PID 33376 at time 32:375000000
OSS: Receiving message from worker 0 PID 33376 at time 32:375000000
OSS PID:33375 SysClockS:32 SysClockNano:375000000
Process Table:
Entry Occupied PID StartS StartN MessagesSent
0 1 33376 1 0 126
1 1 33377 2 0 122
2 0 0 0 0 0
3 0 0 0 0 0
4 0 0 0 0 0
5 0 0 0 0 0
6 0 0 0 0 0
7 0 0 0 0 0
8 0 0 0 0 0
9 0 0 0 0 0
10 0 0 0 0 0
11 0 0 0 0 0
12 0 0 0 0 0
13 0 0 0 0 0
14 0 0 0 0 0
15 0 0 0 0 0
16 0 0 0 0 0
17 0 0 0 0 0
18 0 0 0 0 0
19 0 0 0 0 0

OSS: Sending message to worker 1 PID 33377 at time 32:500000000
OSS: Receiving message from worker 1 PID 33377 at time 32:500000000
OSS PID:33375 SysClockS:32 SysClockNano:500000000
Process Table:
Entry Occupied PID StartS StartN MessagesSent
0 1 33376 1 0 126
1 1 33377 2 0 123
2 0 0 0 0 0
3 0 0 0 0 0
4 0 0 0 0 0
5 0 0 0 0 0
6 0 0 0 0 0
7 0 0 0 0 0
8 0 0 0 0 0
9 0 0 0 0 0
10 0 0 0 0 0
11 0 0 0 0 0
12 0 0 0 0 0
13 0 0 0 0 0
14 0 0 0 0 0
15 0 0 0 0 0
16 0 0 0 0 0
17 0 0 0 0 0
18 0 0 0 0 0
19 0 0 0 0 0

OSS: Sending message to worker 0 PID 33376 at time 32:625000000
OSS: Receiving message from worker 0 PID 33376 at time 32:625000000
OSS PID:33375 SysClockS:32 SysClockNano:625000000
Process Table:
Entry Occupied PID StartS StartN MessagesSent
0 1 33376 1 0 127
1 1 33377 2 0 123
2 0 0 0 0 0
3 0 0 0 0 0
4 0 0 0 0 0
5 0 0 0 0 0
6 0 0 0 0 0
7 0 0 0 0 0
8 0 0 0 0 0
9 0 0 0 0 0
10 0 0 0 0 0
11 0 0 0 0 0
12 0 0 0 0 0
13 0 0 0 0 0
14 0 0 0 0 0
15 0 0 0 0 0
16 0 0 0 0 0
17 0 0 0 0 0
18 0 0 0 0 0
19 0 0 0 0 0

OSS: Sending message to worker 1 PID 33377 at time 32:750000000
OSS: Receiving message from worker 1 PID 33377 at time 32:750000000
OSS PID:33375 SysClockS:32 SysClockNano:750000000
Process Table:
Entry Occupied PID StartS StartN MessagesSent
0 1 33376 1 0 127
1 1 33377 2 0 124
2 0 0 0 0 0
3 0 0 0 0 0
4 0 0 0 0 0
5 0 0 0 0 0
6 0 0 0 0 0
7 0 0 0 0 0
8 0 0 0 0 0
9 0 0 0 0 0
10 0 0 0 0 0
11 0 0 0 0 0
12 0 0 0 0 0
13 0 0 0 0 0
14 0 0 0 0 0
15 0 0 0 0 0
16 0 0 0 0 0
17 0 0 0 0 0
18 0 0 0 0 0
19 0 0 0 0 0

OSS: Sending message to worker 0 PID 33376 at time 32:875000000
OSS: Receiving message from worker 0 PID 33376 at time 32:875000000
OSS PID:33375 SysClockS:32 SysClockNano:875000000
Process Table:
Entry Occupied PID StartS StartN MessagesSent
0 1 33376 1 0 128
1 1 33377 2 0 124
2 0 0 0 0 0
3 0 0 0 0 0
4 0 0 0 0 0
5 0 0 0 0 0
6 0 0 0 0 0
7 0 0 0 0 0
8 0 0 0 0 0
9 0 0 0 0 0
10 0 0 0 0 0
11 0 0 0 0 0
12 0 0 0 0 0
13 0 0 0 0 0
14 0 0 0 0 0
15 0 0 0 0 0
16 0 0 0 0 0
17 0 0 0 0 0
18 0 0 0 0 0
19 0 0 0 0 0

OSS: Sending message to worker 1 PID 33377 at time 33:0
OSS: Receiving message from worker 1 PID 33377 at time 33:0
OSS PID:33375 SysClockS:33 SysClockNano:0
Process Table:
Entry Occupied PID StartS StartN MessagesSent
0 1 33376 1 0 128
1 1 33377 2 0 125
2 0 0 0 0 0
3 0 0 0 0 0
4 0 0 0 0 0
5 0 0 0 0 0
6 0 0 0 0 0
7 0 0 0 0 0
8 0 0 0 0 0
9 0 0 0 0 0
10 0 0 0 0 0
11 0 0 0 0 0
12 0 0 0 0 0
13 0 0 0 0 0
14 0 0 0 0 0
15 0 0 0 0 0
16 0 0 0 0 0
17 0 0 0 0 0
18 0 0 0 0 0
19 0 0 0 0 0

OSS: Sending message to worker 0 PID 33376 at time 33:125000000
OSS: Receiving message from worker 0 PID 33376 at time 33:125000000
OSS PID:33375 SysClockS:33 SysClockNano:125000000
Process Table:
Entry Occupied PID StartS StartN MessagesSent
0 1 33376 1 0 129
1 1 33377 2 0 125
2 0 0 0 0 0
3 0 0 0 0 0
4 0 0 0 0 0
5 0 0 0 0 0
6 0 0 0 0 0
7 0 0 0 0 0
8 0 0 0 0 0
9 0 0 0 0 0
10 0 0 0 0 0
11 0 0 0 0 0
12 0 0 0 0 0
13 0 0 0 0 0
14 0 0 0 0 0
15 0 0 0 0 0
16 0 0 0 0 0
17 0 0 0 0 0
18 0 0 0 0 0
19 0 0 0 0 0

OSS: Sending message to worker 1 PID 33377 at time 33:250000000
OSS: Receiving message from worker 1 PID 33377 at time 33:250000000
OSS PID:33375 SysClockS:33 SysClockNano:250000000
Process Table:
Entry Occupied PID StartS StartN MessagesSent
0 1 33376 1 0 129
1 1 33377 2 0 126
2 0 0 0 0 0
3 0 0 0 0 0
4 0 0 0 0 0
5 0 0 0 0 0
6 0 0 0 0 0
7 0 0 0 0 0
8 0 0 0 0 0
9 0 0 0 0 0
10 0 0 0 0 0
11 0 0 0 0 0
12 0 0 0 0 0
13 0 0 0 0 0
14 0 0 0 0 0
15 0 0 0 0 0
16 0 0 0 0 0
17 0 0 0 0 0
18 0 0 0 0 0
19 0 0 0 0 0

OSS: Sending message to worker 0 PID 33376 at time 33:375000000
OSS: Receiving message from worker 0 PID 33376 at time 33:375000000
OSS PID:33375 SysClockS:33 SysClockNano:375000000
Process Table:
Entry Occupied PID StartS StartN MessagesSent
0 1 33376 1 0 130
1 1 33377 2 0 126
2 0 0 0 0 0
3 0 0 0 0 0
4 0 0 0 0 0
5 0 0 0 0 0
6 0 0 0 0 0
7 0 0 0 0 0
8 0 0 0 0 0
9 0 0 0 0 0
10 0 0 0 0 0
11 0 0 0 0 0
12 0 0 0 0 0
13 0 0 0 0 0
14 0 0 0 0 0
15 0 0 0 0 0
16 0 0 0 0 0
17 0 0 0 0 0
18 0 0 0 0 0
19 0 0 0 0 0

OSS: Sending message to worker 1 PID 33377 at time 33:500000000
OSS: Receiving message from worker 1 PID 33377 at time 33:500000000
OSS PID:33375 SysClockS:33 SysClockNano:500000000
Process Table:
Entry Occupied PID StartS StartN MessagesSent
0 1 33376 1 0 130
1 1 33377 2 0 127
2 0 0 0 0 0
3 0 0 0 0 0
4 0 0 0 0 0
5 0 0 0 0 0
6 0 0 0 0 0
7 0 0 0 0 0
8 0 0 0 0 0
9 0 0 0 0 0
10 0 0 0 0 0
11 0 0 0 0 0
12 0 0 0 0 0
13 0 0 0 0 0
14 0 0 0 0 0
15 0 0 0 0 0
16 0 0 0 0 0
17 0 0 0 0 0
18 0 0 0 0 0
19 0 0 0 0 0

OSS: Sending message to worker 0 PID 33376 at time 33:625000000
OSS: Receiving message from worker 0 PID 33376 at time 33:625000000
OSS PID:33375 SysClockS:33 SysClockNano:625000000
Process Table:
Entry Occupied PID StartS StartN MessagesSent
0 1 33376 1 0 131
1 1 33377 2 0 127
2 0 0 0 0 0
3 0 0 0 0 0
4 0 0 0 0 0
5 0 0 0 0 0
6 0 0 0 0 0
7 0 0 0 0 0
8 0 0 0 0 0
9 0 0 0 0 0
10 0 0 0 0 0
11 0 0 0 0 0
12 0 0 0 0 0
13 0 0 0 0 0
14 0 0 0 0 0
15 0 0 0 0 0
16 0 0 0 0 0
17 0 0 0 0 0
18 0 0 0 0 0
19 0 0 0 0 0

OSS: Sending message to worker 1 PID 33377 at time 33:750000000
OSS: Receiving message from worker 1 PID 33377 at time 33:750000000
OSS PID:33375 SysClockS:33 SysClockNano:750000000
Process Table:
Entry Occupied PID StartS StartN MessagesSent
0 1 33376 1 0 131
1 1 33377 2 0 128
2 0 0 0 0 0
3 0 0 0 0 0
4 0 0 0 0 0
5 0 0 0 0 0
6 0 0 0 0 0
7 0 0 0 0 0
8 0 0 0 0 0
9 0 0 0 0 0
10 0 0 0 0 0
11 0 0 0 0 0
12 0 0 0 0 0
13 0 0 0 0 0
14 0 0 0 0 0
15 0 0 0 0 0
16 0 0 0 0 0
17 0 0 0 0 0
18 0 0 0 0 0
19 0 0 0 0 0

OSS: Sending message to worker 0 PID 33376 at time 33:875000000
OSS: Receiving message from worker 0 PID 33376 at time 33:875000000
OSS PID:33375 SysClockS:33 SysClockNano:875000000
Process Table:
Entry Occupied PID StartS StartN MessagesSent
0 1 33376 1 0 132
1 1 33377 2 0 128
2 0 0 0 0 0
3 0 0 0 0 0
4 0 0 0 0 0
5 0 0 0 0 0
6 0 0 0 0 0
7 0 0 0 0 0
8 0 0 0 0 0
9 0 0 0 0 0
10 0 0 0 0 0
11 0 0 0 0 0
12 0 0 0 0 0
13 0 0 0 0 0
14 0 0 0 0 0
15 0 0 0 0 0
16 0 0 0 0 0
17 0 0 0 0 0
18 0 0 0 0 0
19 0 0 0 0 0

OSS: Sending message to worker 1 PID 33377 at time 34:0
OSS: Receiving message from worker 1 PID 33377 at time 34:0
OSS PID:33375 SysClockS:34 SysClockNano:0
Process Table:
Entry Occupied PID StartS StartN MessagesSent
0 1 33376 1 0 132
1 1 33377 2 0 129
2 0 0 0 0 0
3 0 0 0 0 0
4 0 0 0 0 0
5 0 0 0 0 0
6 0 0 0 0 0
7 0 0 0 0 0
8 0 0 0 0 0
9 0 0 0 0 0
10 0 0 0 0 0
11 0 0 0 0 0
12 0 0 0 0 0
13 0 0 0 0 0
14 0 0 0 0 0
15 0 0 0 0 0
16 0 0 0 0 0
17 0 0 0 0 0
18 0 0 0 0 0
19 0 0 0 0 0

OSS: Sending message to worker 0 PID 33376 at time 34:125000000
OSS: Receiving message from worker 0 PID 33376 at time 34:125000000
OSS PID:33375 SysClockS:34 SysClockNano:125000000
Process Table:
Entry Occupied PID StartS StartN MessagesSent
0 1 33376 1 0 133
1 1 33377 2 0 129
2 0 0 0 0 0
3 0 0 0 0 0
4 0 0 0 0 0
5 0 0 0 0 0
6 0 0 0 0 0
7 0 0 0 0 0
8 0 0 0 0 0
9 0 0 0 0 0
10 0 0 0 0 0
11 0 0 0 0 0
12 0 0 0 0 0
13 0 0 0 0 0
14 0 0 0 0 0
15 0 0 0 0 0
16 0 0 0 0 0
17 0 0 0 0 0
18 0 0 0 0 0
19 0 0 0 0 0

OSS: Sending message to worker 1 PID 33377 at time 34:250000000
OSS: Receiving message from worker 1 PID 33377 at time 34:250000000
OSS PID:33375 SysClockS:34 SysClockNano:250000000
Process Table:
Entry Occupied PID StartS StartN MessagesSent
0 1 33376 1 0 133
1 1 33377 2 0 130
2 0 0 0 0 0
3 0 0 0 0 0
4 0 0 0 0 0
5 0 0 0 0 0
6 0 0 0 0 0
7 0 0 0 0 0
8 0 0 0 0 0
9 0 0 0 0 0
10 0 0 0 0 0
11 0 0 0 0 0
12 0 0 0 0 0
13 0 0 0 0 0
14 0 0 0 0 0
15 0 0 0 0 0
16 0 0 0 0 0
17 0 0 0 0 0
18 0 0 0 0 0
19 0 0 0 0 0

OSS: Sending message to worker 0 PID 33376 at time 34:375000000
OSS: Receiving message from worker 0 PID 33376 at time 34:375000000
OSS PID:33375 SysClockS:34 SysClockNano:375000000
Process Table:
Entry Occupied PID StartS StartN MessagesSent
0 1 33376 1 0 134
1 1 33377 2 0 130
2 0 0 0 0 0
3 0 0 0 0 0
4 0 0 0 0 0
5 0 0 0 0 0
6 0 0 0 0 0
7 0 0 0 0 0
8 0 0 0 0 0
9 0 0 0 0 0
10 0 0 0 0 0
11 0 0 0 0 0
12 0 0 0 0 0
13 0 0 0 0 0
14 0 0 0 0 0
15 0 0 0 0 0
16 0 0 0 0 0
17 0 0 0 0 0
18 0 0 0 0 0
19 0 0 0 0 0

OSS: Sending message to worker 1 PID 33377 at time 34:500000000
OSS: Receiving message from worker 1 PID 33377 at time 34:500000000
OSS PID:33375 SysClockS:34 SysClockNano:500000000
Process Table:
Entry Occupied PID StartS StartN MessagesSent
0 1 33376 1 0 134
1 1 33377 2 0 131
2 0 0 0 0 0
3 0 0 0 0 0
4 0 0 0 0 0
5 0 0 0 0 0
6 0 0 0 0 0
7 0 0 0 0 0
8 0 0 0 0 0
9 0 0 0 0 0
10 0 0 0 0 0
11 0 0 0 0 0
12 0 0 0 0 0
13 0 0 0 0 0
14 0 0 0 0 0
15 0 0 0 0 0
16 0 0 0 0 0
17 0 0 0 0 0
18 0 0 0 0 0
19 0 0 0 0 0

OSS: Sending message to worker 0 PID 33376 at time 34:625000000
OSS: Receiving message from worker 0 PID 33376 at time 34:625000000
OSS PID:33375 SysClockS:34 SysClockNano:625000000
Process Table:
Entry Occupied PID StartS StartN MessagesSent
0 1 33376 1 0 135
1 1 33377 2 0 131
2 0 0 0 0 0
3 0 0 0 0 0
4 0 0 0 0 0
5 0 0 0 0 0
6 0 0 0 0 0
7 0 0 0 0 0
8 0 0 0 0 0
9 0 0 0 0 0
10 0 0 0 0 0
11 0 0 0 0 0
12 0 0 0 0 0
13 0 0 0 0 0
14 0 0 0 0 0
15 0 0 0 0 0
16 0 0 0 0 0
17 0 0 0 0 0
18 0 0 0 0 0
19 0 0 0 0 0

OSS: Sending message to worker 1 PID 33377 at time 34:750000000
OSS: Receiving message from worker 1 PID 33377 at time 34:750000000
OSS PID:33375 SysClockS:34 SysClockNano:750000000
Process Table:
Entry Occupied PID StartS StartN MessagesSent
0 1 33376 1 0 135
1 1 33377 2 0 132
2 0 0 0 0 0
3 0 0 0 0 0
4 0 0 0 0 0
5 0 0 0 0 0
6 0 0 0 0 0
7 0 0 0 0 0
8 0 0 0 0 0
9 0 0 0 0 0
10 0 0 0 0 0
11 0 0 0 0 0
12 0 0 0 0 0
13 0 0 0 0 0
14 0 0 0 0 0
15 0 0 0 0 0
16 0 0 0 0 0
17 0 0 0 0 0
18 0 0 0 0 0
19 0 0 0 0 0

OSS: Sending message to worker 0 PID 33376 at time 34:875000000
OSS: Receiving message from worker 0 PID 33376 at time 34:875000000
OSS PID:33375 SysClockS:34 SysClockNano:875000000
Process Table:
Entry Occupied PID StartS StartN MessagesSent
0 1 33376 1 0 136
1 1 33377 2 0 132
2 0 0 0 0 0
3 0 0 0 0 0
4 0 0 0 0 0
5 0 0 0 0 0
6 0 0 0 0 0
7 0 0 0 0 0
8 0 0 0 0 0
9 0 0 0 0 0
10 0 0 0 0 0
11 0 0 0 0 0
12 0 0 0 0 0
13 0 0 0 0 0
14 0 0 0 0 0
15 0 0 0 0 0
16 0 0 0 0 0
17 0 0 0 0 0
18 0 0 0 0 0
19 0 0 0 0 0

OSS: Sending message to worker 1 PID 33377 at time 35:0
OSS: Receiving message from worker 1 PID 33377 at time 35:0
OSS PID:33375 SysClockS:35 SysClockNano:0
Process Table:
Entry Occupied PID StartS StartN MessagesSent
0 1 33376 1 0 136
1 1 33377 2 0 133
2 0 0 0 0 0
3 0 0 0 0 0
4 0 0 0 0 0
5 0 0 0 0 0
6 0 0 0 0 0
7 0 0 0 0 0
8 0 0 0 0 0
9 0 0 0 0 0
10 0 0 0 0 0
11 0 0 0 0 0
12 0 0 0 0 0
13 0 0 0 0 0
14 0 0 0 0 0
15 0 0 0 0 0
16 0 0 0 0 0
17 0 0 0 0 0
18 0 0 0 0 0
19 0 0 0 0 0

OSS: Sending message to worker 0 PID 33376 at time 35:125000000
OSS: Receiving message from worker 0 PID 33376 at time 35:125000000
OSS PID:33375 SysClockS:35 SysClockNano:125000000
Process Table:
Entry Occupied PID StartS StartN MessagesSent
0 1 33376 1 0 137
1 1 33377 2 0 133
2 0 0 0 0 0
3 0 0 0 0 0
4 0 0 0 0 0
5 0 0 0 0 0
6 0 0 0 0 0
7 0 0 0 0 0
8 0 0 0 0 0
9 0 0 0 0 0
10 0 0 0 0 0
11 0 0 0 0 0
12 0 0 0 0 0
13 0 0 0 0 0
14 0 0 0 0 0
15 0 0 0 0 0
16 0 0 0 0 0
17 0 0 0 0 0
18 0 0 0 0 0
19 0 0 0 0 0

OSS: Sending message to worker 1 PID 33377 at time 35:250000000
OSS: Receiving message from worker 1 PID 33377 at time 35:250000000
OSS PID:33375 SysClockS:35 SysClockNano:250000000
Process Table:
Entry Occupied PID StartS StartN MessagesSent
0 1 33376 1 0 137
1 1 33377 2 0 134
2 0 0 0 0 0
3 0 0 0 0 0
4 0 0 0 0 0
5 0 0 0 0 0
6 0 0 0 0 0
7 0 0 0 0 0
8 0 0 0 0 0
9 0 0 0 0 0
10 0 0 0 0 0
11 0 0 0 0 0
12 0 0 0 0 0
13 0 0 0 0 0
14 0 0 0 0 0
15 0 0 0 0 0
16 0 0 0 0 0
17 0 0 0 0 0
18 0 0 0 0 0
19 0 0 0 0 0

OSS: Sending message to worker 0 PID 33376 at time 35:375000000
OSS: Receiving message from worker 0 PID 33376 at time 35:375000000
OSS PID:33375 SysClockS:35 SysClockNano:375000000
Process Table:
Entry Occupied PID StartS StartN MessagesSent
0 1 33376 1 0 138
1 1 33377 2 0 134
2 0 0 0 0 0
3 0 0 0 0 0
4 0 0 0 0 0
5 0 0 0 0 0
6 0 0 0 0 0
7 0 0 0 0 0
8 0 0 0 0 0
9 0 0 0 0 0
10 0 0 0 0 0
11 0 0 0 0 0
12 0 0 0 0 0
13 0 0 0 0 0
14 0 0 0 0 0
15 0 0 0 0 0
16 0 0 0 0 0
17 0 0 0 0 0
18 0 0 0 0 0
19 0 0 0 0 0

OSS: Sending message to worker 1 PID 33377 at time 35:500000000
OSS: Receiving message from worker 1 PID 33377 at time 35:500000000
OSS PID:33375 SysClockS:35 SysClockNano:500000000
Process Table:
Entry Occupied PID StartS StartN MessagesSent
0 1 33376 1 0 138
1 1 33377 2 0 135
2 0 0 0 0 0
3 0 0 0 0 0
4 0 0 0 0 0
5 0 0 0 0 0
6 0 0 0 0 0
7 0 0 0 0 0
8 0 0 0 0 0
9 0 0 0 0 0
10 0 0 0 0 0
11 0 0 0 0 0
12 0 0 0 0 0
13 0 0 0 0 0
14 0 0 0 0 0
15 0 0 0 0 0
16 0 0 0 0 0
17 0 0 0 0 0
18 0 0 0 0 0
19 0 0 0 0 0

OSS: Sending message to worker 0 PID 33376 at time 35:625000000
OSS: Receiving message from worker 0 PID 33376 at time 35:625000000
OSS PID:33375 SysClockS:35 SysClockNano:625000000
Process Table:
Entry Occupied PID StartS StartN MessagesSent
0 1 33376 1 0 139
1 1 33377 2 0 135
2 0 0 0 0 0
3 0 0 0 0 0
4 0 0 0 0 0
5 0 0 0 0 0
6 0 0 0 0 0
7 0 0 0 0 0
8 0 0 0 0 0
9 0 0 0 0 0
10 0 0 0 0 0
11 0 0 0 0 0
12 0 0 0 0 0
13 0 0 0 0 0
14 0 0 0 0 0
15 0 0 0 0 0
16 0 0 0 0 0
17 0 0 0 0 0
18 0 0 0 0 0
19 0 0 0 0 0

OSS: Sending message to worker 1 PID 33377 at time 35:750000000
OSS: Receiving message from worker 1 PID 33377 at time 35:750000000
OSS PID:33375 SysClockS:35 SysClockNano:750000000
Process Table:
Entry Occupied PID StartS StartN MessagesSent
0 1 33376 1 0 139
1 1 33377 2 0 136
2 0 0 0 0 0
3 0 0 0 0 0
4 0 0 0 0 0
5 0 0 0 0 0
6 0 0 0 0 0
7 0 0 0 0 0
8 0 0 0 0 0
9 0 0 0 0 0
10 0 0 0 0 0
11 0 0 0 0 0
12 0 0 0 0 0
13 0 0 0 0 0
14 0 0 0 0 0
15 0 0 0 0 0
16 0 0 0 0 0
17 0 0 0 0 0
18 0 0 0 0 0
19 0 0 0 0 0

OSS: Sending message to worker 0 PID 33376 at time 35:875000000
OSS: Receiving message from worker 0 PID 33376 at time 35:875000000
OSS PID:33375 SysClockS:35 SysClockNano:875000000
Process Table:
Entry Occupied PID StartS StartN MessagesSent
0 1 33376 1 0 140
1 1 33377 2 0 136
2 0 0 0 0 0
3 0 0 0 0 0
4 0 0 0 0 0
5 0 0 0 0 0
6 0 0 0 0 0
7 0 0 0 0 0
8 0 0 0 0 0
9 0 0 0 0 0
10 0 0 0 0 0
11 0 0 0 0 0
12 0 0 0 0 0
13 0 0 0 0 0
14 0 0 0 0 0
15 0 0 0 0 0
16 0 0 0 0 0
17 0 0 0 0 0
18 0 0 0 0 0
19 0 0 0 0 0

OSS: Sending message to worker 1 PID 33377 at time 36:0
OSS: Receiving message from worker 1 PID 33377 at time 36:0
OSS PID:33375 SysClockS:36 SysClockNano:0
Process Table:
Entry Occupied PID StartS StartN MessagesSent
0 1 33376 1 0 140
1 1 33377 2 0 137
2 0 0 0 0 0
3 0 0 0 0 0
4 0 0 0 0 0
5 0 0 0 0 0
6 0 0 0 0 0
7 0 0 0 0 0
8 0 0 0 0 0
9 0 0 0 0 0
10 0 0 0 0 0
11 0 0 0 0 0
12 0 0 0 0 0
13 0 0 0 0 0
14 0 0 0 0 0
15 0 0 0 0 0
16 0 0 0 0 0
17 0 0 0 0 0
18 0 0 0 0 0
19 0 0 0 0 0

OSS: Sending message to worker 0 PID 33376 at time 36:125000000
OSS: Receiving message from worker 0 PID 33376 at time 36:125000000
OSS PID:33375 SysClockS:36 SysClockNano:125000000
Process Table:
Entry Occupied PID StartS StartN MessagesSent
0 1 33376 1 0 141
1 1 33377 2 0 137
2 0 0 0 0 0
3 0 0 0 0 0
4 0 0 0 0 0
5 0 0 0 0 0
6 0 0 0 0 0
7 0 0 0 0 0
8 0 0 0 0 0
9 0 0 0 0 0
10 0 0 0 0 0
11 0 0 0 0 0
12 0 0 0 0 0
13 0 0 0 0 0
14 0 0 0 0 0
15 0 0 0 0 0
16 0 0 0 0 0
17 0 0 0 0 0
18 0 0 0 0 0
19 0 0 0 0 0

OSS: Sending message to worker 1 PID 33377 at time 36:250000000
OSS: Receiving message from worker 1 PID 33377 at time 36:250000000
OSS PID:33375 SysClockS:36 SysClockNano:250000000
Process Table:
Entry Occupied PID StartS StartN MessagesSent
0 1 33376 1 0 141
1 1 33377 2 0 138
2 0 0 0 0 0
3 0 0 0 0 0
4 0 0 0 0 0
5 0 0 0 0 0
6 0 0 0 0 0
7 0 0 0 0 0
8 0 0 0 0 0
9 0 0 0 0 0
10 0 0 0 0 0
11 0 0 0 0 0
12 0 0 0 0 0
13 0 0 0 0 0
14 0 0 0 0 0
15 0 0 0 0 0
16 0 0 0 0 0
17 0 0 0 0 0
18 0 0 0 0 0
19 0 0 0 0 0

OSS: Sending message to worker 0 PID 33376 at time 36:375000000
OSS: Receiving message from worker 0 PID 33376 at time 36:375000000
OSS PID:33375 SysClockS:36 SysClockNano:375000000
Process Table:
Entry Occupied PID StartS StartN MessagesSent
0 1 33376 1 0 142
1 1 33377 2 0 138
2 0 0 0 0 0
3 0 0 0 0 0
4 0 0 0 0 0
5 0 0 0 0 0
6 0 0 0 0 0
7 0 0 0 0 0
8 0 0 0 0 0
9 0 0 0 0 0
10 0 0 0 0 0
11 0 0 0 0 0
12 0 0 0 0 0
13 0 0 0 0 0
14 0 0 0 0 0
15 0 0 0 0 0
16 0 0 0 0 0
17 0 0 0 0 0
18 0 0 0 0 0
19 0 0 0 0 0

OSS: Sending message to worker 1 PID 33377 at time 36:500000000
OSS: Receiving message from worker 1 PID 33377 at time 36:500000000
OSS PID:33375 SysClockS:36 SysClockNano:500000000
Process Table:
Entry Occupied PID StartS StartN MessagesSent
0 1 33376 1 0 142
1 1 33377 2 0 139
2 0 0 0 0 0
3 0 0 0 0 0
4 0 0 0 0 0
5 0 0 0 0 0
6 0 0 0 0 0
7 0 0 0 0 0
8 0 0 0 0 0
9 0 0 0 0 0
10 0 0 0 0 0
11 0 0 0 0 0
12 0 0 0 0 0
13 0 0 0 0 0
14 0 0 0 0 0
15 0 0 0 0 0
16 0 0 0 0 0
17 0 0 0 0 0
18 0 0 0 0 0
19 0 0 0 0 0

OSS: Sending message to worker 0 PID 33376 at time 36:625000000
OSS: Receiving message from worker 0 PID 33376 at time 36:625000000
OSS PID:33375 SysClockS:36 SysClockNano:625000000
Process Table:
Entry Occupied PID StartS StartN MessagesSent
0 1 33376 1 0 143
1 1 33377 2 0 139
2 0 0 0 0 0
3 0 0 0 0 0
4 0 0 0 0 0
5 0 0 0 0 0
6 0 0 0 0 0
7 0 0 0 0 0
8 0 0 0 0 0
9 0 0 0 0 0
10 0 0 0 0 0
11 0 0 0 0 0
12 0 0 0 0 0
13 0 0 0 0 0
14 0 0 0 0 0
15 0 0 0 0 0
16 0 0 0 0 0
17 0 0 0 0 0
18 0 0 0 0 0
19 0 0 0 0 0

OSS: Sending message to worker 1 PID 33377 at time 36:750000000
OSS: Receiving message from worker 1 PID 33377 at time 36:750000000
OSS PID:33375 SysClockS:36 SysClockNano:750000000
Process Table:
Entry Occupied PID StartS StartN MessagesSent
0 1 33376 1 0 143
1 1 33377 2 0 140
2 0 0 0 0 0
3 0 0 0 0 0
4 0 0 0 0 0
5 0 0 0 0 0
6 0 0 0 0 0
7 0 0 0 0 0
8 0 0 0 0 0
9 0 0 0 0 0
10 0 0 0 0 0
11 0 0 0 0 0
12 0 0 0 0 0
13 0 0 0 0 0
14 0 0 0 0 0
15 0 0 0 0 0
16 0 0 0 0 0
17 0 0 0 0 0
18 0 0 0 0 0
19 0 0 0 0 0

OSS: Sending message to worker 0 PID 33376 at time 36:875000000
OSS: Receiving message from worker 0 PID 33376 at time 36:875000000
OSS PID:33375 SysClockS:36 SysClockNano:875000000
Process Table:
Entry Occupied PID StartS StartN MessagesSent
0 1 33376 1 0 144
1 1 33377 2 0 140
2 0 0 0 0 0
3 0 0 0 0 0
4 0 0 0 0 0
5 0 0 0 0 0
6 0 0 0 0 0
7 0 0 0 0 0
8 0 0 0 0 0
9 0 0 0 0 0
10 0 0 0 0 0
11 0 0 0 0 0
12 0 0 0 0 0
13 0 0 0 0 0
14 0 0 0 0 0
15 0 0 0 0 0
16 0 0 0 0 0
17 0 0 0 0 0
18 0 0 0 0 0
19 0 0 0 0 0

OSS: Sending message to worker 1 PID 33377 at time 37:0
OSS: Receiving message from worker 1 PID 33377 at time 37:0
OSS PID:33375 SysClockS:37 SysClockNano:0
Process Table:
Entry Occupied PID StartS StartN MessagesSent
0 1 33376 1 0 144
1 1 33377 2 0 141
2 0 0 0 0 0
3 0 0 0 0 0
4 0 0 0 0 0
5 0 0 0 0 0
6 0 0 0 0 0
7 0 0 0 0 0
8 0 0 0 0 0
9 0 0 0 0 0
10 0 0 0 0 0
11 0 0 0 0 0
12 0 0 0 0 0
13 0 0 0 0 0
14 0 0 0 0 0
15 0 0 0 0 0
16 0 0 0 0 0
17 0 0 0 0 0
18 0 0 0 0 0
19 0 0 0 0 0

OSS: Sending message to worker 0 PID 33376 at time 37:125000000
OSS: Receiving message from worker 0 PID 33376 at time 37:125000000
OSS PID:33375 SysClockS:37 SysClockNano:125000000
Process Table:
Entry Occupied PID StartS StartN MessagesSent
0 1 33376 1 0 145
1 1 33377 2 0 141
2 0 0 0 0 0
3 0 0 0 0 0
4 0 0 0 0 0
5 0 0 0 0 0
6 0 0 0 0 0
7 0 0 0 0 0
8 0 0 0 0 0
9 0 0 0 0 0
10 0 0 0 0 0
11 0 0 0 0 0
12 0 0 0 0 0
13 0 0 0 0 0
14 0 0 0 0 0
15 0 0 0 0 0
16 0 0 0 0 0
17 0 0 0 0 0
18 0 0 0 0 0
19 0 0 0 0 0

OSS: Sending message to worker 1 PID 33377 at time 37:250000000
OSS: Receiving message from worker 1 PID 33377 at time 37:250000000
OSS PID:33375 SysClockS:37 SysClockNano:250000000
Process Table:
Entry Occupied PID StartS StartN MessagesSent
0 1 33376 1 0 145
1 1 33377 2 0 142
2 0 0 0 0 0
3 0 0 0 0 0
4 0 0 0 0 0
5 0 0 0 0 0
6 0 0 0 0 0
7 0 0 0 0 0
8 0 0 0 0 0
9 0 0 0 0 0
10 0 0 0 0 0
11 0 0 0 0 0
12 0 0 0 0 0
13 0 0 0 0 0
14 0 0 0 0 0
15 0 0 0 0 0
16 0 0 0 0 0
17 0 0 0 0 0
18 0 0 0 0 0
19 0 0 0 0 0

OSS: Sending message to worker 0 PID 33376 at time 37:375000000
OSS: Receiving message from worker 0 PID 33376 at time 37:375000000
OSS PID:33375 SysClockS:37 SysClockNano:375000000
Process Table:
Entry Occupied PID StartS StartN MessagesSent
0 1 33376 1 0 146
1 1 33377 2 0 142
2 0 0 0 0 0
3 0 0 0 0 0
4 0 0 0 0 0
5 0 0 0 0 0
6 0 0 0 0 0
7 0 0 0 0 0
8 0 0 0 0 0
9 0 0 0 0 0
10 0 0 0 0 0
11 0 0 0 0 0
12 0 0 0 0 0
13 0 0 0 0 0
14 0 0 0 0 0
15 0 0 0 0 0
16 0 0 0 0 0
17 0 0 0 0 0
18 0 0 0 0 0
19 0 0 0 0 0

OSS: Sending message to worker 1 PID 33377 at time 37:500000000
OSS: Receiving message from worker 1 PID 33377 at time 37:500000000
OSS PID:33375 SysClockS:37 SysClockNano:500000000
Process Table:
Entry Occupied PID StartS StartN MessagesSent
0 1 33376 1 0 146
1 1 33377 2 0 143
2 0 0 0 0 0
3 0 0 0 0 0
4 0 0 0 0 0
5 0 0 0 0 0
6 0 0 0 0 0
7 0 0 0 0 0
8 0 0 0 0 0
9 0 0 0 0 0
10 0 0 0 0 0
11 0 0 0 0 0
12 0 0 0 0 0
13 0 0 0 0 0
14 0 0 0 0 0
15 0 0 0 0 0
16 0 0 0 0 0
17 0 0 0 0 0
18 0 0 0 0 0
19 0 0 0 0 0

OSS: Sending message to worker 0 PID 33376 at time 37:625000000
OSS: Receiving message from worker 0 PID 33376 at time 37:625000000
OSS PID:33375 SysClockS:37 SysClockNano:625000000
Process Table:
Entry Occupied PID StartS StartN MessagesSent
0 1 33376 1 0 147
1 1 33377 2 0 143
2 0 0 0 0 0
3 0 0 0 0 0
4 0 0 0 0 0
5 0 0 0 0 0
6 0 0 0 0 0
7 0 0 0 0 0
8 0 0 0 0 0
9 0 0 0 0 0
10 0 0 0 0 0
11 0 0 0 0 0
12 0 0 0 0 0
13 0 0 0 0 0
14 0 0 0 0 0
15 0 0 0 0 0
16 0 0 0 0 0
17 0 0 0 0 0
18 0 0 0 0 0
19 0 0 0 0 0

OSS: Sending message to worker 1 PID 33377 at time 37:750000000
OSS: Receiving message from worker 1 PID 33377 at time 37:750000000
OSS PID:33375 SysClockS:37 SysClockNano:750000000
Process Table:
Entry Occupied PID StartS StartN MessagesSent
0 1 33376 1 0 147
1 1 33377 2 0 144
2 0 0 0 0 0
3 0 0 0 0 0
4 0 0 0 0 0
5 0 0 0 0 0
6 0 0 0 0 0
7 0 0 0 0 0
8 0 0 0 0 0
9 0 0 0 0 0
10 0 0 0 0 0
11 0 0 0 0 0
12 0 0 0 0 0
13 0 0 0 0 0
14 0 0 0 0 0
15 0 0 0 0 0
16 0 0 0 0 0
17 0 0 0 0 0
18 0 0 0 0 0
19 0 0 0 0 0

OSS: Sending message to worker 0 PID 33376 at time 37:875000000
OSS: Receiving message from worker 0 PID 33376 at time 37:875000000
OSS PID:33375 SysClockS:37 SysClockNano:875000000
Process Table:
Entry Occupied PID StartS StartN MessagesSent
0 1 33376 1 0 148
1 1 33377 2 0 144
2 0 0 0 0 0
3 0 0 0 0 0
4 0 0 0 0 0
5 0 0 0 0 0
6 0 0 0 0 0
7 0 0 0 0 0
8 0 0 0 0 0
9 0 0 0 0 0
10 0 0 0 0 0
11 0 0 0 0 0
12 0 0 0 0 0
13 0 0 0 0 0
14 0 0 0 0 0
15 0 0 0 0 0
16 0 0 0 0 0
17 0 0 0 0 0
18 0 0 0 0 0
19 0 0 0 0 0

OSS: Sending message to worker 1 PID 33377 at time 38:0
OSS: Receiving message from worker 1 PID 33377 at time 38:0
OSS PID:33375 SysClockS:38 SysClockNano:0
Process Table:
Entry Occupied PID StartS StartN MessagesSent
0 1 33376 1 0 148
1 1 33377 2 0 145
2 0 0 0 0 0
3 0 0 0 0 0
4 0 0 0 0 0
5 0 0 0 0 0
6 0 0 0 0 0
7 0 0 0 0 0
8 0 0 0 0 0
9 0 0 0 0 0
10 0 0 0 0 0
11 0 0 0 0 0
12 0 0 0 0 0
13 0 0 0 0 0
14 0 0 0 0 0
15 0 0 0 0 0
16 0 0 0 0 0
17 0 0 0 0 0
18 0 0 0 0 0
19 0 0 0 0 0

OSS: Sending message to worker 0 PID 33376 at time 38:125000000
OSS: Receiving message from worker 0 PID 33376 at time 38:125000000
OSS PID:33375 SysClockS:38 SysClockNano:125000000
Process Table:
Entry Occupied PID StartS StartN MessagesSent
0 1 33376 1 0 149
1 1 33377 2 0 145
2 0 0 0 0 0
3 0 0 0 0 0
4 0 0 0 0 0
5 0 0 0 0 0
6 0 0 0 0 0
7 0 0 0 0 0
8 0 0 0 0 0
9 0 0 0 0 0
10 0 0 0 0 0
11 0 0 0 0 0
12 0 0 0 0 0
13 0 0 0 0 0
14 0 0 0 0 0
15 0 0 0 0 0
16 0 0 0 0 0
17 0 0 0 0 0
18 0 0 0 0 0
19 0 0 0 0 0

OSS: Sending message to worker 1 PID 33377 at time 38:250000000
OSS: Receiving message from worker 1 PID 33377 at time 38:250000000
OSS PID:33375 SysClockS:38 SysClockNano:250000000
Process Table:
Entry Occupied PID StartS StartN MessagesSent
0 1 33376 1 0 149
1 1 33377 2 0 146
2 0 0 0 0 0
3 0 0 0 0 0
4 0 0 0 0 0
5 0 0 0 0 0
6 0 0 0 0 0
7 0 0 0 0 0
8 0 0 0 0 0
9 0 0 0 0 0
10 0 0 0 0 0
11 0 0 0 0 0
12 0 0 0 0 0
13 0 0 0 0 0
14 0 0 0 0 0
15 0 0 0 0 0
16 0 0 0 0 0
17 0 0 0 0 0
18 0 0 0 0 0
19 0 0 0 0 0

OSS: Sending message to worker 0 PID 33376 at time 38:375000000
OSS: Receiving message from worker 0 PID 33376 at time 38:375000000
OSS PID:33375 SysClockS:38 SysClockNano:375000000
Process Table:
Entry Occupied PID StartS StartN MessagesSent
0 1 33376 1 0 150
1 1 33377 2 0 146
2 0 0 0 0 0
3 0 0 0 0 0
4 0 0 0 0 0
5 0 0 0 0 0
6 0 0 0 0 0
7 0 0 0 0 0
8 0 0 0 0 0
9 0 0 0 0 0
10 0 0 0 0 0
11 0 0 0 0 0
12 0 0 0 0 0
13 0 0 0 0 0
14 0 0 0 0 0
15 0 0 0 0 0
16 0 0 0 0 0
17 0 0 0 0 0
18 0 0 0 0 0
19 0 0 0 0 0

OSS: Sending message to worker 1 PID 33377 at time 38:500000000
OSS: Receiving message from worker 1 PID 33377 at time 38:500000000
OSS PID:33375 SysClockS:38 SysClockNano:500000000
Process Table:
Entry Occupied PID StartS StartN MessagesSent
0 1 33376 1 0 150
1 1 33377 2 0 147
2 0 0 0 0 0
3 0 0 0 0 0
4 0 0 0 0 0
5 0 0 0 0 0
6 0 0 0 0 0
7 0 0 0 0 0
8 0 0 0 0 0
9 0 0 0 0 0
10 0 0 0 0 0
11 0 0 0 0 0
12 0 0 0 0 0
13 0 0 0 0 0
14 0 0 0 0 0
15 0 0 0 0 0
16 0 0 0 0 0
17 0 0 0 0 0
18 0 0 0 0 0
19 0 0 0 0 0

OSS: Sending message to worker 0 PID 33376 at time 38:625000000
OSS: Receiving message from worker 0 PID 33376 at time 38:625000000
OSS PID:33375 SysClockS:38 SysClockNano:625000000
Process Table:
Entry Occupied PID StartS StartN MessagesSent
0 1 33376 1 0 151
1 1 33377 2 0 147
2 0 0 0 0 0
3 0 0 0 0 0
4 0 0 0 0 0
5 0 0 0 0 0
6 0 0 0 0 0
7 0 0 0 0 0
8 0 0 0 0 0
9 0 0 0 0 0
10 0 0 0 0 0
11 0 0 0 0 0
12 0 0 0 0 0
13 0 0 0 0 0
14 0 0 0 0 0
15 0 0 0 0 0
16 0 0 0 0 0
17 0 0 0 0 0
18 0 0 0 0 0
19 0 0 0 0 0

OSS: Sending message to worker 1 PID 33377 at time 38:750000000
OSS: Receiving message from worker 1 PID 33377 at time 38:750000000
OSS PID:33375 SysClockS:38 SysClockNano:750000000
Process Table:
Entry Occupied PID StartS StartN MessagesSent
0 1 33376 1 0 151
1 1 33377 2 0 148
2 0 0 0 0 0
3 0 0 0 0 0
4 0 0 0 0 0
5 0 0 0 0 0
6 0 0 0 0 0
7 0 0 0 0 0
8 0 0 0 0 0
9 0 0 0 0 0
10 0 0 0 0 0
11 0 0 0 0 0
12 0 0 0 0 0
13 0 0 0 0 0
14 0 0 0 0 0
15 0 0 0 0 0
16 0 0 0 0 0
17 0 0 0 0 0
18 0 0 0 0 0
19 0 0 0 0 0

OSS: Sending message to worker 0 PID 33376 at time 38:875000000
OSS: Receiving message from worker 0 PID 33376 at time 38:875000000
OSS PID:33375 SysClockS:38 SysClockNano:875000000
Process Table:
Entry Occupied PID StartS StartN MessagesSent
0 1 33376 1 0 152
1 1 33377 2 0 148
2 0 0 0 0 0
3 0 0 0 0 0
4 0 0 0 0 0
5 0 0 0 0 0
6 0 0 0 0 0
7 0 0 0 0 0
8 0 0 0 0 0
9 0 0 0 0 0
10 0 0 0 0 0
11 0 0 0 0 0
12 0 0 0 0 0
13 0 0 0 0 0
14 0 0 0 0 0
15 0 0 0 0 0
16 0 0 0 0 0
17 0 0 0 0 0
18 0 0 0 0 0
19 0 0 0 0 0

OSS: Sending message to worker 1 PID 33377 at time 39:0
OSS: Receiving message from worker 1 PID 33377 at time 39:0
OSS PID:33375 SysClockS:39 SysClockNano:0
Process Table:
Entry Occupied PID StartS StartN MessagesSent
0 1 33376 1 0 152
1 1 33377 2 0 149
2 0 0 0 0 0
3 0 0 0 0 0
4 0 0 0 0 0
5 0 0 0 0 0
6 0 0 0 0 0
7 0 0 0 0 0
8 0 0 0 0 0
9 0 0 0 0 0
10 0 0 0 0 0
11 0 0 0 0 0
12 0 0 0 0 0
13 0 0 0 0 0
14 0 0 0 0 0
15 0 0 0 0 0
16 0 0 0 0 0
17 0 0 0 0 0
18 0 0 0 0 0
19 0 0 0 0 0

OSS: Sending message to worker 0 PID 33376 at time 39:125000000
OSS: Receiving message from worker 0 PID 33376 at time 39:125000000
OSS PID:33375 SysClockS:39 SysClockNano:125000000
Process Table:
Entry Occupied PID StartS StartN MessagesSent
0 1 33376 1 0 153
1 1 33377 2 0 149
2 0 0 0 0 0
3 0 0 0 0 0
4 0 0 0 0 0
5 0 0 0 0 0
6 0 0 0 0 0
7 0 0 0 0 0
8 0 0 0 0 0
9 0 0 0 0 0
10 0 0 0 0 0
11 0 0 0 0 0
12 0 0 0 0 0
13 0 0 0 0 0
14 0 0 0 0 0
15 0 0 0 0 0
16 0 0 0 0 0
17 0 0 0 0 0
18 0 0 0 0 0
19 0 0 0 0 0

OSS: Sending message to worker 1 PID 33377 at time 39:250000000
OSS: Receiving message from worker 1 PID 33377 at time 39:250000000
OSS PID:33375 SysClockS:39 SysClockNano:250000000
Process Table:
Entry Occupied PID StartS StartN MessagesSent
0 1 33376 1 0 153
1 1 33377 2 0 150
2 0 0 0 0 0
3 0 0 0 0 0
4 0 0 0 0 0
5 0 0 0 0 0
6 0 0 0 0 0
7 0 0 0 0 0
8 0 0 0 0 0
9 0 0 0 0 0
10 0 0 0 0 0
11 0 0 0 0 0
12 0 0 0 0 0
13 0 0 0 0 0
14 0 0 0 0 0
15 0 0 0 0 0
16 0 0 0 0 0
17 0 0 0 0 0
18 0 0 0 0 0
19 0 0 0 0 0

OSS: Sending message to worker 0 PID 33376 at time 39:375000000
OSS: Receiving message from worker 0 PID 33376 at time 39:375000000
OSS PID:33375 SysClockS:39 SysClockNano:375000000
Process Table:
Entry Occupied PID StartS StartN MessagesSent
0 1 33376 1 0 154
1 1 33377 2 0 150
2 0 0 0 0 0
3 0 0 0 0 0
4 0 0 0 0 0
5 0 0 0 0 0
6 0 0 0 0 0
7 0 0 0 0 0
8 0 0 0 0 0
9 0 0 0 0 0
10 0 0 0 0 0
11 0 0 0 0 0
12 0 0 0 0 0
13 0 0 0 0 0
14 0 0 0 0 0
15 0 0 0 0 0
16 0 0 0 0 0
17 0 0 0 0 0
18 0 0 0 0 0
19 0 0 0 0 0

OSS: Sending message to worker 1 PID 33377 at time 39:500000000
OSS: Receiving message from worker 1 PID 33377 at time 39:500000000
OSS PID:33375 SysClockS:39 SysClockNano:500000000
Process Table:
Entry Occupied PID StartS StartN MessagesSent
0 1 33376 1 0 154
1 1 33377 2 0 151
2 0 0 0 0 0
3 0 0 0 0 0
4 0 0 0 0 0
5 0 0 0 0 0
6 0 0 0 0 0
7 0 0 0 0 0
8 0 0 0 0 0
9 0 0 0 0 0
10 0 0 0 0 0
11 0 0 0 0 0
12 0 0 0 0 0
13 0 0 0 0 0
14 0 0 0 0 0
15 0 0 0 0 0
16 0 0 0 0 0
17 0 0 0 0 0
18 0 0 0 0 0
19 0 0 0 0 0

OSS: Sending message to worker 0 PID 33376 at time 39:625000000
OSS: Receiving message from worker 0 PID 33376 at time 39:625000000
OSS PID:33375 SysClockS:39 SysClockNano:625000000
Process Table:
Entry Occupied PID StartS StartN MessagesSent
0 1 33376 1 0 155
1 1 33377 2 0 151
2 0 0 0 0 0
3 0 0 0 0 0
4 0 0 0 0 0
5 0 0 0 0 0
6 0 0 0 0 0
7 0 0 0 0 0
8 0 0 0 0 0
9 0 0 0 0 0
10 0 0 0 0 0
11 0 0 0 0 0
12 0 0 0 0 0
13 0 0 0 0 0
14 0 0 0 0 0
15 0 0 0 0 0
16 0 0 0 0 0
17 0 0 0 0 0
18 0 0 0 0 0
19 0 0 0 0 0

OSS: Sending message to worker 1 PID 33377 at time 39:750000000
OSS: Receiving message from worker 1 PID 33377 at time 39:750000000
OSS PID:33375 SysClockS:39 SysClockNano:750000000
Process Table:
Entry Occupied PID StartS StartN MessagesSent
0 1 33376 1 0 155
1 1 33377 2 0 152
2 0 0 0 0 0
3 0 0 0 0 0
4 0 0 0 0 0
5 0 0 0 0 0
6 0 0 0 0 0
7 0 0 0 0 0
8 0 0 0 0 0
9 0 0 0 0 0
10 0 0 0 0 0
11 0 0 0 0 0
12 0 0 0 0 0
13 0 0 0 0 0
14 0 0 0 0 0
15 0 0 0 0 0
16 0 0 0 0 0
17 0 0 0 0 0
18 0 0 0 0 0
19 0 0 0 0 0

OSS: Sending message to worker 0 PID 33376 at time 39:875000000
OSS: Receiving message from worker 0 PID 33376 at time 39:875000000
OSS PID:33375 SysClockS:39 SysClockNano:875000000
Process Table:
Entry Occupied PID StartS StartN MessagesSent
0 1 33376 1 0 156
1 1 33377 2 0 152
2 0 0 0 0 0
3 0 0 0 0 0
4 0 0 0 0 0
5 0 0 0 0 0
6 0 0 0 0 0
7 0 0 0 0 0
8 0 0 0 0 0
9 0 0 0 0 0
10 0 0 0 0 0
11 0 0 0 0 0
12 0 0 0 0 0
13 0 0 0 0 0
14 0 0 0 0 0
15 0 0 0 0 0
16 0 0 0 0 0
17 0 0 0 0 0
18 0 0 0 0 0
19 0 0 0 0 0

OSS: Sending message to worker 1 PID 33377 at time 40:0
OSS: Receiving message from worker 1 PID 33377 at time 40:0
OSS PID:33375 SysClockS:40 SysClockNano:0
Process Table:
Entry Occupied PID StartS StartN MessagesSent
0 1 33376 1 0 156
1 1 33377 2 0 153
2 0 0 0 0 0
3 0 0 0 0 0
4 0 0 0 0 0
5 0 0 0 0 0
6 0 0 0 0 0
7 0 0 0 0 0
8 0 0 0 0 0
9 0 0 0 0 0
10 0 0 0 0 0
11 0 0 0 0 0
12 0 0 0 0 0
13 0 0 0 0 0
14 0 0 0 0 0
15 0 0 0 0 0
16 0 0 0 0 0
17 0 0 0 0 0
18 0 0 0 0 0
19 0 0 0 0 0

OSS: Sending message to worker 0 PID 33376 at time 40:125000000
OSS: Receiving message from worker 0 PID 33376 at time 40:125000000
OSS PID:33375 SysClockS:40 SysClockNano:125000000
Process Table:
Entry Occupied PID StartS StartN MessagesSent
0 1 33376 1 0 157
1 1 33377 2 0 153
2 0 0 0 0 0
3 0 0 0 0 0
4 0 0 0 0 0
5 0 0 0 0 0
6 0 0 0 0 0
7 0 0 0 0 0
8 0 0 0 0 0
9 0 0 0 0 0
10 0 0 0 0 0
11 0 0 0 0 0
12 0 0 0 0 0
13 0 0 0 0 0
14 0 0 0 0 0
15 0 0 0 0 0
16 0 0 0 0 0
17 0 0 0 0 0
18 0 0 0 0 0
19 0 0 0 0 0

OSS: Sending message to worker 1 PID 33377 at time 40:250000000
OSS: Receiving message from worker 1 PID 33377 at time 40:250000000
OSS PID:33375 SysClockS:40 SysClockNano:250000000
Process Table:
Entry Occupied PID StartS StartN MessagesSent
0 1 33376 1 0 157
1 1 33377 2 0 154
2 0 0 0 0 0
3 0 0 0 0 0
4 0 0 0 0 0
5 0 0 0 0 0
6 0 0 0 0 0
7 0 0 0 0 0
8 0 0 0 0 0
9 0 0 0 0 0
10 0 0 0 0 0
11 0 0 0 0 0
12 0 0 0 0 0
13 0 0 0 0 0
14 0 0 0 0 0
15 0 0 0 0 0
16 0 0 0 0 0
17 0 0 0 0 0
18 0 0 0 0 0
19 0 0 0 0 0

OSS: Sending message to worker 0 PID 33376 at time 40:375000000
OSS: Receiving message from worker 0 PID 33376 at time 40:375000000
OSS PID:33375 SysClockS:40 SysClockNano:375000000
Process Table:
Entry Occupied PID StartS StartN MessagesSent
0 1 33376 1 0 158
1 1 33377 2 0 154
2 0 0 0 0 0
3 0 0 0 0 0
4 0 0 0 0 0
5 0 0 0 0 0
6 0 0 0 0 0
7 0 0 0 0 0
8 0 0 0 0 0
9 0 0 0 0 0
10 0 0 0 0 0
11 0 0 0 0 0
12 0 0 0 0 0
13 0 0 0 0 0
14 0 0 0 0 0
15 0 0 0 0 0
16 0 0 0 0 0
17 0 0 0 0 0
18 0 0 0 0 0
19 0 0 0 0 0

OSS: Sending message to worker 1 PID 33377 at time 40:500000000
OSS: Receiving message from worker 1 PID 33377 at time 40:500000000
OSS PID:33375 SysClockS:40 SysClockNano:500000000
Process Table:
Entry Occupied PID StartS StartN MessagesSent
0 1 33376 1 0 158
1 1 33377 2 0 155
2 0 0 0 0 0
3 0 0 0 0 0
4 0 0 0 0 0
5 0 0 0 0 0
6 0 0 0 0 0
7 0 0 0 0 0
8 0 0 0 0 0
9 0 0 0 0 0
10 0 0 0 0 0
11 0 0 0 0 0
12 0 0 0 0 0
13 0 0 0 0 0
14 0 0 0 0 0
15 0 0 0 0 0
16 0 0 0 0 0
17 0 0 0 0 0
18 0 0 0 0 0
19 0 0 0 0 0

OSS: Sending message to worker 0 PID 33376 at time 40:625000000
OSS: Receiving message from worker 0 PID 33376 at time 40:625000000
OSS PID:33375 SysClockS:40 SysClockNano:625000000
Process Table:
Entry Occupied PID StartS StartN MessagesSent
0 1 33376 1 0 159
1 1 33377 2 0 155
2 0 0 0 0 0
3 0 0 0 0 0
4 0 0 0 0 0
5 0 0 0 0 0
6 0 0 0 0 0
7 0 0 0 0 0
8 0 0 0 0 0
9 0 0 0 0 0
10 0 0 0 0 0
11 0 0 0 0 0
12 0 0 0 0 0
13 0 0 0 0 0
14 0 0 0 0 0
15 0 0 0 0 0
16 0 0 0 0 0
17 0 0 0 0 0
18 0 0 0 0 0
19 0 0 0 0 0

OSS: Sending message to worker 1 PID 33377 at time 40:750000000
OSS: Receiving message from worker 1 PID 33377 at time 40:750000000
OSS PID:33375 SysClockS:40 SysClockNano:750000000
Process Table:
Entry Occupied PID StartS StartN MessagesSent
0 1 33376 1 0 159
1 1 33377 2 0 156
2 0 0 0 0 0
3 0 0 0 0 0
4 0 0 0 0 0
5 0 0 0 0 0
6 0 0 0 0 0
7 0 0 0 0 0
8 0 0 0 0 0
9 0 0 0 0 0
10 0 0 0 0 0
11 0 0 0 0 0
12 0 0 0 0 0
13 0 0 0 0 0
14 0 0 0 0 0
15 0 0 0 0 0
16 0 0 0 0 0
17 0 0 0 0 0
18 0 0 0 0 0
19 0 0 0 0 0

OSS: Sending message to worker 0 PID 33376 at time 40:875000000
OSS: Receiving message from worker 0 PID 33376 at time 40:875000000
OSS PID:33375 SysClockS:40 SysClockNano:875000000
Process Table:
Entry Occupied PID StartS StartN MessagesSent
0 1 33376 1 0 160
1 1 33377 2 0 156
2 0 0 0 0 0
3 0 0 0 0 0
4 0 0 0 0 0
5 0 0 0 0 0
6 0 0 0 0 0
7 0 0 0 0 0
8 0 0 0 0 0
9 0 0 0 0 0
10 0 0 0 0 0
11 0 0 0 0 0
12 0 0 0 0 0
13 0 0 0 0 0
14 0 0 0 0 0
15 0 0 0 0 0
16 0 0 0 0 0
17 0 0 0 0 0
18 0 0 0 0 0
19 0 0 0 0 0

OSS: Sending message to worker 1 PID 33377 at time 41:0
OSS: Receiving message from worker 1 PID 33377 at time 41:0
OSS PID:33375 SysClockS:41 SysClockNano:0
Process Table:
Entry Occupied PID StartS StartN MessagesSent
0 1 33376 1 0 160
1 1 33377 2 0 157
2 0 0 0 0 0
3 0 0 0 0 0
4 0 0 0 0 0
5 0 0 0 0 0
6 0 0 0 0 0
7 0 0 0 0 0
8 0 0 0 0 0
9 0 0 0 0 0
10 0 0 0 0 0
11 0 0 0 0 0
12 0 0 0 0 0
13 0 0 0 0 0
14 0 0 0 0 0
15 0 0 0 0 0
16 0 0 0 0 0
17 0 0 0 0 0
18 0 0 0 0 0
19 0 0 0 0 0

OSS: Sending message to worker 0 PID 33376 at time 41:125000000
OSS: Receiving message from worker 0 PID 33376 at time 41:125000000
OSS PID:33375 SysClockS:41 SysClockNano:125000000
Process Table:
Entry Occupied PID StartS StartN MessagesSent
0 1 33376 1 0 161
1 1 33377 2 0 157
2 0 0 0 0 0
3 0 0 0 0 0
4 0 0 0 0 0
5 0 0 0 0 0
6 0 0 0 0 0
7 0 0 0 0 0
8 0 0 0 0 0
9 0 0 0 0 0
10 0 0 0 0 0
11 0 0 0 0 0
12 0 0 0 0 0
13 0 0 0 0 0
14 0 0 0 0 0
15 0 0 0 0 0
16 0 0 0 0 0
17 0 0 0 0 0
18 0 0 0 0 0
19 0 0 0 0 0

OSS: Sending message to worker 1 PID 33377 at time 41:250000000
OSS: Receiving message from worker 1 PID 33377 at time 41:250000000
OSS PID:33375 SysClockS:41 SysClockNano:250000000
Process Table:
Entry Occupied PID StartS StartN MessagesSent
0 1 33376 1 0 161
1 1 33377 2 0 158
2 0 0 0 0 0
3 0 0 0 0 0
4 0 0 0 0 0
5 0 0 0 0 0
6 0 0 0 0 0
7 0 0 0 0 0
8 0 0 0 0 0
9 0 0 0 0 0
10 0 0 0 0 0
11 0 0 0 0 0
12 0 0 0 0 0
13 0 0 0 0 0
14 0 0 0 0 0
15 0 0 0 0 0
16 0 0 0 0 0
17 0 0 0 0 0
18 0 0 0 0 0
19 0 0 0 0 0

OSS: Sending message to worker 0 PID 33376 at time 41:375000000
OSS: Receiving message from worker 0 PID 33376 at time 41:375000000
OSS PID:33375 SysClockS:41 SysClockNano:375000000
Process Table:
Entry Occupied PID StartS StartN MessagesSent
0 1 33376 1 0 162
1 1 33377 2 0 158
2 0 0 0 0 0
3 0 0 0 0 0
4 0 0 0 0 0
5 0 0 0 0 0
6 0 0 0 0 0
7 0 0 0 0 0
8 0 0 0 0 0
9 0 0 0 0 0
10 0 0 0 0 0
11 0 0 0 0 0
12 0 0 0 0 0
13 0 0 0 0 0
14 0 0 0 0 0
15 0 0 0 0 0
16 0 0 0 0 0
17 0 0 0 0 0
18 0 0 0 0 0
19 0 0 0 0 0

OSS: Sending message to worker 1 PID 33377 at time 41:500000000
OSS: Receiving message from worker 1 PID 33377 at time 41:500000000
OSS PID:33375 SysClockS:41 SysClockNano:500000000
Process Table:
Entry Occupied PID StartS StartN MessagesSent
0 1 33376 1 0 162
1 1 33377 2 0 159
2 0 0 0 0 0
3 0 0 0 0 0
4 0 0 0 0 0
5 0 0 0 0 0
6 0 0 0 0 0
7 0 0 0 0 0
8 0 0 0 0 0
9 0 0 0 0 0
10 0 0 0 0 0
11 0 0 0 0 0
12 0 0 0 0 0
13 0 0 0 0 0
14 0 0 0 0 0
15 0 0 0 0 0
16 0 0 0 0 0
17 0 0 0 0 0
18 0 0 0 0 0
19 0 0 0 0 0

OSS: Sending message to worker 0 PID 33376 at time 41:625000000
OSS: Receiving message from worker 0 PID 33376 at time 41:625000000
OSS PID:33375 SysClockS:41 SysClockNano:625000000
Process Table:
Entry Occupied PID StartS StartN MessagesSent
0 1 33376 1 0 163
1 1 33377 2 0 159
2 0 0 0 0 0
3 0 0 0 0 0
4 0 0 0 0 0
5 0 0 0 0 0
6 0 0 0 0 0
7 0 0 0 0 0
8 0 0 0 0 0
9 0 0 0 0 0
10 0 0 0 0 0
11 0 0 0 0 0
12 0 0 0 0 0
13 0 0 0 0 0
14 0 0 0 0 0
15 0 0 0 0 0
16 0 0 0 0 0
17 0 0 0 0 0
18 0 0 0 0 0
19 0 0 0 0 0

OSS: Sending message to worker 1 PID 33377 at time 41:750000000
OSS: Receiving message from worker 1 PID 33377 at time 41:750000000
OSS PID:33375 SysClockS:41 SysClockNano:750000000
Process Table:
Entry Occupied PID StartS StartN MessagesSent
0 1 33376 1 0 163
1 1 33377 2 0 160
2 0 0 0 0 0
3 0 0 0 0 0
4 0 0 0 0 0
5 0 0 0 0 0
6 0 0 0 0 0
7 0 0 0 0 0
8 0 0 0 0 0
9 0 0 0 0 0
10 0 0 0 0 0
11 0 0 0 0 0
12 0 0 0 0 0
13 0 0 0 0 0
14 0 0 0 0 0
15 0 0 0 0 0
16 0 0 0 0 0
17 0 0 0 0 0
18 0 0 0 0 0
19 0 0 0 0 0

OSS: Sending message to worker 0 PID 33376 at time 41:875000000
OSS: Receiving message from worker 0 PID 33376 at time 41:875000000
OSS PID:33375 SysClockS:41 SysClockNano:875000000
Process Table:
Entry Occupied PID StartS StartN MessagesSent
0 1 33376 1 0 164
1 1 33377 2 0 160
2 0 0 0 0 0
3 0 0 0 0 0
4 0 0 0 0 0
5 0 0 0 0 0
6 0 0 0 0 0
7 0 0 0 0 0
8 0 0 0 0 0
9 0 0 0 0 0
10 0 0 0 0 0
11 0 0 0 0 0
12 0 0 0 0 0
13 0 0 0 0 0
14 0 0 0 0 0
15 0 0 0 0 0
16 0 0 0 0 0
17 0 0 0 0 0
18 0 0 0 0 0
19 0 0 0 0 0

OSS: Sending message to worker 1 PID 33377 at time 42:0
OSS: Receiving message from worker 1 PID 33377 at time 42:0
OSS PID:33375 SysClockS:42 SysClockNano:0
Process Table:
Entry Occupied PID StartS StartN MessagesSent
0 1 33376 1 0 164
1 1 33377 2 0 161
2 0 0 0 0 0
3 0 0 0 0 0
4 0 0 0 0 0
5 0 0 0 0 0
6 0 0 0 0 0
7 0 0 0 0 0
8 0 0 0 0 0
9 0 0 0 0 0
10 0 0 0 0 0
11 0 0 0 0 0
12 0 0 0 0 0
13 0 0 0 0 0
14 0 0 0 0 0
15 0 0 0 0 0
16 0 0 0 0 0
17 0 0 0 0 0
18 0 0 0 0 0
19 0 0 0 0 0

OSS: Sending message to worker 0 PID 33376 at time 42:125000000
OSS: Receiving message from worker 0 PID 33376 at time 42:125000000
OSS PID:33375 SysClockS:42 SysClockNano:125000000
Process Table:
Entry Occupied PID StartS StartN MessagesSent
0 1 33376 1 0 165
1 1 33377 2 0 161
2 0 0 0 0 0
3 0 0 0 0 0
4 0 0 0 0 0
5 0 0 0 0 0
6 0 0 0 0 0
7 0 0 0 0 0
8 0 0 0 0 0
9 0 0 0 0 0
10 0 0 0 0 0
11 0 0 0 0 0
12 0 0 0 0 0
13 0 0 0 0 0
14 0 0 0 0 0
15 0 0 0 0 0
16 0 0 0 0 0
17 0 0 0 0 0
18 0 0 0 0 0
19 0 0 0 0 0

OSS: Sending message to worker 1 PID 33377 at time 42:250000000
OSS: Receiving message from worker 1 PID 33377 at time 42:250000000
OSS PID:33375 SysClockS:42 SysClockNano:250000000
Process Table:
Entry Occupied PID StartS StartN MessagesSent
0 1 33376 1 0 165
1 1 33377 2 0 162
2 0 0 0 0 0
3 0 0 0 0 0
4 0 0 0 0 0
5 0 0 0 0 0
6 0 0 0 0 0
7 0 0 0 0 0
8 0 0 0 0 0
9 0 0 0 0 0
10 0 0 0 0 0
11 0 0 0 0 0
12 0 0 0 0 0
13 0 0 0 0 0
14 0 0 0 0 0
15 0 0 0 0 0
16 0 0 0 0 0
17 0 0 0 0 0
18 0 0 0 0 0
19 0 0 0 0 0

OSS: Sending message to worker 0 PID 33376 at time 42:375000000
OSS: Receiving message from worker 0 PID 33376 at time 42:375000000
OSS PID:33375 SysClockS:42 SysClockNano:375000000
Process Table:
Entry Occupied PID StartS StartN MessagesSent
0 1 33376 1 0 166
1 1 33377 2 0 162
2 0 0 0 0 0
3 0 0 0 0 0
4 0 0 0 0 0
5 0 0 0 0 0
6 0 0 0 0 0
7 0 0 0 0 0
8 0 0 0 0 0
9 0 0 0 0 0
10 0 0 0 0 0
11 0 0 0 0 0
12 0 0 0 0 0
13 0 0 0 0 0
14 0 0 0 0 0
15 0 0 0 0 0
16 0 0 0 0 0
17 0 0 0 0 0
18 0 0 0 0 0
19 0 0 0 0 0

OSS: Sending message to worker 1 PID 33377 at time 42:500000000
OSS: Receiving message from worker 1 PID 33377 at time 42:500000000
OSS PID:33375 SysClockS:42 SysClockNano:500000000
Process Table:
Entry Occupied PID StartS StartN MessagesSent
0 1 33376 1 0 166
1 1 33377 2 0 163
2 0 0 0 0 0
3 0 0 0 0 0
4 0 0 0 0 0
5 0 0 0 0 0
6 0 0 0 0 0
7 0 0 0 0 0
8 0 0 0 0 0
9 0 0 0 0 0
10 0 0 0 0 0
11 0 0 0 0 0
12 0 0 0 0 0
13 0 0 0 0 0
14 0 0 0 0 0
15 0 0 0 0 0
16 0 0 0 0 0
17 0 0 0 0 0
18 0 0 0 0 0
19 0 0 0 0 0

OSS: Sending message to worker 0 PID 33376 at time 42:625000000
OSS: Receiving message from worker 0 PID 33376 at time 42:625000000
OSS PID:33375 SysClockS:42 SysClockNano:625000000
Process Table:
Entry Occupied PID StartS StartN MessagesSent
0 1 33376 1 0 167
1 1 33377 2 0 163
2 0 0 0 0 0
3 0 0 0 0 0
4 0 0 0 0 0
5 0 0 0 0 0
6 0 0 0 0 0
7 0 0 0 0 0
8 0 0 0 0 0
9 0 0 0 0 0
10 0 0 0 0 0
11 0 0 0 0 0
12 0 0 0 0 0
13 0 0 0 0 0
14 0 0 0 0 0
15 0 0 0 0 0
16 0 0 0 0 0
17 0 0 0 0 0
18 0 0 0 0 0
19 0 0 0 0 0

OSS: Sending message to worker 1 PID 33377 at time 42:750000000
OSS: Receiving message from worker 1 PID 33377 at time 42:750000000
OSS PID:33375 SysClockS:42 SysClockNano:750000000
Process Table:
Entry Occupied PID StartS StartN MessagesSent
0 1 33376 1 0 167
1 1 33377 2 0 164
2 0 0 0 0 0
3 0 0 0 0 0
4 0 0 0 0 0
5 0 0 0 0 0
6 0 0 0 0 0
7 0 0 0 0 0
8 0 0 0 0 0
9 0 0 0 0 0
10 0 0 0 0 0
11 0 0 0 0 0
12 0 0 0 0 0
13 0 0 0 0 0
14 0 0 0 0 0
15 0 0 0 0 0
16 0 0 0 0 0
17 0 0 0 0 0
18 0 0 0 0 0
19 0 0 0 0 0

OSS: Sending message to worker 0 PID 33376 at time 42:875000000
OSS: Receiving message from worker 0 PID 33376 at time 42:875000000
OSS PID:33375 SysClockS:42 SysClockNano:875000000
Process Table:
Entry Occupied PID StartS StartN MessagesSent
0 1 33376 1 0 168
1 1 33377 2 0 164
2 0 0 0 0 0
3 0 0 0 0 0
4 0 0 0 0 0
5 0 0 0 0 0
6 0 0 0 0 0
7 0 0 0 0 0
8 0 0 0 0 0
9 0 0 0 0 0
10 0 0 0 0 0
11 0 0 0 0 0
12 0 0 0 0 0
13 0 0 0 0 0
14 0 0 0 0 0
15 0 0 0 0 0
16 0 0 0 0 0
17 0 0 0 0 0
18 0 0 0 0 0
19 0 0 0 0 0

OSS: Sending message to worker 1 PID 33377 at time 43:0
OSS: Receiving message from worker 1 PID 33377 at time 43:0
OSS PID:33375 SysClockS:43 SysClockNano:0
Process Table:
Entry Occupied PID StartS StartN MessagesSent
0 1 33376 1 0 168
1 1 33377 2 0 165
2 0 0 0 0 0
3 0 0 0 0 0
4 0 0 0 0 0
5 0 0 0 0 0
6 0 0 0 0 0
7 0 0 0 0 0
8 0 0 0 0 0
9 0 0 0 0 0
10 0 0 0 0 0
11 0 0 0 0 0
12 0 0 0 0 0
13 0 0 0 0 0
14 0 0 0 0 0
15 0 0 0 0 0
16 0 0 0 0 0
17 0 0 0 0 0
18 0 0 0 0 0
19 0 0 0 0 0

OSS: Sending message to worker 0 PID 33376 at time 43:125000000
OSS: Receiving message from worker 0 PID 33376 at time 43:125000000
OSS PID:33375 SysClockS:43 SysClockNano:125000000
Process Table:
Entry Occupied PID StartS StartN MessagesSent
0 1 33376 1 0 169
1 1 33377 2 0 165
2 0 0 0 0 0
3 0 0 0 0 0
4 0 0 0 0 0
5 0 0 0 0 0
6 0 0 0 0 0
7 0 0 0 0 0
8 0 0 0 0 0
9 0 0 0 0 0
10 0 0 0 0 0
11 0 0 0 0 0
12 0 0 0 0 0
13 0 0 0 0 0
14 0 0 0 0 0
15 0 0 0 0 0
16 0 0 0 0 0
17 0 0 0 0 0
18 0 0 0 0 0
19 0 0 0 0 0

OSS: Sending message to worker 1 PID 33377 at time 43:250000000
OSS: Receiving message from worker 1 PID 33377 at time 43:250000000
OSS PID:33375 SysClockS:43 SysClockNano:250000000
Process Table:
Entry Occupied PID StartS StartN MessagesSent
0 1 33376 1 0 169
1 1 33377 2 0 166
2 0 0 0 0 0
3 0 0 0 0 0
4 0 0 0 0 0
5 0 0 0 0 0
6 0 0 0 0 0
7 0 0 0 0 0
8 0 0 0 0 0
9 0 0 0 0 0
10 0 0 0 0 0
11 0 0 0 0 0
12 0 0 0 0 0
13 0 0 0 0 0
14 0 0 0 0 0
15 0 0 0 0 0
16 0 0 0 0 0
17 0 0 0 0 0
18 0 0 0 0 0
19 0 0 0 0 0

OSS: Sending message to worker 0 PID 33376 at time 43:375000000
OSS: Receiving message from worker 0 PID 33376 at time 43:375000000
OSS PID:33375 SysClockS:43 SysClockNano:375000000
Process Table:
Entry Occupied PID StartS StartN MessagesSent
0 1 33376 1 0 170
1 1 33377 2 0 166
2 0 0 0 0 0
3 0 0 0 0 0
4 0 0 0 0 0
5 0 0 0 0 0
6 0 0 0 0 0
7 0 0 0 0 0
8 0 0 0 0 0
9 0 0 0 0 0
10 0 0 0 0 0
11 0 0 0 0 0
12 0 0 0 0 0
13 0 0 0 0 0
14 0 0 0 0 0
15 0 0 0 0 0
16 0 0 0 0 0
17 0 0 0 0 0
18 0 0 0 0 0
19 0 0 0 0 0

OSS: Sending message to worker 1 PID 33377 at time 43:500000000
OSS: Receiving message from worker 1 PID 33377 at time 43:500000000
OSS PID:33375 SysClockS:43 SysClockNano:500000000
Process Table:
Entry Occupied PID StartS StartN MessagesSent
0 1 33376 1 0 170
1 1 33377 2 0 167
2 0 0 0 0 0
3 0 0 0 0 0
4 0 0 0 0 0
5 0 0 0 0 0
6 0 0 0 0 0
7 0 0 0 0 0
8 0 0 0 0 0
9 0 0 0 0 0
10 0 0 0 0 0
11 0 0 0 0 0
12 0 0 0 0 0
13 0 0 0 0 0
14 0 0 0 0 0
15 0 0 0 0 0
16 0 0 0 0 0
17 0 0 0 0 0
18 0 0 0 0 0
19 0 0 0 0 0

OSS: Sending message to worker 0 PID 33376 at time 43:625000000
OSS: Receiving message from worker 0 PID 33376 at time 43:625000000
OSS PID:33375 SysClockS:43 SysClockNano:625000000
Process Table:
Entry Occupied PID StartS StartN MessagesSent
0 1 33376 1 0 171
1 1 33377 2 0 167
2 0 0 0 0 0
3 0 0 0 0 0
4 0 0 0 0 0
5 0 0 0 0 0
6 0 0 0 0 0
7 0 0 0 0 0
8 0 0 0 0 0
9 0 0 0 0 0
10 0 0 0 0 0
11 0 0 0 0 0
12 0 0 0 0 0
13 0 0 0 0 0
14 0 0 0 0 0
15 0 0 0 0 0
16 0 0 0 0 0
17 0 0 0 0 0
18 0 0 0 0 0
19 0 0 0 0 0

OSS: Sending message to worker 1 PID 33377 at time 43:750000000
OSS: Receiving message from worker 1 PID 33377 at time 43:750000000
OSS PID:33375 SysClockS:43 SysClockNano:750000000
Process Table:
Entry Occupied PID StartS StartN MessagesSent
0 1 33376 1 0 171
1 1 33377 2 0 168
2 0 0 0 0 0
3 0 0 0 0 0
4 0 0 0 0 0
5 0 0 0 0 0
6 0 0 0 0 0
7 0 0 0 0 0
8 0 0 0 0 0
9 0 0 0 0 0
10 0 0 0 0 0
11 0 0 0 0 0
12 0 0 0 0 0
13 0 0 0 0 0
14 0 0 0 0 0
15 0 0 0 0 0
16 0 0 0 0 0
17 0 0 0 0 0
18 0 0 0 0 0
19 0 0 0 0 0

OSS: Sending message to worker 0 PID 33376 at time 43:875000000
OSS: Receiving message from worker 0 PID 33376 at time 43:875000000
OSS PID:33375 SysClockS:43 SysClockNano:875000000
Process Table:
Entry Occupied PID StartS StartN MessagesSent
0 1 33376 1 0 172
1 1 33377 2 0 168
2 0 0 0 0 0
3 0 0 0 0 0
4 0 0 0 0 0
5 0 0 0 0 0
6 0 0 0 0 0
7 0 0 0 0 0
8 0 0 0 0 0
9 0 0 0 0 0
10 0 0 0 0 0
11 0 0 0 0 0
12 0 0 0 0 0
13 0 0 0 0 0
14 0 0 0 0 0
15 0 0 0 0 0
16 0 0 0 0 0
17 0 0 0 0 0
18 0 0 0 0 0
19 0 0 0 0 0

OSS: Sending message to worker 1 PID 33377 at time 44:0
OSS: Receiving message from worker 1 PID 33377 at time 44:0
OSS PID:33375 SysClockS:44 SysClockNano:0
Process Table:
Entry Occupied PID StartS StartN MessagesSent
0 1 33376 1 0 172
1 1 33377 2 0 169
2 0 0 0 0 0
3 0 0 0 0 0
4 0 0 0 0 0
5 0 0 0 0 0
6 0 0 0 0 0
7 0 0 0 0 0
8 0 0 0 0 0
9 0 0 0 0 0
10 0 0 0 0 0
11 0 0 0 0 0
12 0 0 0 0 0
13 0 0 0 0 0
14 0 0 0 0 0
15 0 0 0 0 0
16 0 0 0 0 0
17 0 0 0 0 0
18 0 0 0 0 0
19 0 0 0 0 0

OSS: Sending message to worker 0 PID 33376 at time 44:125000000
OSS: Receiving message from worker 0 PID 33376 at time 44:125000000
OSS PID:33375 SysClockS:44 SysClockNano:125000000
Process Table:
Entry Occupied PID StartS StartN MessagesSent
0 1 33376 1 0 173
1 1 33377 2 0 169
2 0 0 0 0 0
3 0 0 0 0 0
4 0 0 0 0 0
5 0 0 0 0 0
6 0 0 0 0 0
7 0 0 0 0 0
8 0 0 0 0 0
9 0 0 0 0 0
10 0 0 0 0 0
11 0 0 0 0 0
12 0 0 0 0 0
13 0 0 0 0 0
14 0 0 0 0 0
15 0 0 0 0 0
16 0 0 0 0 0
17 0 0 0 0 0
18 0 0 0 0 0
19 0 0 0 0 0

OSS: Sending message to worker 1 PID 33377 at time 44:250000000
OSS: Receiving message from worker 1 PID 33377 at time 44:250000000
OSS PID:33375 SysClockS:44 SysClockNano:250000000
Process Table:
Entry Occupied PID StartS StartN MessagesSent
0 1 33376 1 0 173
1 1 33377 2 0 170
2 0 0 0 0 0
3 0 0 0 0 0
4 0 0 0 0 0
5 0 0 0 0 0
6 0 0 0 0 0
7 0 0 0 0 0
8 0 0 0 0 0
9 0 0 0 0 0
10 0 0 0 0 0
11 0 0 0 0 0
12 0 0 0 0 0
13 0 0 0 0 0
14 0 0 0 0 0
15 0 0 0 0 0
16 0 0 0 0 0
17 0 0 0 0 0
18 0 0 0 0 0
19 0 0 0 0 0

OSS: Sending message to worker 0 PID 33376 at time 44:375000000
OSS: Receiving message from worker 0 PID 33376 at time 44:375000000
OSS PID:33375 SysClockS:44 SysClockNano:375000000
Process Table:
Entry Occupied PID StartS StartN MessagesSent
0 1 33376 1 0 174
1 1 33377 2 0 170
2 0 0 0 0 0
3 0 0 0 0 0
4 0 0 0 0 0
5 0 0 0 0 0
6 0 0 0 0 0
7 0 0 0 0 0
8 0 0 0 0 0
9 0 0 0 0 0
10 0 0 0 0 0
11 0 0 0 0 0
12 0 0 0 0 0
13 0 0 0 0 0
14 0 0 0 0 0
15 0 0 0 0 0
16 0 0 0 0 0
17 0 0 0 0 0
18 0 0 0 0 0
19 0 0 0 0 0

OSS: Sending message to worker 1 PID 33377 at time 44:500000000
OSS: Receiving message from worker 1 PID 33377 at time 44:500000000
OSS PID:33375 SysClockS:44 SysClockNano:500000000
Process Table:
Entry Occupied PID StartS StartN MessagesSent
0 1 33376 1 0 174
1 1 33377 2 0 171
2 0 0 0 0 0
3 0 0 0 0 0
4 0 0 0 0 0
5 0 0 0 0 0
6 0 0 0 0 0
7 0 0 0 0 0
8 0 0 0 0 0
9 0 0 0 0 0
10 0 0 0 0 0
11 0 0 0 0 0
12 0 0 0 0 0
13 0 0 0 0 0
14 0 0 0 0 0
15 0 0 0 0 0
16 0 0 0 0 0
17 0 0 0 0 0
18 0 0 0 0 0
19 0 0 0 0 0

OSS: Sending message to worker 0 PID 33376 at time 44:625000000
OSS: Receiving message from worker 0 PID 33376 at time 44:625000000
OSS PID:33375 SysClockS:44 SysClockNano:625000000
Process Table:
Entry Occupied PID StartS StartN MessagesSent
0 1 33376 1 0 175
1 1 33377 2 0 171
2 0 0 0 0 0
3 0 0 0 0 0
4 0 0 0 0 0
5 0 0 0 0 0
6 0 0 0 0 0
7 0 0 0 0 0
8 0 0 0 0 0
9 0 0 0 0 0
10 0 0 0 0 0
11 0 0 0 0 0
12 0 0 0 0 0
13 0 0 0 0 0
14 0 0 0 0 0
15 0 0 0 0 0
16 0 0 0 0 0
17 0 0 0 0 0
18 0 0 0 0 0
19 0 0 0 0 0

OSS: Sending message to worker 1 PID 33377 at time 44:750000000
OSS: Receiving message from worker 1 PID 33377 at time 44:750000000
OSS PID:33375 SysClockS:44 SysClockNano:750000000
Process Table:
Entry Occupied PID StartS StartN MessagesSent
0 1 33376 1 0 175
1 1 33377 2 0 172
2 0 0 0 0 0
3 0 0 0 0 0
4 0 0 0 0 0
5 0 0 0 0 0
6 0 0 0 0 0
7 0 0 0 0 0
8 0 0 0 0 0
9 0 0 0 0 0
10 0 0 0 0 0
11 0 0 0 0 0
12 0 0 0 0 0
13 0 0 0 0 0
14 0 0 0 0 0
15 0 0 0 0 0
16 0 0 0 0 0
17 0 0 0 0 0
18 0 0 0 0 0
19 0 0 0 0 0

OSS: Sending message to worker 0 PID 33376 at time 44:875000000
OSS: Receiving message from worker 0 PID 33376 at time 44:875000000
OSS PID:33375 SysClockS:44 SysClockNano:875000000
Process Table:
Entry Occupied PID StartS StartN MessagesSent
0 1 33376 1 0 176
1 1 33377 2 0 172
2 0 0 0 0 0
3 0 0 0 0 0
4 0 0 0 0 0
5 0 0 0 0 0
6 0 0 0 0 0
7 0 0 0 0 0
8 0 0 0 0 0
9 0 0 0 0 0
10 0 0 0 0 0
11 0 0 0 0 0
12 0 0 0 0 0
13 0 0 0 0 0
14 0 0 0 0 0
15 0 0 0 0 0
16 0 0 0 0 0
17 0 0 0 0 0
18 0 0 0 0 0
19 0 0 0 0 0

OSS: Sending message to worker 1 PID 33377 at time 45:0
OSS: Receiving message from worker 1 PID 33377 at time 45:0
OSS PID:33375 SysClockS:45 SysClockNano:0
Process Table:
Entry Occupied PID StartS StartN MessagesSent
0 1 33376 1 0 176
1 1 33377 2 0 173
2 0 0 0 0 0
3 0 0 0 0 0
4 0 0 0 0 0
5 0 0 0 0 0
6 0 0 0 0 0
7 0 0 0 0 0
8 0 0 0 0 0
9 0 0 0 0 0
10 0 0 0 0 0
11 0 0 0 0 0
12 0 0 0 0 0
13 0 0 0 0 0
14 0 0 0 0 0
15 0 0 0 0 0
16 0 0 0 0 0
17 0 0 0 0 0
18 0 0 0 0 0
19 0 0 0 0 0

OSS: Sending message to worker 0 PID 33376 at time 45:125000000
OSS: Receiving message from worker 0 PID 33376 at time 45:125000000
OSS PID:33375 SysClockS:45 SysClockNano:125000000
Process Table:
Entry Occupied PID StartS StartN MessagesSent
0 1 33376 1 0 177
1 1 33377 2 0 173
2 0 0 0 0 0
3 0 0 0 0 0
4 0 0 0 0 0
5 0 0 0 0 0
6 0 0 0 0 0
7 0 0 0 0 0
8 0 0 0 0 0
9 0 0 0 0 0
10 0 0 0 0 0
11 0 0 0 0 0
12 0 0 0 0 0
13 0 0 0 0 0
14 0 0 0 0 0
15 0 0 0 0 0
16 0 0 0 0 0
17 0 0 0 0 0
18 0 0 0 0 0
19 0 0 0 0 0

OSS: Sending message to worker 1 PID 33377 at time 45:250000000
OSS: Receiving message from worker 1 PID 33377 at time 45:250000000
OSS PID:33375 SysClockS:45 SysClockNano:250000000
Process Table:
Entry Occupied PID StartS StartN MessagesSent
0 1 33376 1 0 177
1 1 33377 2 0 174
2 0 0 0 0 0
3 0 0 0 0 0
4 0 0 0 0 0
5 0 0 0 0 0
6 0 0 0 0 0
7 0 0 0 0 0
8 0 0 0 0 0
9 0 0 0 0 0
10 0 0 0 0 0
11 0 0 0 0 0
12 0 0 0 0 0
13 0 0 0 0 0
14 0 0 0 0 0
15 0 0 0 0 0
16 0 0 0 0 0
17 0 0 0 0 0
18 0 0 0 0 0
19 0 0 0 0 0

OSS: Sending message to worker 0 PID 33376 at time 45:375000000
OSS: Receiving message from worker 0 PID 33376 at time 45:375000000
OSS PID:33375 SysClockS:45 SysClockNano:375000000
Process Table:
Entry Occupied PID StartS StartN MessagesSent
0 1 33376 1 0 178
1 1 33377 2 0 174
2 0 0 0 0 0
3 0 0 0 0 0
4 0 0 0 0 0
5 0 0 0 0 0
6 0 0 0 0 0
7 0 0 0 0 0
8 0 0 0 0 0
9 0 0 0 0 0
10 0 0 0 0 0
11 0 0 0 0 0
12 0 0 0 0 0
13 0 0 0 0 0
14 0 0 0 0 0
15 0 0 0 0 0
16 0 0 0 0 0
17 0 0 0 0 0
18 0 0 0 0 0
19 0 0 0 0 0

OSS: Sending message to worker 1 PID 33377 at time 45:500000000
OSS: Receiving message from worker 1 PID 33377 at time 45:500000000
OSS PID:33375 SysClockS:45 SysClockNano:500000000
Process Table:
Entry Occupied PID StartS StartN MessagesSent
0 1 33376 1 0 178
1 1 33377 2 0 175
2 0 0 0 0 0
3 0 0 0 0 0
4 0 0 0 0 0
5 0 0 0 0 0
6 0 0 0 0 0
7 0 0 0 0 0
8 0 0 0 0 0
9 0 0 0 0 0
10 0 0 0 0 0
11 0 0 0 0 0
12 0 0 0 0 0
13 0 0 0 0 0
14 0 0 0 0 0
15 0 0 0 0 0
16 0 0 0 0 0
17 0 0 0 0 0
18 0 0 0 0 0
19 0 0 0 0 0

OSS: Sending message to worker 0 PID 33376 at time 45:625000000
OSS: Receiving message from worker 0 PID 33376 at time 45:625000000
OSS PID:33375 SysClockS:45 SysClockNano:625000000
Process Table:
Entry Occupied PID StartS StartN MessagesSent
0 1 33376 1 0 179
1 1 33377 2 0 175
2 0 0 0 0 0
3 0 0 0 0 0
4 0 0 0 0 0
5 0 0 0 0 0
6 0 0 0 0 0
7 0 0 0 0 0
8 0 0 0 0 0
9 0 0 0 0 0
10 0 0 0 0 0
11 0 0 0 0 0
12 0 0 0 0 0
13 0 0 0 0 0
14 0 0 0 0 0
15 0 0 0 0 0
16 0 0 0 0 0
17 0 0 0 0 0
18 0 0 0 0 0
19 0 0 0 0 0

OSS: Sending message to worker 1 PID 33377 at time 45:750000000
OSS: Receiving message from worker 1 PID 33377 at time 45:750000000
OSS PID:33375 SysClockS:45 SysClockNano:750000000
Process Table:
Entry Occupied PID StartS StartN MessagesSent
0 1 33376 1 0 179
1 1 33377 2 0 176
2 0 0 0 0 0
3 0 0 0 0 0
4 0 0 0 0 0
5 0 0 0 0 0
6 0 0 0 0 0
7 0 0 0 0 0
8 0 0 0 0 0
9 0 0 0 0 0
10 0 0 0 0 0
11 0 0 0 0 0
12 0 0 0 0 0
13 0 0 0 0 0
14 0 0 0 0 0
15 0 0 0 0 0
16 0 0 0 0 0
17 0 0 0 0 0
18 0 0 0 0 0
19 0 0 0 0 0

OSS: Sending message to worker 0 PID 33376 at time 45:875000000
OSS: Receiving message from worker 0 PID 33376 at time 45:875000000
OSS PID:33375 SysClockS:45 SysClockNano:875000000
Process Table:
Entry Occupied PID StartS StartN MessagesSent
0 1 33376 1 0 180
1 1 33377 2 0 176
2 0 0 0 0 0
3 0 0 0 0 0
4 0 0 0 0 0
5 0 0 0 0 0
6 0 0 0 0 0
7 0 0 0 0 0
8 0 0 0 0 0
9 0 0 0 0 0
10 0 0 0 0 0
11 0 0 0 0 0
12 0 0 0 0 0
13 0 0 0 0 0
14 0 0 0 0 0
15 0 0 0 0 0
16 0 0 0 0 0
17 0 0 0 0 0
18 0 0 0 0 0
19 0 0 0 0 0

OSS: Sending message to worker 1 PID 33377 at time 46:0
OSS: Receiving message from worker 1 PID 33377 at time 46:0
OSS PID:33375 SysClockS:46 SysClockNano:0
Process Table:
Entry Occupied PID StartS StartN MessagesSent
0 1 33376 1 0 180
1 1 33377 2 0 177
2 0 0 0 0 0
3 0 0 0 0 0
4 0 0 0 0 0
5 0 0 0 0 0
6 0 0 0 0 0
7 0 0 0 0 0
8 0 0 0 0 0
9 0 0 0 0 0
10 0 0 0 0 0
11 0 0 0 0 0
12 0 0 0 0 0
13 0 0 0 0 0
14 0 0 0 0 0
15 0 0 0 0 0
16 0 0 0 0 0
17 0 0 0 0 0
18 0 0 0 0 0
19 0 0 0 0 0

OSS: Sending message to worker 0 PID 33376 at time 46:125000000
OSS: Receiving message from worker 0 PID 33376 at time 46:125000000
OSS PID:33375 SysClockS:46 SysClockNano:125000000
Process Table:
Entry Occupied PID StartS StartN MessagesSent
0 1 33376 1 0 181
1 1 33377 2 0 177
2 0 0 0 0 0
3 0 0 0 0 0
4 0 0 0 0 0
5 0 0 0 0 0
6 0 0 0 0 0
7 0 0 0 0 0
8 0 0 0 0 0
9 0 0 0 0 0
10 0 0 0 0 0
11 0 0 0 0 0
12 0 0 0 0 0
13 0 0 0 0 0
14 0 0 0 0 0
15 0 0 0 0 0
16 0 0 0 0 0
17 0 0 0 0 0
18 0 0 0 0 0
19 0 0 0 0 0

OSS: Sending message to worker 1 PID 33377 at time 46:250000000
OSS: Receiving message from worker 1 PID 33377 at time 46:250000000
OSS PID:33375 SysClockS:46 SysClockNano:250000000
Process Table:
Entry Occupied PID StartS StartN MessagesSent
0 1 33376 1 0 181
1 1 33377 2 0 178
2 0 0 0 0 0
3 0 0 0 0 0
4 0 0 0 0 0
5 0 0 0 0 0
6 0 0 0 0 0
7 0 0 0 0 0
8 0 0 0 0 0
9 0 0 0 0 0
10 0 0 0 0 0
11 0 0 0 0 0
12 0 0 0 0 0
13 0 0 0 0 0
14 0 0 0 0 0
15 0 0 0 0 0
16 0 0 0 0 0
17 0 0 0 0 0
18 0 0 0 0 0
19 0 0 0 0 0

OSS: Sending message to worker 0 PID 33376 at time 46:375000000
OSS: Receiving message from worker 0 PID 33376 at time 46:375000000
OSS PID:33375 SysClockS:46 SysClockNano:375000000
Process Table:
Entry Occupied PID StartS StartN MessagesSent
0 1 33376 1 0 182
1 1 33377 2 0 178
2 0 0 0 0 0
3 0 0 0 0 0
4 0 0 0 0 0
5 0 0 0 0 0
6 0 0 0 0 0
7 0 0 0 0 0
8 0 0 0 0 0
9 0 0 0 0 0
10 0 0 0 0 0
11 0 0 0 0 0
12 0 0 0 0 0
13 0 0 0 0 0
14 0 0 0 0 0
15 0 0 0 0 0
16 0 0 0 0 0
17 0 0 0 0 0
18 0 0 0 0 0
19 0 0 0 0 0

OSS: Sending message to worker 1 PID 33377 at time 46:500000000
OSS: Receiving message from worker 1 PID 33377 at time 46:500000000
OSS PID:33375 SysClockS:46 SysClockNano:500000000
Process Table:
Entry Occupied PID StartS StartN MessagesSent
0 1 33376 1 0 182
1 1 33377 2 0 179
2 0 0 0 0 0
3 0 0 0 0 0
4 0 0 0 0 0
5 0 0 0 0 0
6 0 0 0 0 0
7 0 0 0 0 0
8 0 0 0 0 0
9 0 0 0 0 0
10 0 0 0 0 0
11 0 0 0 0 0
12 0 0 0 0 0
13 0 0 0 0 0
14 0 0 0 0 0
15 0 0 0 0 0
16 0 0 0 0 0
17 0 0 0 0 0
18 0 0 0 0 0
19 0 0 0 0 0

OSS: Sending message to worker 0 PID 33376 at time 46:625000000
OSS: Receiving message from worker 0 PID 33376 at time 46:625000000
OSS PID:33375 SysClockS:46 SysClockNano:625000000
Process Table:
Entry Occupied PID StartS StartN MessagesSent
0 1 33376 1 0 183
1 1 33377 2 0 179
2 0 0 0 0 0
3 0 0 0 0 0
4 0 0 0 0 0
5 0 0 0 0 0
6 0 0 0 0 0
7 0 0 0 0 0
8 0 0 0 0 0
9 0 0 0 0 0
10 0 0 0 0 0
11 0 0 0 0 0
12 0 0 0 0 0
13 0 0 0 0 0
14 0 0 0 0 0
15 0 0 0 0 0
16 0 0 0 0 0
17 0 0 0 0 0
18 0 0 0 0 0
19 0 0 0 0 0

OSS: Sending message to worker 1 PID 33377 at time 46:750000000
OSS: Receiving message from worker 1 PID 33377 at time 46:750000000
OSS PID:33375 SysClockS:46 SysClockNano:750000000
Process Table:
Entry Occupied PID StartS StartN MessagesSent
0 1 33376 1 0 183
1 1 33377 2 0 180
2 0 0 0 0 0
3 0 0 0 0 0
4 0 0 0 0 0
5 0 0 0 0 0
6 0 0 0 0 0
7 0 0 0 0 0
8 0 0 0 0 0
9 0 0 0 0 0
10 0 0 0 0 0
11 0 0 0 0 0
12 0 0 0 0 0
13 0 0 0 0 0
14 0 0 0 0 0
15 0 0 0 0 0
16 0 0 0 0 0
17 0 0 0 0 0
18 0 0 0 0 0
19 0 0 0 0 0

OSS: Sending message to worker 0 PID 33376 at time 46:875000000
OSS: Receiving message from worker 0 PID 33376 at time 46:875000000
OSS PID:33375 SysClockS:46 SysClockNano:875000000
Process Table:
Entry Occupied PID StartS StartN MessagesSent
0 1 33376 1 0 184
1 1 33377 2 0 180
2 0 0 0 0 0
3 0 0 0 0 0
4 0 0 0 0 0
5 0 0 0 0 0
6 0 0 0 0 0
7 0 0 0 0 0
8 0 0 0 0 0
9 0 0 0 0 0
10 0 0 0 0 0
11 0 0 0 0 0
12 0 0 0 0 0
13 0 0 0 0 0
14 0 0 0 0 0
15 0 0 0 0 0
16 0 0 0 0 0
17 0 0 0 0 0
18 0 0 0 0 0
19 0 0 0 0 0

OSS: Sending message to worker 1 PID 33377 at time 47:0
OSS: Receiving message from worker 1 PID 33377 at time 47:0
OSS PID:33375 SysClockS:47 SysClockNano:0
Process Table:
Entry Occupied PID StartS StartN MessagesSent
0 1 33376 1 0 184
1 1 33377 2 0 181
2 0 0 0 0 0
3 0 0 0 0 0
4 0 0 0 0 0
5 0 0 0 0 0
6 0 0 0 0 0
7 0 0 0 0 0
8 0 0 0 0 0
9 0 0 0 0 0
10 0 0 0 0 0
11 0 0 0 0 0
12 0 0 0 0 0
13 0 0 0 0 0
14 0 0 0 0 0
15 0 0 0 0 0
16 0 0 0 0 0
17 0 0 0 0 0
18 0 0 0 0 0
19 0 0 0 0 0

OSS: Sending message to worker 0 PID 33376 at time 47:125000000
OSS: Receiving message from worker 0 PID 33376 at time 47:125000000
OSS PID:33375 SysClockS:47 SysClockNano:125000000
Process Table:
Entry Occupied PID StartS StartN MessagesSent
0 1 33376 1 0 185
1 1 33377 2 0 181
2 0 0 0 0 0
3 0 0 0 0 0
4 0 0 0 0 0
5 0 0 0 0 0
6 0 0 0 0 0
7 0 0 0 0 0
8 0 0 0 0 0
9 0 0 0 0 0
10 0 0 0 0 0
11 0 0 0 0 0
12 0 0 0 0 0
13 0 0 0 0 0
14 0 0 0 0 0
15 0 0 0 0 0
16 0 0 0 0 0
17 0 0 0 0 0
18 0 0 0 0 0
19 0 0 0 0 0

OSS: Sending message to worker 1 PID 33377 at time 47:250000000
OSS: Receiving message from worker 1 PID 33377 at time 47:250000000
OSS PID:33375 SysClockS:47 SysClockNano:250000000
Process Table:
Entry Occupied PID StartS StartN MessagesSent
0 1 33376 1 0 185
1 1 33377 2 0 182
2 0 0 0 0 0
3 0 0 0 0 0
4 0 0 0 0 0
5 0 0 0 0 0
6 0 0 0 0 0
7 0 0 0 0 0
8 0 0 0 0 0
9 0 0 0 0 0
10 0 0 0 0 0
11 0 0 0 0 0
12 0 0 0 0 0
13 0 0 0 0 0
14 0 0 0 0 0
15 0 0 0 0 0
16 0 0 0 0 0
17 0 0 0 0 0
18 0 0 0 0 0
19 0 0 0 0 0

OSS: Sending message to worker 0 PID 33376 at time 47:375000000
OSS: Receiving message from worker 0 PID 33376 at time 47:375000000
OSS PID:33375 SysClockS:47 SysClockNano:375000000
Process Table:
Entry Occupied PID StartS StartN MessagesSent
0 1 33376 1 0 186
1 1 33377 2 0 182
2 0 0 0 0 0
3 0 0 0 0 0
4 0 0 0 0 0
5 0 0 0 0 0
6 0 0 0 0 0
7 0 0 0 0 0
8 0 0 0 0 0
9 0 0 0 0 0
10 0 0 0 0 0
11 0 0 0 0 0
12 0 0 0 0 0
13 0 0 0 0 0
14 0 0 0 0 0
15 0 0 0 0 0
16 0 0 0 0 0
17 0 0 0 0 0
18 0 0 0 0 0
19 0 0 0 0 0

OSS: Sending message to worker 1 PID 33377 at time 47:500000000
OSS: Receiving message from worker 1 PID 33377 at time 47:500000000
OSS PID:33375 SysClockS:47 SysClockNano:500000000
Process Table:
Entry Occupied PID StartS StartN MessagesSent
0 1 33376 1 0 186
1 1 33377 2 0 183
2 0 0 0 0 0
3 0 0 0 0 0
4 0 0 0 0 0
5 0 0 0 0 0
6 0 0 0 0 0
7 0 0 0 0 0
8 0 0 0 0 0
9 0 0 0 0 0
10 0 0 0 0 0
11 0 0 0 0 0
12 0 0 0 0 0
13 0 0 0 0 0
14 0 0 0 0 0
15 0 0 0 0 0
16 0 0 0 0 0
17 0 0 0 0 0
18 0 0 0 0 0
19 0 0 0 0 0

OSS: Sending message to worker 0 PID 33376 at time 47:625000000
OSS: Receiving message from worker 0 PID 33376 at time 47:625000000
OSS PID:33375 SysClockS:47 SysClockNano:625000000
Process Table:
Entry Occupied PID StartS StartN MessagesSent
0 1 33376 1 0 187
1 1 33377 2 0 183
2 0 0 0 0 0
3 0 0 0 0 0
4 0 0 0 0 0
5 0 0 0 0 0
6 0 0 0 0 0
7 0 0 0 0 0
8 0 0 0 0 0
9 0 0 0 0 0
10 0 0 0 0 0
11 0 0 0 0 0
12 0 0 0 0 0
13 0 0 0 0 0
14 0 0 0 0 0
15 0 0 0 0 0
16 0 0 0 0 0
17 0 0 0 0 0
18 0 0 0 0 0
19 0 0 0 0 0

OSS: Sending message to worker 1 PID 33377 at time 47:750000000
OSS: Receiving message from worker 1 PID 33377 at time 47:750000000
OSS PID:33375 SysClockS:47 SysClockNano:750000000
Process Table:
Entry Occupied PID StartS StartN MessagesSent
0 1 33376 1 0 187
1 1 33377 2 0 184
2 0 0 0 0 0
3 0 0 0 0 0
4 0 0 0 0 0
5 0 0 0 0 0
6 0 0 0 0 0
7 0 0 0 0 0
8 0 0 0 0 0
9 0 0 0 0 0
10 0 0 0 0 0
11 0 0 0 0 0
12 0 0 0 0 0
13 0 0 0 0 0
14 0 0 0 0 0
15 0 0 0 0 0
16 0 0 0 0 0
17 0 0 0 0 0
18 0 0 0 0 0
19 0 0 0 0 0

OSS: Sending message to worker 0 PID 33376 at time 47:875000000
OSS: Receiving message from worker 0 PID 33376 at time 47:875000000
OSS PID:33375 SysClockS:47 SysClockNano:875000000
Process Table:
Entry Occupied PID StartS StartN MessagesSent
0 1 33376 1 0 188
1 1 33377 2 0 184
2 0 0 0 0 0
3 0 0 0 0 0
4 0 0 0 0 0
5 0 0 0 0 0
6 0 0 0 0 0
7 0 0 0 0 0
8 0 0 0 0 0
9 0 0 0 0 0
10 0 0 0 0 0
11 0 0 0 0 0
12 0 0 0 0 0
13 0 0 0 0 0
14 0 0 0 0 0
15 0 0 0 0 0
16 0 0 0 0 0
17 0 0 0 0 0
18 0 0 0 0 0
19 0 0 0 0 0

OSS: Sending message to worker 1 PID 33377 at time 48:0
OSS: Receiving message from worker 1 PID 33377 at time 48:0
OSS PID:33375 SysClockS:48 SysClockNano:0
Process Table:
Entry Occupied PID StartS StartN MessagesSent
0 1 33376 1 0 188
1 1 33377 2 0 185
2 0 0 0 0 0
3 0 0 0 0 0
4 0 0 0 0 0
5 0 0 0 0 0
6 0 0 0 0 0
7 0 0 0 0 0
8 0 0 0 0 0
9 0 0 0 0 0
10 0 0 0 0 0
11 0 0 0 0 0
12 0 0 0 0 0
13 0 0 0 0 0
14 0 0 0 0 0
15 0 0 0 0 0
16 0 0 0 0 0
17 0 0 0 0 0
18 0 0 0 0 0
19 0 0 0 0 0

OSS: Sending message to worker 0 PID 33376 at time 48:125000000
OSS: Receiving message from worker 0 PID 33376 at time 48:125000000
OSS PID:33375 SysClockS:48 SysClockNano:125000000
Process Table:
Entry Occupied PID StartS StartN MessagesSent
0 1 33376 1 0 189
1 1 33377 2 0 185
2 0 0 0 0 0
3 0 0 0 0 0
4 0 0 0 0 0
5 0 0 0 0 0
6 0 0 0 0 0
7 0 0 0 0 0
8 0 0 0 0 0
9 0 0 0 0 0
10 0 0 0 0 0
11 0 0 0 0 0
12 0 0 0 0 0
13 0 0 0 0 0
14 0 0 0 0 0
15 0 0 0 0 0
16 0 0 0 0 0
17 0 0 0 0 0
18 0 0 0 0 0
19 0 0 0 0 0

OSS: Sending message to worker 1 PID 33377 at time 48:250000000
OSS: Receiving message from worker 1 PID 33377 at time 48:250000000
OSS PID:33375 SysClockS:48 SysClockNano:250000000
Process Table:
Entry Occupied PID StartS StartN MessagesSent
0 1 33376 1 0 189
1 1 33377 2 0 186
2 0 0 0 0 0
3 0 0 0 0 0
4 0 0 0 0 0
5 0 0 0 0 0
6 0 0 0 0 0
7 0 0 0 0 0
8 0 0 0 0 0
9 0 0 0 0 0
10 0 0 0 0 0
11 0 0 0 0 0
12 0 0 0 0 0
13 0 0 0 0 0
14 0 0 0 0 0
15 0 0 0 0 0
16 0 0 0 0 0
17 0 0 0 0 0
18 0 0 0 0 0
19 0 0 0 0 0

OSS: Sending message to worker 0 PID 33376 at time 48:375000000
OSS: Receiving message from worker 0 PID 33376 at time 48:375000000
OSS PID:33375 SysClockS:48 SysClockNano:375000000
Process Table:
Entry Occupied PID StartS StartN MessagesSent
0 1 33376 1 0 190
1 1 33377 2 0 186
2 0 0 0 0 0
3 0 0 0 0 0
4 0 0 0 0 0
5 0 0 0 0 0
6 0 0 0 0 0
7 0 0 0 0 0
8 0 0 0 0 0
9 0 0 0 0 0
10 0 0 0 0 0
11 0 0 0 0 0
12 0 0 0 0 0
13 0 0 0 0 0
14 0 0 0 0 0
15 0 0 0 0 0
16 0 0 0 0 0
17 0 0 0 0 0
18 0 0 0 0 0
19 0 0 0 0 0

OSS: Sending message to worker 1 PID 33377 at time 48:500000000
OSS: Receiving message from worker 1 PID 33377 at time 48:500000000
OSS PID:33375 SysClockS:48 SysClockNano:500000000
Process Table:
Entry Occupied PID StartS StartN MessagesSent
0 1 33376 1 0 190
1 1 33377 2 0 187
2 0 0 0 0 0
3 0 0 0 0 0
4 0 0 0 0 0
5 0 0 0 0 0
6 0 0 0 0 0
7 0 0 0 0 0
8 0 0 0 0 0
9 0 0 0 0 0
10 0 0 0 0 0
11 0 0 0 0 0
12 0 0 0 0 0
13 0 0 0 0 0
14 0 0 0 0 0
15 0 0 0 0 0
16 0 0 0 0 0
17 0 0 0 0 0
18 0 0 0 0 0
19 0 0 0 0 0

OSS: Sending message to worker 0 PID 33376 at time 48:625000000
OSS: Receiving message from worker 0 PID 33376 at time 48:625000000
OSS PID:33375 SysClockS:48 SysClockNano:625000000
Process Table:
Entry Occupied PID StartS StartN MessagesSent
0 1 33376 1 0 191
1 1 33377 2 0 187
2 0 0 0 0 0
3 0 0 0 0 0
4 0 0 0 0 0
5 0 0 0 0 0
6 0 0 0 0 0
7 0 0 0 0 0
8 0 0 0 0 0
9 0 0 0 0 0
10 0 0 0 0 0
11 0 0 0 0 0
12 0 0 0 0 0
13 0 0 0 0 0
14 0 0 0 0 0
15 0 0 0 0 0
16 0 0 0 0 0
17 0 0 0 0 0
18 0 0 0 0 0
19 0 0 0 0 0

OSS: Sending message to worker 1 PID 33377 at time 48:750000000
OSS: Receiving message from worker 1 PID 33377 at time 48:750000000
OSS PID:33375 SysClockS:48 SysClockNano:750000000
Process Table:
Entry Occupied PID StartS StartN MessagesSent
0 1 33376 1 0 191
1 1 33377 2 0 188
2 0 0 0 0 0
3 0 0 0 0 0
4 0 0 0 0 0
5 0 0 0 0 0
6 0 0 0 0 0
7 0 0 0 0 0
8 0 0 0 0 0
9 0 0 0 0 0
10 0 0 0 0 0
11 0 0 0 0 0
12 0 0 0 0 0
13 0 0 0 0 0
14 0 0 0 0 0
15 0 0 0 0 0
16 0 0 0 0 0
17 0 0 0 0 0
18 0 0 0 0 0
19 0 0 0 0 0

OSS: Sending message to worker 0 PID 33376 at time 48:875000000
OSS: Receiving message from worker 0 PID 33376 at time 48:875000000
OSS PID:33375 SysClockS:48 SysClockNano:875000000
Process Table:
Entry Occupied PID StartS StartN MessagesSent
0 1 33376 1 0 192
1 1 33377 2 0 188
2 0 0 0 0 0
3 0 0 0 0 0
4 0 0 0 0 0
5 0 0 0 0 0
6 0 0 0 0 0
7 0 0 0 0 0
8 0 0 0 0 0
9 0 0 0 0 0
10 0 0 0 0 0
11 0 0 0 0 0
12 0 0 0 0 0
13 0 0 0 0 0
14 0 0 0 0 0
15 0 0 0 0 0
16 0 0 0 0 0
17 0 0 0 0 0
18 0 0 0 0 0
19 0 0 0 0 0

OSS: Sending message to worker 1 PID 33377 at time 49:0
OSS: Receiving message from worker 1 PID 33377 at time 49:0
OSS PID:33375 SysClockS:49 SysClockNano:0
Process Table:
Entry Occupied PID StartS StartN MessagesSent
0 1 33376 1 0 192
1 1 33377 2 0 189
2 0 0 0 0 0
3 0 0 0 0 0
4 0 0 0 0 0
5 0 0 0 0 0
6 0 0 0 0 0
7 0 0 0 0 0
8 0 0 0 0 0
9 0 0 0 0 0
10 0 0 0 0 0
11 0 0 0 0 0
12 0 0 0 0 0
13 0 0 0 0 0
14 0 0 0 0 0
15 0 0 0 0 0
16 0 0 0 0 0
17 0 0 0 0 0
18 0 0 0 0 0
19 0 0 0 0 0

OSS: Sending message to worker 0 PID 33376 at time 49:125000000
OSS: Receiving message from worker 0 PID 33376 at time 49:125000000
OSS PID:33375 SysClockS:49 SysClockNano:125000000
Process Table:
Entry Occupied PID StartS StartN MessagesSent
0 1 33376 1 0 193
1 1 33377 2 0 189
2 0 0 0 0 0
3 0 0 0 0 0
4 0 0 0 0 0
5 0 0 0 0 0
6 0 0 0 0 0
7 0 0 0 0 0
8 0 0 0 0 0
9 0 0 0 0 0
10 0 0 0 0 0
11 0 0 0 0 0
12 0 0 0 0 0
13 0 0 0 0 0
14 0 0 0 0 0
15 0 0 0 0 0
16 0 0 0 0 0
17 0 0 0 0 0
18 0 0 0 0 0
19 0 0 0 0 0

OSS: Sending message to worker 1 PID 33377 at time 49:250000000
OSS: Receiving message from worker 1 PID 33377 at time 49:250000000
OSS PID:33375 SysClockS:49 SysClockNano:250000000
Process Table:
Entry Occupied PID StartS StartN MessagesSent
0 1 33376 1 0 193
1 1 33377 2 0 190
2 0 0 0 0 0
3 0 0 0 0 0
4 0 0 0 0 0
5 0 0 0 0 0
6 0 0 0 0 0
7 0 0 0 0 0
8 0 0 0 0 0
9 0 0 0 0 0
10 0 0 0 0 0
11 0 0 0 0 0
12 0 0 0 0 0
13 0 0 0 0 0
14 0 0 0 0 0
15 0 0 0 0 0
16 0 0 0 0 0
17 0 0 0 0 0
18 0 0 0 0 0
19 0 0 0 0 0

OSS: Sending message to worker 0 PID 33376 at time 49:375000000
OSS: Receiving message from worker 0 PID 33376 at time 49:375000000
OSS PID:33375 SysClockS:49 SysClockNano:375000000
Process Table:
Entry Occupied PID StartS StartN MessagesSent
0 1 33376 1 0 194
1 1 33377 2 0 190
2 0 0 0 0 0
3 0 0 0 0 0
4 0 0 0 0 0
5 0 0 0 0 0
6 0 0 0 0 0
7 0 0 0 0 0
8 0 0 0 0 0
9 0 0 0 0 0
10 0 0 0 0 0
11 0 0 0 0 0
12 0 0 0 0 0
13 0 0 0 0 0
14 0 0 0 0 0
15 0 0 0 0 0
16 0 0 0 0 0
17 0 0 0 0 0
18 0 0 0 0 0
19 0 0 0 0 0

OSS: Sending message to worker 1 PID 33377 at time 49:500000000
OSS: Receiving message from worker 1 PID 33377 at time 49:500000000
OSS PID:33375 SysClockS:49 SysClockNano:500000000
Process Table:
Entry Occupied PID StartS StartN MessagesSent
0 1 33376 1 0 194
1 1 33377 2 0 191
2 0 0 0 0 0
3 0 0 0 0 0
4 0 0 0 0 0
5 0 0 0 0 0
6 0 0 0 0 0
7 0 0 0 0 0
8 0 0 0 0 0
9 0 0 0 0 0
10 0 0 0 0 0
11 0 0 0 0 0
12 0 0 0 0 0
13 0 0 0 0 0
14 0 0 0 0 0
15 0 0 0 0 0
16 0 0 0 0 0
17 0 0 0 0 0
18 0 0 0 0 0
19 0 0 0 0 0

OSS: Sending message to worker 0 PID 33376 at time 49:625000000
OSS: Receiving message from worker 0 PID 33376 at time 49:625000000
OSS PID:33375 SysClockS:49 SysClockNano:625000000
Process Table:
Entry Occupied PID StartS StartN MessagesSent
0 1 33376 1 0 195
1 1 33377 2 0 191
2 0 0 0 0 0
3 0 0 0 0 0
4 0 0 0 0 0
5 0 0 0 0 0
6 0 0 0 0 0
7 0 0 0 0 0
8 0 0 0 0 0
9 0 0 0 0 0
10 0 0 0 0 0
11 0 0 0 0 0
12 0 0 0 0 0
13 0 0 0 0 0
14 0 0 0 0 0
15 0 0 0 0 0
16 0 0 0 0 0
17 0 0 0 0 0
18 0 0 0 0 0
19 0 0 0 0 0

OSS: Sending message to worker 1 PID 33377 at time 49:750000000
OSS: Receiving message from worker 1 PID 33377 at time 49:750000000
OSS PID:33375 SysClockS:49 SysClockNano:750000000
Process Table:
Entry Occupied PID StartS StartN MessagesSent
0 1 33376 1 0 195
1 1 33377 2 0 192
2 0 0 0 0 0
3 0 0 0 0 0
4 0 0 0 0 0
5 0 0 0 0 0
6 0 0 0 0 0
7 0 0 0 0 0
8 0 0 0 0 0
9 0 0 0 0 0
10 0 0 0 0 0
11 0 0 0 0 0
12 0 0 0 0 0
13 0 0 0 0 0
14 0 0 0 0 0
15 0 0 0 0 0
16 0 0 0 0 0
17 0 0 0 0 0
18 0 0 0 0 0
19 0 0 0 0 0

OSS: Sending message to worker 0 PID 33376 at time 49:875000000
OSS: Receiving message from worker 0 PID 33376 at time 49:875000000
OSS PID:33375 SysClockS:49 SysClockNano:875000000
Process Table:
Entry Occupied PID StartS StartN MessagesSent
0 1 33376 1 0 196
1 1 33377 2 0 192
2 0 0 0 0 0
3 0 0 0 0 0
4 0 0 0 0 0
5 0 0 0 0 0
6 0 0 0 0 0
7 0 0 0 0 0
8 0 0 0 0 0
9 0 0 0 0 0
10 0 0 0 0 0
11 0 0 0 0 0
12 0 0 0 0 0
13 0 0 0 0 0
14 0 0 0 0 0
15 0 0 0 0 0
16 0 0 0 0 0
17 0 0 0 0 0
18 0 0 0 0 0
19 0 0 0 0 0

OSS: Sending message to worker 1 PID 33377 at time 50:0
OSS: Receiving message from worker 1 PID 33377 at time 50:0
OSS PID:33375 SysClockS:50 SysClockNano:0
Process Table:
Entry Occupied PID StartS StartN MessagesSent
0 1 33376 1 0 196
1 1 33377 2 0 193
2 0 0 0 0 0
3 0 0 0 0 0
4 0 0 0 0 0
5 0 0 0 0 0
6 0 0 0 0 0
7 0 0 0 0 0
8 0 0 0 0 0
9 0 0 0 0 0
10 0 0 0 0 0
11 0 0 0 0 0
12 0 0 0 0 0
13 0 0 0 0 0
14 0 0 0 0 0
15 0 0 0 0 0
16 0 0 0 0 0
17 0 0 0 0 0
18 0 0 0 0 0
19 0 0 0 0 0

OSS: Sending message to worker 0 PID 33376 at time 50:125000000
OSS: Receiving message from worker 0 PID 33376 at time 50:125000000
OSS PID:33375 SysClockS:50 SysClockNano:125000000
Process Table:
Entry Occupied PID StartS StartN MessagesSent
0 1 33376 1 0 197
1 1 33377 2 0 193
2 0 0 0 0 0
3 0 0 0 0 0
4 0 0 0 0 0
5 0 0 0 0 0
6 0 0 0 0 0
7 0 0 0 0 0
8 0 0 0 0 0
9 0 0 0 0 0
10 0 0 0 0 0
11 0 0 0 0 0
12 0 0 0 0 0
13 0 0 0 0 0
14 0 0 0 0 0
15 0 0 0 0 0
16 0 0 0 0 0
17 0 0 0 0 0
18 0 0 0 0 0
19 0 0 0 0 0

OSS: Sending message to worker 1 PID 33377 at time 50:250000000
OSS: Receiving message from worker 1 PID 33377 at time 50:250000000
OSS PID:33375 SysClockS:50 SysClockNano:250000000
Process Table:
Entry Occupied PID StartS StartN MessagesSent
0 1 33376 1 0 197
1 1 33377 2 0 194
2 0 0 0 0 0
3 0 0 0 0 0
4 0 0 0 0 0
5 0 0 0 0 0
6 0 0 0 0 0
7 0 0 0 0 0
8 0 0 0 0 0
9 0 0 0 0 0
10 0 0 0 0 0
11 0 0 0 0 0
12 0 0 0 0 0
13 0 0 0 0 0
14 0 0 0 0 0
15 0 0 0 0 0
16 0 0 0 0 0
17 0 0 0 0 0
18 0 0 0 0 0
19 0 0 0 0 0

OSS: Sending message to worker 0 PID 33376 at time 50:375000000
OSS: Receiving message from worker 0 PID 33376 at time 50:375000000
OSS PID:33375 SysClockS:50 SysClockNano:375000000
Process Table:
Entry Occupied PID StartS StartN MessagesSent
0 1 33376 1 0 198
1 1 33377 2 0 194
2 0 0 0 0 0
3 0 0 0 0 0
4 0 0 0 0 0
5 0 0 0 0 0
6 0 0 0 0 0
7 0 0 0 0 0
8 0 0 0 0 0
9 0 0 0 0 0
10 0 0 0 0 0
11 0 0 0 0 0
12 0 0 0 0 0
13 0 0 0 0 0
14 0 0 0 0 0
15 0 0 0 0 0
16 0 0 0 0 0
17 0 0 0 0 0
18 0 0 0 0 0
19 0 0 0 0 0

OSS: Sending message to worker 1 PID 33377 at time 50:500000000
OSS: Receiving message from worker 1 PID 33377 at time 50:500000000
OSS PID:33375 SysClockS:50 SysClockNano:500000000
Process Table:
Entry Occupied PID StartS StartN MessagesSent
0 1 33376 1 0 198
1 1 33377 2 0 195
2 0 0 0 0 0
3 0 0 0 0 0
4 0 0 0 0 0
5 0 0 0 0 0
6 0 0 0 0 0
7 0 0 0 0 0
8 0 0 0 0 0
9 0 0 0 0 0
10 0 0 0 0 0
11 0 0 0 0 0
12 0 0 0 0 0
13 0 0 0 0 0
14 0 0 0 0 0
15 0 0 0 0 0
16 0 0 0 0 0
17 0 0 0 0 0
18 0 0 0 0 0
19 0 0 0 0 0

OSS: Sending message to worker 0 PID 33376 at time 50:625000000
OSS: Receiving message from worker 0 PID 33376 at time 50:625000000
OSS PID:33375 SysClockS:50 SysClockNano:625000000
Process Table:
Entry Occupied PID StartS StartN MessagesSent
0 1 33376 1 0 199
1 1 33377 2 0 195
2 0 0 0 0 0
3 0 0 0 0 0
4 0 0 0 0 0
5 0 0 0 0 0
6 0 0 0 0 0
7 0 0 0 0 0
8 0 0 0 0 0
9 0 0 0 0 0
10 0 0 0 0 0
11 0 0 0 0 0
12 0 0 0 0 0
13 0 0 0 0 0
14 0 0 0 0 0
15 0 0 0 0 0
16 0 0 0 0 0
17 0 0 0 0 0
18 0 0 0 0 0
19 0 0 0 0 0

OSS: Sending message to worker 1 PID 33377 at time 50:750000000
OSS: Receiving message from worker 1 PID 33377 at time 50:750000000
OSS PID:33375 SysClockS:50 SysClockNano:750000000
Process Table:
Entry Occupied PID StartS StartN MessagesSent
0 1 33376 1 0 199
1 1 33377 2 0 196
2 0 0 0 0 0
3 0 0 0 0 0
4 0 0 0 0 0
5 0 0 0 0 0
6 0 0 0 0 0
7 0 0 0 0 0
8 0 0 0 0 0
9 0 0 0 0 0
10 0 0 0 0 0
11 0 0 0 0 0
12 0 0 0 0 0
13 0 0 0 0 0
14 0 0 0 0 0
15 0 0 0 0 0
16 0 0 0 0 0
17 0 0 0 0 0
18 0 0 0 0 0
19 0 0 0 0 0

OSS: Sending message to worker 0 PID 33376 at time 50:875000000
OSS: Receiving message from worker 0 PID 33376 at time 50:875000000
OSS PID:33375 SysClockS:50 SysClockNano:875000000
Process Table:
Entry Occupied PID StartS StartN MessagesSent
0 1 33376 1 0 200
1 1 33377 2 0 196
2 0 0 0 0 0
3 0 0 0 0 0
4 0 0 0 0 0
5 0 0 0 0 0
6 0 0 0 0 0
7 0 0 0 0 0
8 0 0 0 0 0
9 0 0 0 0 0
10 0 0 0 0 0
11 0 0 0 0 0
12 0 0 0 0 0
13 0 0 0 0 0
14 0 0 0 0 0
15 0 0 0 0 0
16 0 0 0 0 0
17 0 0 0 0 0
18 0 0 0 0 0
19 0 0 0 0 0

OSS: Sending message to worker 1 PID 33377 at time 51:0
OSS: Receiving message from worker 1 PID 33377 at time 51:0
OSS PID:33375 SysClockS:51 SysClockNano:0
Process Table:
Entry Occupied PID StartS StartN MessagesSent
0 1 33376 1 0 200
1 1 33377 2 0 197
2 0 0 0 0 0
3 0 0 0 0 0
4 0 0 0 0 0
5 0 0 0 0 0
6 0 0 0 0 0
7 0 0 0 0 0
8 0 0 0 0 0
9 0 0 0 0 0
10 0 0 0 0 0
11 0 0 0 0 0
12 0 0 0 0 0
13 0 0 0 0 0
14 0 0 0 0 0
15 0 0 0 0 0
16 0 0 0 0 0
17 0 0 0 0 0
18 0 0 0 0 0
19 0 0 0 0 0

OSS: Sending message to worker 0 PID 33376 at time 51:125000000
OSS: Receiving message from worker 0 PID 33376 at time 51:125000000
OSS PID:33375 SysClockS:51 SysClockNano:125000000
Process Table:
Entry Occupied PID StartS StartN MessagesSent
0 1 33376 1 0 201
1 1 33377 2 0 197
2 0 0 0 0 0
3 0 0 0 0 0
4 0 0 0 0 0
5 0 0 0 0 0
6 0 0 0 0 0
7 0 0 0 0 0
8 0 0 0 0 0
9 0 0 0 0 0
10 0 0 0 0 0
11 0 0 0 0 0
12 0 0 0 0 0
13 0 0 0 0 0
14 0 0 0 0 0
15 0 0 0 0 0
16 0 0 0 0 0
17 0 0 0 0 0
18 0 0 0 0 0
19 0 0 0 0 0

OSS: Sending message to worker 1 PID 33377 at time 51:250000000
OSS: Receiving message from worker 1 PID 33377 at time 51:250000000
OSS PID:33375 SysClockS:51 SysClockNano:250000000
Process Table:
Entry Occupied PID StartS StartN MessagesSent
0 1 33376 1 0 201
1 1 33377 2 0 198
2 0 0 0 0 0
3 0 0 0 0 0
4 0 0 0 0 0
5 0 0 0 0 0
6 0 0 0 0 0
7 0 0 0 0 0
8 0 0 0 0 0
9 0 0 0 0 0
10 0 0 0 0 0
11 0 0 0 0 0
12 0 0 0 0 0
13 0 0 0 0 0
14 0 0 0 0 0
15 0 0 0 0 0
16 0 0 0 0 0
17 0 0 0 0 0
18 0 0 0 0 0
19 0 0 0 0 0

OSS: Sending message to worker 0 PID 33376 at time 51:375000000
OSS: Receiving message from worker 0 PID 33376 at time 51:375000000
OSS PID:33375 SysClockS:51 SysClockNano:375000000
Process Table:
Entry Occupied PID StartS StartN MessagesSent
0 1 33376 1 0 202
1 1 33377 2 0 198
2 0 0 0 0 0
3 0 0 0 0 0
4 0 0 0 0 0
5 0 0 0 0 0
6 0 0 0 0 0
7 0 0 0 0 0
8 0 0 0 0 0
9 0 0 0 0 0
10 0 0 0 0 0
11 0 0 0 0 0
12 0 0 0 0 0
13 0 0 0 0 0
14 0 0 0 0 0
15 0 0 0 0 0
16 0 0 0 0 0
17 0 0 0 0 0
18 0 0 0 0 0
19 0 0 0 0 0

OSS: Sending message to worker 1 PID 33377 at time 51:500000000
OSS: Receiving message from worker 1 PID 33377 at time 51:500000000
OSS PID:33375 SysClockS:51 SysClockNano:500000000
Process Table:
Entry Occupied PID StartS StartN MessagesSent
0 1 33376 1 0 202
1 1 33377 2 0 199
2 0 0 0 0 0
3 0 0 0 0 0
4 0 0 0 0 0
5 0 0 0 0 0
6 0 0 0 0 0
7 0 0 0 0 0
8 0 0 0 0 0
9 0 0 0 0 0
10 0 0 0 0 0
11 0 0 0 0 0
12 0 0 0 0 0
13 0 0 0 0 0
14 0 0 0 0 0
15 0 0 0 0 0
16 0 0 0 0 0
17 0 0 0 0 0
18 0 0 0 0 0
19 0 0 0 0 0

OSS: Sending message to worker 0 PID 33376 at time 51:625000000
OSS: Receiving message from worker 0 PID 33376 at time 51:625000000
OSS PID:33375 SysClockS:51 SysClockNano:625000000
Process Table:
Entry Occupied PID StartS StartN MessagesSent
0 1 33376 1 0 203
1 1 33377 2 0 199
2 0 0 0 0 0
3 0 0 0 0 0
4 0 0 0 0 0
5 0 0 0 0 0
6 0 0 0 0 0
7 0 0 0 0 0
8 0 0 0 0 0
9 0 0 0 0 0
10 0 0 0 0 0
11 0 0 0 0 0
12 0 0 0 0 0
13 0 0 0 0 0
14 0 0 0 0 0
15 0 0 0 0 0
16 0 0 0 0 0
17 0 0 0 0 0
18 0 0 0 0 0
19 0 0 0 0 0

OSS: Sending message to worker 1 PID 33377 at time 51:750000000
OSS: Receiving message from worker 1 PID 33377 at time 51:750000000
OSS PID:33375 SysClockS:51 SysClockNano:750000000
Process Table:
Entry Occupied PID StartS StartN MessagesSent
0 1 33376 1 0 203
1 1 33377 2 0 200
2 0 0 0 0 0
3 0 0 0 0 0
4 0 0 0 0 0
5 0 0 0 0 0
6 0 0 0 0 0
7 0 0 0 0 0
8 0 0 0 0 0
9 0 0 0 0 0
10 0 0 0 0 0
11 0 0 0 0 0
12 0 0 0 0 0
13 0 0 0 0 0
14 0 0 0 0 0
15 0 0 0 0 0
16 0 0 0 0 0
17 0 0 0 0 0
18 0 0 0 0 0
19 0 0 0 0 0

OSS: Sending message to worker 0 PID 33376 at time 51:875000000
OSS: Receiving message from worker 0 PID 33376 at time 51:875000000
OSS PID:33375 SysClockS:51 SysClockNano:875000000
Process Table:
Entry Occupied PID StartS StartN MessagesSent
0 1 33376 1 0 204
1 1 33377 2 0 200
2 0 0 0 0 0
3 0 0 0 0 0
4 0 0 0 0 0
5 0 0 0 0 0
6 0 0 0 0 0
7 0 0 0 0 0
8 0 0 0 0 0
9 0 0 0 0 0
10 0 0 0 0 0
11 0 0 0 0 0
12 0 0 0 0 0
13 0 0 0 0 0
14 0 0 0 0 0
15 0 0 0 0 0
16 0 0 0 0 0
17 0 0 0 0 0
18 0 0 0 0 0
19 0 0 0 0 0

OSS: Sending message to worker 1 PID 33377 at time 52:0
OSS: Receiving message from worker 1 PID 33377 at time 52:0
OSS PID:33375 SysClockS:52 SysClockNano:0
Process Table:
Entry Occupied PID StartS StartN MessagesSent
0 1 33376 1 0 204
1 1 33377 2 0 201
2 0 0 0 0 0
3 0 0 0 0 0
4 0 0 0 0 0
5 0 0 0 0 0
6 0 0 0 0 0
7 0 0 0 0 0
8 0 0 0 0 0
9 0 0 0 0 0
10 0 0 0 0 0
11 0 0 0 0 0
12 0 0 0 0 0
13 0 0 0 0 0
14 0 0 0 0 0
15 0 0 0 0 0
16 0 0 0 0 0
17 0 0 0 0 0
18 0 0 0 0 0
19 0 0 0 0 0

OSS: Sending message to worker 0 PID 33376 at time 52:125000000
OSS: Receiving message from worker 0 PID 33376 at time 52:125000000
OSS PID:33375 SysClockS:52 SysClockNano:125000000
Process Table:
Entry Occupied PID StartS StartN MessagesSent
0 1 33376 1 0 205
1 1 33377 2 0 201
2 0 0 0 0 0
3 0 0 0 0 0
4 0 0 0 0 0
5 0 0 0 0 0
6 0 0 0 0 0
7 0 0 0 0 0
8 0 0 0 0 0
9 0 0 0 0 0
10 0 0 0 0 0
11 0 0 0 0 0
12 0 0 0 0 0
13 0 0 0 0 0
14 0 0 0 0 0
15 0 0 0 0 0
16 0 0 0 0 0
17 0 0 0 0 0
18 0 0 0 0 0
19 0 0 0 0 0

OSS: Sending message to worker 1 PID 33377 at time 52:250000000
OSS: Receiving message from worker 1 PID 33377 at time 52:250000000
OSS PID:33375 SysClockS:52 SysClockNano:250000000
Process Table:
Entry Occupied PID StartS StartN MessagesSent
0 1 33376 1 0 205
1 1 33377 2 0 202
2 0 0 0 0 0
3 0 0 0 0 0
4 0 0 0 0 0
5 0 0 0 0 0
6 0 0 0 0 0
7 0 0 0 0 0
8 0 0 0 0 0
9 0 0 0 0 0
10 0 0 0 0 0
11 0 0 0 0 0
12 0 0 0 0 0
13 0 0 0 0 0
14 0 0 0 0 0
15 0 0 0 0 0
16 0 0 0 0 0
17 0 0 0 0 0
18 0 0 0 0 0
19 0 0 0 0 0

OSS: Sending message to worker 0 PID 33376 at time 52:375000000
OSS: Receiving message from worker 0 PID 33376 at time 52:375000000
OSS PID:33375 SysClockS:52 SysClockNano:375000000
Process Table:
Entry Occupied PID StartS StartN MessagesSent
0 1 33376 1 0 206
1 1 33377 2 0 202
2 0 0 0 0 0
3 0 0 0 0 0
4 0 0 0 0 0
5 0 0 0 0 0
6 0 0 0 0 0
7 0 0 0 0 0
8 0 0 0 0 0
9 0 0 0 0 0
10 0 0 0 0 0
11 0 0 0 0 0
12 0 0 0 0 0
13 0 0 0 0 0
14 0 0 0 0 0
15 0 0 0 0 0
16 0 0 0 0 0
17 0 0 0 0 0
18 0 0 0 0 0
19 0 0 0 0 0

OSS: Sending message to worker 1 PID 33377 at time 52:500000000
OSS: Receiving message from worker 1 PID 33377 at time 52:500000000
OSS PID:33375 SysClockS:52 SysClockNano:500000000
Process Table:
Entry Occupied PID StartS StartN MessagesSent
0 1 33376 1 0 206
1 1 33377 2 0 203
2 0 0 0 0 0
3 0 0 0 0 0
4 0 0 0 0 0
5 0 0 0 0 0
6 0 0 0 0 0
7 0 0 0 0 0
8 0 0 0 0 0
9 0 0 0 0 0
10 0 0 0 0 0
11 0 0 0 0 0
12 0 0 0 0 0
13 0 0 0 0 0
14 0 0 0 0 0
15 0 0 0 0 0
16 0 0 0 0 0
17 0 0 0 0 0
18 0 0 0 0 0
19 0 0 0 0 0

OSS: Sending message to worker 0 PID 33376 at time 52:625000000
OSS: Receiving message from worker 0 PID 33376 at time 52:625000000
OSS PID:33375 SysClockS:52 SysClockNano:625000000
Process Table:
Entry Occupied PID StartS StartN MessagesSent
0 1 33376 1 0 207
1 1 33377 2 0 203
2 0 0 0 0 0
3 0 0 0 0 0
4 0 0 0 0 0
5 0 0 0 0 0
6 0 0 0 0 0
7 0 0 0 0 0
8 0 0 0 0 0
9 0 0 0 0 0
10 0 0 0 0 0
11 0 0 0 0 0
12 0 0 0 0 0
13 0 0 0 0 0
14 0 0 0 0 0
15 0 0 0 0 0
16 0 0 0 0 0
17 0 0 0 0 0
18 0 0 0 0 0
19 0 0 0 0 0

OSS: Sending message to worker 1 PID 33377 at time 52:750000000
OSS: Receiving message from worker 1 PID 33377 at time 52:750000000
OSS PID:33375 SysClockS:52 SysClockNano:750000000
Process Table:
Entry Occupied PID StartS StartN MessagesSent
0 1 33376 1 0 207
1 1 33377 2 0 204
2 0 0 0 0 0
3 0 0 0 0 0
4 0 0 0 0 0
5 0 0 0 0 0
6 0 0 0 0 0
7 0 0 0 0 0
8 0 0 0 0 0
9 0 0 0 0 0
10 0 0 0 0 0
11 0 0 0 0 0
12 0 0 0 0 0
13 0 0 0 0 0
14 0 0 0 0 0
15 0 0 0 0 0
16 0 0 0 0 0
17 0 0 0 0 0
18 0 0 0 0 0
19 0 0 0 0 0

OSS: Sending message to worker 0 PID 33376 at time 52:875000000
OSS: Receiving message from worker 0 PID 33376 at time 52:875000000
OSS PID:33375 SysClockS:52 SysClockNano:875000000
Process Table:
Entry Occupied PID StartS StartN MessagesSent
0 1 33376 1 0 208
1 1 33377 2 0 204
2 0 0 0 0 0
3 0 0 0 0 0
4 0 0 0 0 0
5 0 0 0 0 0
6 0 0 0 0 0
7 0 0 0 0 0
8 0 0 0 0 0
9 0 0 0 0 0
10 0 0 0 0 0
11 0 0 0 0 0
12 0 0 0 0 0
13 0 0 0 0 0
14 0 0 0 0 0
15 0 0 0 0 0
16 0 0 0 0 0
17 0 0 0 0 0
18 0 0 0 0 0
19 0 0 0 0 0

OSS: Sending message to worker 1 PID 33377 at time 53:0
OSS: Receiving message from worker 1 PID 33377 at time 53:0
OSS PID:33375 SysClockS:53 SysClockNano:0
Process Table:
Entry Occupied PID StartS StartN MessagesSent
0 1 33376 1 0 208
1 1 33377 2 0 205
2 0 0 0 0 0
3 0 0 0 0 0
4 0 0 0 0 0
5 0 0 0 0 0
6 0 0 0 0 0
7 0 0 0 0 0
8 0 0 0 0 0
9 0 0 0 0 0
10 0 0 0 0 0
11 0 0 0 0 0
12 0 0 0 0 0
13 0 0 0 0 0
14 0 0 0 0 0
15 0 0 0 0 0
16 0 0 0 0 0
17 0 0 0 0 0
18 0 0 0 0 0
19 0 0 0 0 0

OSS: Sending message to worker 0 PID 33376 at time 53:125000000
OSS: Receiving message from worker 0 PID 33376 at time 53:125000000
OSS PID:33375 SysClockS:53 SysClockNano:125000000
Process Table:
Entry Occupied PID StartS StartN MessagesSent
0 1 33376 1 0 209
1 1 33377 2 0 205
2 0 0 0 0 0
3 0 0 0 0 0
4 0 0 0 0 0
5 0 0 0 0 0
6 0 0 0 0 0
7 0 0 0 0 0
8 0 0 0 0 0
9 0 0 0 0 0
10 0 0 0 0 0
11 0 0 0 0 0
12 0 0 0 0 0
13 0 0 0 0 0
14 0 0 0 0 0
15 0 0 0 0 0
16 0 0 0 0 0
17 0 0 0 0 0
18 0 0 0 0 0
19 0 0 0 0 0

OSS: Sending message to worker 1 PID 33377 at time 53:250000000
OSS: Receiving message from worker 1 PID 33377 at time 53:250000000
OSS PID:33375 SysClockS:53 SysClockNano:250000000
Process Table:
Entry Occupied PID StartS StartN MessagesSent
0 1 33376 1 0 209
1 1 33377 2 0 206
2 0 0 0 0 0
3 0 0 0 0 0
4 0 0 0 0 0
5 0 0 0 0 0
6 0 0 0 0 0
7 0 0 0 0 0
8 0 0 0 0 0
9 0 0 0 0 0
10 0 0 0 0 0
11 0 0 0 0 0
12 0 0 0 0 0
13 0 0 0 0 0
14 0 0 0 0 0
15 0 0 0 0 0
16 0 0 0 0 0
17 0 0 0 0 0
18 0 0 0 0 0
19 0 0 0 0 0

OSS: Sending message to worker 0 PID 33376 at time 53:375000000
OSS: Receiving message from worker 0 PID 33376 at time 53:375000000
OSS PID:33375 SysClockS:53 SysClockNano:375000000
Process Table:
Entry Occupied PID StartS StartN MessagesSent
0 1 33376 1 0 210
1 1 33377 2 0 206
2 0 0 0 0 0
3 0 0 0 0 0
4 0 0 0 0 0
5 0 0 0 0 0
6 0 0 0 0 0
7 0 0 0 0 0
8 0 0 0 0 0
9 0 0 0 0 0
10 0 0 0 0 0
11 0 0 0 0 0
12 0 0 0 0 0
13 0 0 0 0 0
14 0 0 0 0 0
15 0 0 0 0 0
16 0 0 0 0 0
17 0 0 0 0 0
18 0 0 0 0 0
19 0 0 0 0 0

OSS: Sending message to worker 1 PID 33377 at time 53:500000000
OSS: Receiving message from worker 1 PID 33377 at time 53:500000000
OSS PID:33375 SysClockS:53 SysClockNano:500000000
Process Table:
Entry Occupied PID StartS StartN MessagesSent
0 1 33376 1 0 210
1 1 33377 2 0 207
2 0 0 0 0 0
3 0 0 0 0 0
4 0 0 0 0 0
5 0 0 0 0 0
6 0 0 0 0 0
7 0 0 0 0 0
8 0 0 0 0 0
9 0 0 0 0 0
10 0 0 0 0 0
11 0 0 0 0 0
12 0 0 0 0 0
13 0 0 0 0 0
14 0 0 0 0 0
15 0 0 0 0 0
16 0 0 0 0 0
17 0 0 0 0 0
18 0 0 0 0 0
19 0 0 0 0 0

OSS: Sending message to worker 0 PID 33376 at time 53:625000000
OSS: Receiving message from worker 0 PID 33376 at time 53:625000000
OSS PID:33375 SysClockS:53 SysClockNano:625000000
Process Table:
Entry Occupied PID StartS StartN MessagesSent
0 1 33376 1 0 211
1 1 33377 2 0 207
2 0 0 0 0 0
3 0 0 0 0 0
4 0 0 0 0 0
5 0 0 0 0 0
6 0 0 0 0 0
7 0 0 0 0 0
8 0 0 0 0 0
9 0 0 0 0 0
10 0 0 0 0 0
11 0 0 0 0 0
12 0 0 0 0 0
13 0 0 0 0 0
14 0 0 0 0 0
15 0 0 0 0 0
16 0 0 0 0 0
17 0 0 0 0 0
18 0 0 0 0 0
19 0 0 0 0 0

OSS: Sending message to worker 1 PID 33377 at time 53:750000000
OSS: Receiving message from worker 1 PID 33377 at time 53:750000000
OSS PID:33375 SysClockS:53 SysClockNano:750000000
Process Table:
Entry Occupied PID StartS StartN MessagesSent
0 1 33376 1 0 211
1 1 33377 2 0 208
2 0 0 0 0 0
3 0 0 0 0 0
4 0 0 0 0 0
5 0 0 0 0 0
6 0 0 0 0 0
7 0 0 0 0 0
8 0 0 0 0 0
9 0 0 0 0 0
10 0 0 0 0 0
11 0 0 0 0 0
12 0 0 0 0 0
13 0 0 0 0 0
14 0 0 0 0 0
15 0 0 0 0 0
16 0 0 0 0 0
17 0 0 0 0 0
18 0 0 0 0 0
19 0 0 0 0 0

OSS: Sending message to worker 0 PID 33376 at time 53:875000000
OSS: Receiving message from worker 0 PID 33376 at time 53:875000000
OSS PID:33375 SysClockS:53 SysClockNano:875000000
Process Table:
Entry Occupied PID StartS StartN MessagesSent
0 1 33376 1 0 212
1 1 33377 2 0 208
2 0 0 0 0 0
3 0 0 0 0 0
4 0 0 0 0 0
5 0 0 0 0 0
6 0 0 0 0 0
7 0 0 0 0 0
8 0 0 0 0 0
9 0 0 0 0 0
10 0 0 0 0 0
11 0 0 0 0 0
12 0 0 0 0 0
13 0 0 0 0 0
14 0 0 0 0 0
15 0 0 0 0 0
16 0 0 0 0 0
17 0 0 0 0 0
18 0 0 0 0 0
19 0 0 0 0 0

OSS: Sending message to worker 1 PID 33377 at time 54:0
OSS: Receiving message from worker 1 PID 33377 at time 54:0
OSS PID:33375 SysClockS:54 SysClockNano:0
Process Table:
Entry Occupied PID StartS StartN MessagesSent
0 1 33376 1 0 212
1 1 33377 2 0 209
2 0 0 0 0 0
3 0 0 0 0 0
4 0 0 0 0 0
5 0 0 0 0 0
6 0 0 0 0 0
7 0 0 0 0 0
8 0 0 0 0 0
9 0 0 0 0 0
10 0 0 0 0 0
11 0 0 0 0 0
12 0 0 0 0 0
13 0 0 0 0 0
14 0 0 0 0 0
15 0 0 0 0 0
16 0 0 0 0 0
17 0 0 0 0 0
18 0 0 0 0 0
19 0 0 0 0 0

OSS: Sending message to worker 0 PID 33376 at time 54:125000000
OSS: Receiving message from worker 0 PID 33376 at time 54:125000000
OSS PID:33375 SysClockS:54 SysClockNano:125000000
Process Table:
Entry Occupied PID StartS StartN MessagesSent
0 1 33376 1 0 213
1 1 33377 2 0 209
2 0 0 0 0 0
3 0 0 0 0 0
4 0 0 0 0 0
5 0 0 0 0 0
6 0 0 0 0 0
7 0 0 0 0 0
8 0 0 0 0 0
9 0 0 0 0 0
10 0 0 0 0 0
11 0 0 0 0 0
12 0 0 0 0 0
13 0 0 0 0 0
14 0 0 0 0 0
15 0 0 0 0 0
16 0 0 0 0 0
17 0 0 0 0 0
18 0 0 0 0 0
19 0 0 0 0 0

OSS: Sending message to worker 1 PID 33377 at time 54:250000000
OSS: Receiving message from worker 1 PID 33377 at time 54:250000000
OSS PID:33375 SysClockS:54 SysClockNano:250000000
Process Table:
Entry Occupied PID StartS StartN MessagesSent
0 1 33376 1 0 213
1 1 33377 2 0 210
2 0 0 0 0 0
3 0 0 0 0 0
4 0 0 0 0 0
5 0 0 0 0 0
6 0 0 0 0 0
7 0 0 0 0 0
8 0 0 0 0 0
9 0 0 0 0 0
10 0 0 0 0 0
11 0 0 0 0 0
12 0 0 0 0 0
13 0 0 0 0 0
14 0 0 0 0 0
15 0 0 0 0 0
16 0 0 0 0 0
17 0 0 0 0 0
18 0 0 0 0 0
19 0 0 0 0 0

OSS: Sending message to worker 0 PID 33376 at time 54:375000000
OSS: Receiving message from worker 0 PID 33376 at time 54:375000000
OSS PID:33375 SysClockS:54 SysClockNano:375000000
Process Table:
Entry Occupied PID StartS StartN MessagesSent
0 1 33376 1 0 214
1 1 33377 2 0 210
2 0 0 0 0 0
3 0 0 0 0 0
4 0 0 0 0 0
5 0 0 0 0 0
6 0 0 0 0 0
7 0 0 0 0 0
8 0 0 0 0 0
9 0 0 0 0 0
10 0 0 0 0 0
11 0 0 0 0 0
12 0 0 0 0 0
13 0 0 0 0 0
14 0 0 0 0 0
15 0 0 0 0 0
16 0 0 0 0 0
17 0 0 0 0 0
18 0 0 0 0 0
19 0 0 0 0 0

OSS: Sending message to worker 1 PID 33377 at time 54:500000000
OSS: Receiving message from worker 1 PID 33377 at time 54:500000000
OSS PID:33375 SysClockS:54 SysClockNano:500000000
Process Table:
Entry Occupied PID StartS StartN MessagesSent
0 1 33376 1 0 214
1 1 33377 2 0 211
2 0 0 0 0 0
3 0 0 0 0 0
4 0 0 0 0 0
5 0 0 0 0 0
6 0 0 0 0 0
7 0 0 0 0 0
8 0 0 0 0 0
9 0 0 0 0 0
10 0 0 0 0 0
11 0 0 0 0 0
12 0 0 0 0 0
13 0 0 0 0 0
14 0 0 0 0 0
15 0 0 0 0 0
16 0 0 0 0 0
17 0 0 0 0 0
18 0 0 0 0 0
19 0 0 0 0 0

OSS: Sending message to worker 0 PID 33376 at time 54:625000000
OSS: Receiving message from worker 0 PID 33376 at time 54:625000000
OSS PID:33375 SysClockS:54 SysClockNano:625000000
Process Table:
Entry Occupied PID StartS StartN MessagesSent
0 1 33376 1 0 215
1 1 33377 2 0 211
2 0 0 0 0 0
3 0 0 0 0 0
4 0 0 0 0 0
5 0 0 0 0 0
6 0 0 0 0 0
7 0 0 0 0 0
8 0 0 0 0 0
9 0 0 0 0 0
10 0 0 0 0 0
11 0 0 0 0 0
12 0 0 0 0 0
13 0 0 0 0 0
14 0 0 0 0 0
15 0 0 0 0 0
16 0 0 0 0 0
17 0 0 0 0 0
18 0 0 0 0 0
19 0 0 0 0 0

OSS: Sending message to worker 1 PID 33377 at time 54:750000000
OSS: Receiving message from worker 1 PID 33377 at time 54:750000000
OSS PID:33375 SysClockS:54 SysClockNano:750000000
Process Table:
Entry Occupied PID StartS StartN MessagesSent
0 1 33376 1 0 215
1 1 33377 2 0 212
2 0 0 0 0 0
3 0 0 0 0 0
4 0 0 0 0 0
5 0 0 0 0 0
6 0 0 0 0 0
7 0 0 0 0 0
8 0 0 0 0 0
9 0 0 0 0 0
10 0 0 0 0 0
11 0 0 0 0 0
12 0 0 0 0 0
13 0 0 0 0 0
14 0 0 0 0 0
15 0 0 0 0 0
16 0 0 0 0 0
17 0 0 0 0 0
18 0 0 0 0 0
19 0 0 0 0 0

OSS: Sending message to worker 0 PID 33376 at time 54:875000000
OSS: Receiving message from worker 0 PID 33376 at time 54:875000000
OSS PID:33375 SysClockS:54 SysClockNano:875000000
Process Table:
Entry Occupied PID StartS StartN MessagesSent
0 1 33376 1 0 216
1 1 33377 2 0 212
2 0 0 0 0 0
3 0 0 0 0 0
4 0 0 0 0 0
5 0 0 0 0 0
6 0 0 0 0 0
7 0 0 0 0 0
8 0 0 0 0 0
9 0 0 0 0 0
10 0 0 0 0 0
11 0 0 0 0 0
12 0 0 0 0 0
13 0 0 0 0 0
14 0 0 0 0 0
15 0 0 0 0 0
16 0 0 0 0 0
17 0 0 0 0 0
18 0 0 0 0 0
19 0 0 0 0 0

OSS: Sending message to worker 1 PID 33377 at time 55:0
OSS: Receiving message from worker 1 PID 33377 at time 55:0
OSS PID:33375 SysClockS:55 SysClockNano:0
Process Table:
Entry Occupied PID StartS StartN MessagesSent
0 1 33376 1 0 216
1 1 33377 2 0 213
2 0 0 0 0 0
3 0 0 0 0 0
4 0 0 0 0 0
5 0 0 0 0 0
6 0 0 0 0 0
7 0 0 0 0 0
8 0 0 0 0 0
9 0 0 0 0 0
10 0 0 0 0 0
11 0 0 0 0 0
12 0 0 0 0 0
13 0 0 0 0 0
14 0 0 0 0 0
15 0 0 0 0 0
16 0 0 0 0 0
17 0 0 0 0 0
18 0 0 0 0 0
19 0 0 0 0 0

OSS: Sending message to worker 0 PID 33376 at time 55:125000000
OSS: Receiving message from worker 0 PID 33376 at time 55:125000000
OSS PID:33375 SysClockS:55 SysClockNano:125000000
Process Table:
Entry Occupied PID StartS StartN MessagesSent
0 1 33376 1 0 217
1 1 33377 2 0 213
2 0 0 0 0 0
3 0 0 0 0 0
4 0 0 0 0 0
5 0 0 0 0 0
6 0 0 0 0 0
7 0 0 0 0 0
8 0 0 0 0 0
9 0 0 0 0 0
10 0 0 0 0 0
11 0 0 0 0 0
12 0 0 0 0 0
13 0 0 0 0 0
14 0 0 0 0 0
15 0 0 0 0 0
16 0 0 0 0 0
17 0 0 0 0 0
18 0 0 0 0 0
19 0 0 0 0 0

OSS: Sending message to worker 1 PID 33377 at time 55:250000000
OSS: Receiving message from worker 1 PID 33377 at time 55:250000000
OSS PID:33375 SysClockS:55 SysClockNano:250000000
Process Table:
Entry Occupied PID StartS StartN MessagesSent
0 1 33376 1 0 217
1 1 33377 2 0 214
2 0 0 0 0 0
3 0 0 0 0 0
4 0 0 0 0 0
5 0 0 0 0 0
6 0 0 0 0 0
7 0 0 0 0 0
8 0 0 0 0 0
9 0 0 0 0 0
10 0 0 0 0 0
11 0 0 0 0 0
12 0 0 0 0 0
13 0 0 0 0 0
14 0 0 0 0 0
15 0 0 0 0 0
16 0 0 0 0 0
17 0 0 0 0 0
18 0 0 0 0 0
19 0 0 0 0 0

OSS: Sending message to worker 0 PID 33376 at time 55:375000000
OSS: Receiving message from worker 0 PID 33376 at time 55:375000000
OSS PID:33375 SysClockS:55 SysClockNano:375000000
Process Table:
Entry Occupied PID StartS StartN MessagesSent
0 1 33376 1 0 218
1 1 33377 2 0 214
2 0 0 0 0 0
3 0 0 0 0 0
4 0 0 0 0 0
5 0 0 0 0 0
6 0 0 0 0 0
7 0 0 0 0 0
8 0 0 0 0 0
9 0 0 0 0 0
10 0 0 0 0 0
11 0 0 0 0 0
12 0 0 0 0 0
13 0 0 0 0 0
14 0 0 0 0 0
15 0 0 0 0 0
16 0 0 0 0 0
17 0 0 0 0 0
18 0 0 0 0 0
19 0 0 0 0 0

OSS: Sending message to worker 1 PID 33377 at time 55:500000000
OSS: Receiving message from worker 1 PID 33377 at time 55:500000000
OSS PID:33375 SysClockS:55 SysClockNano:500000000
Process Table:
Entry Occupied PID StartS StartN MessagesSent
0 1 33376 1 0 218
1 1 33377 2 0 215
2 0 0 0 0 0
3 0 0 0 0 0
4 0 0 0 0 0
5 0 0 0 0 0
6 0 0 0 0 0
7 0 0 0 0 0
8 0 0 0 0 0
9 0 0 0 0 0
10 0 0 0 0 0
11 0 0 0 0 0
12 0 0 0 0 0
13 0 0 0 0 0
14 0 0 0 0 0
15 0 0 0 0 0
16 0 0 0 0 0
17 0 0 0 0 0
18 0 0 0 0 0
19 0 0 0 0 0

OSS: Sending message to worker 0 PID 33376 at time 55:625000000
OSS: Receiving message from worker 0 PID 33376 at time 55:625000000
OSS PID:33375 SysClockS:55 SysClockNano:625000000
Process Table:
Entry Occupied PID StartS StartN MessagesSent
0 1 33376 1 0 219
1 1 33377 2 0 215
2 0 0 0 0 0
3 0 0 0 0 0
4 0 0 0 0 0
5 0 0 0 0 0
6 0 0 0 0 0
7 0 0 0 0 0
8 0 0 0 0 0
9 0 0 0 0 0
10 0 0 0 0 0
11 0 0 0 0 0
12 0 0 0 0 0
13 0 0 0 0 0
14 0 0 0 0 0
15 0 0 0 0 0
16 0 0 0 0 0
17 0 0 0 0 0
18 0 0 0 0 0
19 0 0 0 0 0

OSS: Sending message to worker 1 PID 33377 at time 55:750000000
OSS: Receiving message from worker 1 PID 33377 at time 55:750000000
OSS PID:33375 SysClockS:55 SysClockNano:750000000
Process Table:
Entry Occupied PID StartS StartN MessagesSent
0 1 33376 1 0 219
1 1 33377 2 0 216
2 0 0 0 0 0
3 0 0 0 0 0
4 0 0 0 0 0
5 0 0 0 0 0
6 0 0 0 0 0
7 0 0 0 0 0
8 0 0 0 0 0
9 0 0 0 0 0
10 0 0 0 0 0
11 0 0 0 0 0
12 0 0 0 0 0
13 0 0 0 0 0
14 0 0 0 0 0
15 0 0 0 0 0
16 0 0 0 0 0
17 0 0 0 0 0
18 0 0 0 0 0
19 0 0 0 0 0

OSS: Sending message to worker 0 PID 33376 at time 55:875000000
OSS: Receiving message from worker 0 PID 33376 at time 55:875000000
OSS PID:33375 SysClockS:55 SysClockNano:875000000
Process Table:
Entry Occupied PID StartS StartN MessagesSent
0 1 33376 1 0 220
1 1 33377 2 0 216
2 0 0 0 0 0
3 0 0 0 0 0
4 0 0 0 0 0
5 0 0 0 0 0
6 0 0 0 0 0
7 0 0 0 0 0
8 0 0 0 0 0
9 0 0 0 0 0
10 0 0 0 0 0
11 0 0 0 0 0
12 0 0 0 0 0
13 0 0 0 0 0
14 0 0 0 0 0
15 0 0 0 0 0
16 0 0 0 0 0
17 0 0 0 0 0
18 0 0 0 0 0
19 0 0 0 0 0

OSS: Sending message to worker 1 PID 33377 at time 56:0
OSS: Receiving message from worker 1 PID 33377 at time 56:0
OSS PID:33375 SysClockS:56 SysClockNano:0
Process Table:
Entry Occupied PID StartS StartN MessagesSent
0 1 33376 1 0 220
1 1 33377 2 0 217
2 0 0 0 0 0
3 0 0 0 0 0
4 0 0 0 0 0
5 0 0 0 0 0
6 0 0 0 0 0
7 0 0 0 0 0
8 0 0 0 0 0
9 0 0 0 0 0
10 0 0 0 0 0
11 0 0 0 0 0
12 0 0 0 0 0
13 0 0 0 0 0
14 0 0 0 0 0
15 0 0 0 0 0
16 0 0 0 0 0
17 0 0 0 0 0
18 0 0 0 0 0
19 0 0 0 0 0

OSS: Sending message to worker 0 PID 33376 at time 56:125000000
OSS: Receiving message from worker 0 PID 33376 at time 56:125000000
OSS PID:33375 SysClockS:56 SysClockNano:125000000
Process Table:
Entry Occupied PID StartS StartN MessagesSent
0 1 33376 1 0 221
1 1 33377 2 0 217
2 0 0 0 0 0
3 0 0 0 0 0
4 0 0 0 0 0
5 0 0 0 0 0
6 0 0 0 0 0
7 0 0 0 0 0
8 0 0 0 0 0
9 0 0 0 0 0
10 0 0 0 0 0
11 0 0 0 0 0
12 0 0 0 0 0
13 0 0 0 0 0
14 0 0 0 0 0
15 0 0 0 0 0
16 0 0 0 0 0
17 0 0 0 0 0
18 0 0 0 0 0
19 0 0 0 0 0

OSS: Sending message to worker 1 PID 33377 at time 56:250000000
OSS: Receiving message from worker 1 PID 33377 at time 56:250000000
OSS PID:33375 SysClockS:56 SysClockNano:250000000
Process Table:
Entry Occupied PID StartS StartN MessagesSent
0 1 33376 1 0 221
1 1 33377 2 0 218
2 0 0 0 0 0
3 0 0 0 0 0
4 0 0 0 0 0
5 0 0 0 0 0
6 0 0 0 0 0
7 0 0 0 0 0
8 0 0 0 0 0
9 0 0 0 0 0
10 0 0 0 0 0
11 0 0 0 0 0
12 0 0 0 0 0
13 0 0 0 0 0
14 0 0 0 0 0
15 0 0 0 0 0
16 0 0 0 0 0
17 0 0 0 0 0
18 0 0 0 0 0
19 0 0 0 0 0

OSS: Sending message to worker 0 PID 33376 at time 56:375000000
OSS: Receiving message from worker 0 PID 33376 at time 56:375000000
OSS PID:33375 SysClockS:56 SysClockNano:375000000
Process Table:
Entry Occupied PID StartS StartN MessagesSent
0 1 33376 1 0 222
1 1 33377 2 0 218
2 0 0 0 0 0
3 0 0 0 0 0
4 0 0 0 0 0
5 0 0 0 0 0
6 0 0 0 0 0
7 0 0 0 0 0
8 0 0 0 0 0
9 0 0 0 0 0
10 0 0 0 0 0
11 0 0 0 0 0
12 0 0 0 0 0
13 0 0 0 0 0
14 0 0 0 0 0
15 0 0 0 0 0
16 0 0 0 0 0
17 0 0 0 0 0
18 0 0 0 0 0
19 0 0 0 0 0

OSS: Sending message to worker 1 PID 33377 at time 56:500000000
OSS: Receiving message from worker 1 PID 33377 at time 56:500000000
OSS PID:33375 SysClockS:56 SysClockNano:500000000
Process Table:
Entry Occupied PID StartS StartN MessagesSent
0 1 33376 1 0 222
1 1 33377 2 0 219
2 0 0 0 0 0
3 0 0 0 0 0
4 0 0 0 0 0
5 0 0 0 0 0
6 0 0 0 0 0
7 0 0 0 0 0
8 0 0 0 0 0
9 0 0 0 0 0
10 0 0 0 0 0
11 0 0 0 0 0
12 0 0 0 0 0
13 0 0 0 0 0
14 0 0 0 0 0
15 0 0 0 0 0
16 0 0 0 0 0
17 0 0 0 0 0
18 0 0 0 0 0
19 0 0 0 0 0

OSS: Sending message to worker 0 PID 33376 at time 56:625000000
OSS: Receiving message from worker 0 PID 33376 at time 56:625000000
OSS PID:33375 SysClockS:56 SysClockNano:625000000
Process Table:
Entry Occupied PID StartS StartN MessagesSent
0 1 33376 1 0 223
1 1 33377 2 0 219
2 0 0 0 0 0
3 0 0 0 0 0
4 0 0 0 0 0
5 0 0 0 0 0
6 0 0 0 0 0
7 0 0 0 0 0
8 0 0 0 0 0
9 0 0 0 0 0
10 0 0 0 0 0
11 0 0 0 0 0
12 0 0 0 0 0
13 0 0 0 0 0
14 0 0 0 0 0
15 0 0 0 0 0
16 0 0 0 0 0
17 0 0 0 0 0
18 0 0 0 0 0
19 0 0 0 0 0

OSS: Sending message to worker 1 PID 33377 at time 56:750000000
OSS: Receiving message from worker 1 PID 33377 at time 56:750000000
OSS PID:33375 SysClockS:56 SysClockNano:750000000
Process Table:
Entry Occupied PID StartS StartN MessagesSent
0 1 33376 1 0 223
1 1 33377 2 0 220
2 0 0 0 0 0
3 0 0 0 0 0
4 0 0 0 0 0
5 0 0 0 0 0
6 0 0 0 0 0
7 0 0 0 0 0
8 0 0 0 0 0
9 0 0 0 0 0
10 0 0 0 0 0
11 0 0 0 0 0
12 0 0 0 0 0
13 0 0 0 0 0
14 0 0 0 0 0
15 0 0 0 0 0
16 0 0 0 0 0
17 0 0 0 0 0
18 0 0 0 0 0
19 0 0 0 0 0

OSS: Sending message to worker 0 PID 33376 at time 56:875000000
OSS: Receiving message from worker 0 PID 33376 at time 56:875000000
OSS PID:33375 SysClockS:56 SysClockNano:875000000
Process Table:
Entry Occupied PID StartS StartN MessagesSent
0 1 33376 1 0 224
1 1 33377 2 0 220
2 0 0 0 0 0
3 0 0 0 0 0
4 0 0 0 0 0
5 0 0 0 0 0
6 0 0 0 0 0
7 0 0 0 0 0
8 0 0 0 0 0
9 0 0 0 0 0
10 0 0 0 0 0
11 0 0 0 0 0
12 0 0 0 0 0
13 0 0 0 0 0
14 0 0 0 0 0
15 0 0 0 0 0
16 0 0 0 0 0
17 0 0 0 0 0
18 0 0 0 0 0
19 0 0 0 0 0

OSS: Sending message to worker 1 PID 33377 at time 57:0
OSS: Receiving message from worker 1 PID 33377 at time 57:0
OSS PID:33375 SysClockS:57 SysClockNano:0
Process Table:
Entry Occupied PID StartS StartN MessagesSent
0 1 33376 1 0 224
1 1 33377 2 0 221
2 0 0 0 0 0
3 0 0 0 0 0
4 0 0 0 0 0
5 0 0 0 0 0
6 0 0 0 0 0
7 0 0 0 0 0
8 0 0 0 0 0
9 0 0 0 0 0
10 0 0 0 0 0
11 0 0 0 0 0
12 0 0 0 0 0
13 0 0 0 0 0
14 0 0 0 0 0
15 0 0 0 0 0
16 0 0 0 0 0
17 0 0 0 0 0
18 0 0 0 0 0
19 0 0 0 0 0

OSS: Sending message to worker 0 PID 33376 at time 57:125000000
OSS: Receiving message from worker 0 PID 33376 at time 57:125000000
OSS PID:33375 SysClockS:57 SysClockNano:125000000
Process Table:
Entry Occupied PID StartS StartN MessagesSent
0 1 33376 1 0 225
1 1 33377 2 0 221
2 0 0 0 0 0
3 0 0 0 0 0
4 0 0 0 0 0
5 0 0 0 0 0
6 0 0 0 0 0
7 0 0 0 0 0
8 0 0 0 0 0
9 0 0 0 0 0
10 0 0 0 0 0
11 0 0 0 0 0
12 0 0 0 0 0
13 0 0 0 0 0
14 0 0 0 0 0
15 0 0 0 0 0
16 0 0 0 0 0
17 0 0 0 0 0
18 0 0 0 0 0
19 0 0 0 0 0

OSS: Sending message to worker 1 PID 33377 at time 57:250000000
OSS: Receiving message from worker 1 PID 33377 at time 57:250000000
OSS PID:33375 SysClockS:57 SysClockNano:250000000
Process Table:
Entry Occupied PID StartS StartN MessagesSent
0 1 33376 1 0 225
1 1 33377 2 0 222
2 0 0 0 0 0
3 0 0 0 0 0
4 0 0 0 0 0
5 0 0 0 0 0
6 0 0 0 0 0
7 0 0 0 0 0
8 0 0 0 0 0
9 0 0 0 0 0
10 0 0 0 0 0
11 0 0 0 0 0
12 0 0 0 0 0
13 0 0 0 0 0
14 0 0 0 0 0
15 0 0 0 0 0
16 0 0 0 0 0
17 0 0 0 0 0
18 0 0 0 0 0
19 0 0 0 0 0

OSS: Sending message to worker 0 PID 33376 at time 57:375000000
OSS: Receiving message from worker 0 PID 33376 at time 57:375000000
OSS PID:33375 SysClockS:57 SysClockNano:375000000
Process Table:
Entry Occupied PID StartS StartN MessagesSent
0 1 33376 1 0 226
1 1 33377 2 0 222
2 0 0 0 0 0
3 0 0 0 0 0
4 0 0 0 0 0
5 0 0 0 0 0
6 0 0 0 0 0
7 0 0 0 0 0
8 0 0 0 0 0
9 0 0 0 0 0
10 0 0 0 0 0
11 0 0 0 0 0
12 0 0 0 0 0
13 0 0 0 0 0
14 0 0 0 0 0
15 0 0 0 0 0
16 0 0 0 0 0
17 0 0 0 0 0
18 0 0 0 0 0
19 0 0 0 0 0

OSS: Sending message to worker 1 PID 33377 at time 57:500000000
OSS: Receiving message from worker 1 PID 33377 at time 57:500000000
OSS PID:33375 SysClockS:57 SysClockNano:500000000
Process Table:
Entry Occupied PID StartS StartN MessagesSent
0 1 33376 1 0 226
1 1 33377 2 0 223
2 0 0 0 0 0
3 0 0 0 0 0
4 0 0 0 0 0
5 0 0 0 0 0
6 0 0 0 0 0
7 0 0 0 0 0
8 0 0 0 0 0
9 0 0 0 0 0
10 0 0 0 0 0
11 0 0 0 0 0
12 0 0 0 0 0
13 0 0 0 0 0
14 0 0 0 0 0
15 0 0 0 0 0
16 0 0 0 0 0
17 0 0 0 0 0
18 0 0 0 0 0
19 0 0 0 0 0

OSS: Sending message to worker 0 PID 33376 at time 57:625000000
OSS: Receiving message from worker 0 PID 33376 at time 57:625000000
OSS PID:33375 SysClockS:57 SysClockNano:625000000
Process Table:
Entry Occupied PID StartS StartN MessagesSent
0 1 33376 1 0 227
1 1 33377 2 0 223
2 0 0 0 0 0
3 0 0 0 0 0
4 0 0 0 0 0
5 0 0 0 0 0
6 0 0 0 0 0
7 0 0 0 0 0
8 0 0 0 0 0
9 0 0 0 0 0
10 0 0 0 0 0
11 0 0 0 0 0
12 0 0 0 0 0
13 0 0 0 0 0
14 0 0 0 0 0
15 0 0 0 0 0
16 0 0 0 0 0
17 0 0 0 0 0
18 0 0 0 0 0
19 0 0 0 0 0

OSS: Sending message to worker 1 PID 33377 at time 57:750000000
OSS: Receiving message from worker 1 PID 33377 at time 57:750000000
OSS PID:33375 SysClockS:57 SysClockNano:750000000
Process Table:
Entry Occupied PID StartS StartN MessagesSent
0 1 33376 1 0 227
1 1 33377 2 0 224
2 0 0 0 0 0
3 0 0 0 0 0
4 0 0 0 0 0
5 0 0 0 0 0
6 0 0 0 0 0
7 0 0 0 0 0
8 0 0 0 0 0
9 0 0 0 0 0
10 0 0 0 0 0
11 0 0 0 0 0
12 0 0 0 0 0
13 0 0 0 0 0
14 0 0 0 0 0
15 0 0 0 0 0
16 0 0 0 0 0
17 0 0 0 0 0
18 0 0 0 0 0
19 0 0 0 0 0

OSS: Sending message to worker 0 PID 33376 at time 57:875000000
OSS: Receiving message from worker 0 PID 33376 at time 57:875000000
OSS PID:33375 SysClockS:57 SysClockNano:875000000
Process Table:
Entry Occupied PID StartS StartN MessagesSent
0 1 33376 1 0 228
1 1 33377 2 0 224
2 0 0 0 0 0
3 0 0 0 0 0
4 0 0 0 0 0
5 0 0 0 0 0
6 0 0 0 0 0
7 0 0 0 0 0
8 0 0 0 0 0
9 0 0 0 0 0
10 0 0 0 0 0
11 0 0 0 0 0
12 0 0 0 0 0
13 0 0 0 0 0
14 0 0 0 0 0
15 0 0 0 0 0
16 0 0 0 0 0
17 0 0 0 0 0
18 0 0 0 0 0
19 0 0 0 0 0

OSS: Sending message to worker 1 PID 33377 at time 58:0
OSS: Receiving message from worker 1 PID 33377 at time 58:0
OSS PID:33375 SysClockS:58 SysClockNano:0
Process Table:
Entry Occupied PID StartS StartN MessagesSent
0 1 33376 1 0 228
1 1 33377 2 0 225
2 0 0 0 0 0
3 0 0 0 0 0
4 0 0 0 0 0
5 0 0 0 0 0
6 0 0 0 0 0
7 0 0 0 0 0
8 0 0 0 0 0
9 0 0 0 0 0
10 0 0 0 0 0
11 0 0 0 0 0
12 0 0 0 0 0
13 0 0 0 0 0
14 0 0 0 0 0
15 0 0 0 0 0
16 0 0 0 0 0
17 0 0 0 0 0
18 0 0 0 0 0
19 0 0 0 0 0

OSS: Sending message to worker 0 PID 33376 at time 58:125000000
OSS: Receiving message from worker 0 PID 33376 at time 58:125000000
OSS PID:33375 SysClockS:58 SysClockNano:125000000
Process Table:
Entry Occupied PID StartS StartN MessagesSent
0 1 33376 1 0 229
1 1 33377 2 0 225
2 0 0 0 0 0
3 0 0 0 0 0
4 0 0 0 0 0
5 0 0 0 0 0
6 0 0 0 0 0
7 0 0 0 0 0
8 0 0 0 0 0
9 0 0 0 0 0
10 0 0 0 0 0
11 0 0 0 0 0
12 0 0 0 0 0
13 0 0 0 0 0
14 0 0 0 0 0
15 0 0 0 0 0
16 0 0 0 0 0
17 0 0 0 0 0
18 0 0 0 0 0
19 0 0 0 0 0

OSS: Sending message to worker 1 PID 33377 at time 58:250000000
OSS: Receiving message from worker 1 PID 33377 at time 58:250000000
OSS PID:33375 SysClockS:58 SysClockNano:250000000
Process Table:
Entry Occupied PID StartS StartN MessagesSent
0 1 33376 1 0 229
1 1 33377 2 0 226
2 0 0 0 0 0
3 0 0 0 0 0
4 0 0 0 0 0
5 0 0 0 0 0
6 0 0 0 0 0
7 0 0 0 0 0
8 0 0 0 0 0
9 0 0 0 0 0
10 0 0 0 0 0
11 0 0 0 0 0
12 0 0 0 0 0
13 0 0 0 0 0
14 0 0 0 0 0
15 0 0 0 0 0
16 0 0 0 0 0
17 0 0 0 0 0
18 0 0 0 0 0
19 0 0 0 0 0

OSS: Sending message to worker 0 PID 33376 at time 58:375000000
OSS: Receiving message from worker 0 PID 33376 at time 58:375000000
OSS PID:33375 SysClockS:58 SysClockNano:375000000
Process Table:
Entry Occupied PID StartS StartN MessagesSent
0 1 33376 1 0 230
1 1 33377 2 0 226
2 0 0 0 0 0
3 0 0 0 0 0
4 0 0 0 0 0
5 0 0 0 0 0
6 0 0 0 0 0
7 0 0 0 0 0
8 0 0 0 0 0
9 0 0 0 0 0
10 0 0 0 0 0
11 0 0 0 0 0
12 0 0 0 0 0
13 0 0 0 0 0
14 0 0 0 0 0
15 0 0 0 0 0
16 0 0 0 0 0
17 0 0 0 0 0
18 0 0 0 0 0
19 0 0 0 0 0

OSS: Sending message to worker 1 PID 33377 at time 58:500000000
OSS: Receiving message from worker 1 PID 33377 at time 58:500000000
OSS PID:33375 SysClockS:58 SysClockNano:500000000
Process Table:
Entry Occupied PID StartS StartN MessagesSent
0 1 33376 1 0 230
1 1 33377 2 0 227
2 0 0 0 0 0
3 0 0 0 0 0
4 0 0 0 0 0
5 0 0 0 0 0
6 0 0 0 0 0
7 0 0 0 0 0
8 0 0 0 0 0
9 0 0 0 0 0
10 0 0 0 0 0
11 0 0 0 0 0
12 0 0 0 0 0
13 0 0 0 0 0
14 0 0 0 0 0
15 0 0 0 0 0
16 0 0 0 0 0
17 0 0 0 0 0
18 0 0 0 0 0
19 0 0 0 0 0

OSS: Sending message to worker 0 PID 33376 at time 58:625000000
OSS: Receiving message from worker 0 PID 33376 at time 58:625000000
OSS PID:33375 SysClockS:58 SysClockNano:625000000
Process Table:
Entry Occupied PID StartS StartN MessagesSent
0 1 33376 1 0 231
1 1 33377 2 0 227
2 0 0 0 0 0
3 0 0 0 0 0
4 0 0 0 0 0
5 0 0 0 0 0
6 0 0 0 0 0
7 0 0 0 0 0
8 0 0 0 0 0
9 0 0 0 0 0
10 0 0 0 0 0
11 0 0 0 0 0
12 0 0 0 0 0
13 0 0 0 0 0
14 0 0 0 0 0
15 0 0 0 0 0
16 0 0 0 0 0
17 0 0 0 0 0
18 0 0 0 0 0
19 0 0 0 0 0

OSS: Sending message to worker 1 PID 33377 at time 58:750000000
OSS: Receiving message from worker 1 PID 33377 at time 58:750000000
OSS PID:33375 SysClockS:58 SysClockNano:750000000
Process Table:
Entry Occupied PID StartS StartN MessagesSent
0 1 33376 1 0 231
1 1 33377 2 0 228
2 0 0 0 0 0
3 0 0 0 0 0
4 0 0 0 0 0
5 0 0 0 0 0
6 0 0 0 0 0
7 0 0 0 0 0
8 0 0 0 0 0
9 0 0 0 0 0
10 0 0 0 0 0
11 0 0 0 0 0
12 0 0 0 0 0
13 0 0 0 0 0
14 0 0 0 0 0
15 0 0 0 0 0
16 0 0 0 0 0
17 0 0 0 0 0
18 0 0 0 0 0
19 0 0 0 0 0

OSS: Sending message to worker 0 PID 33376 at time 58:875000000
OSS: Receiving message from worker 0 PID 33376 at time 58:875000000
OSS PID:33375 SysClockS:58 SysClockNano:875000000
Process Table:
Entry Occupied PID StartS StartN MessagesSent
0 1 33376 1 0 232
1 1 33377 2 0 228
2 0 0 0 0 0
3 0 0 0 0 0
4 0 0 0 0 0
5 0 0 0 0 0
6 0 0 0 0 0
7 0 0 0 0 0
8 0 0 0 0 0
9 0 0 0 0 0
10 0 0 0 0 0
11 0 0 0 0 0
12 0 0 0 0 0
13 0 0 0 0 0
14 0 0 0 0 0
15 0 0 0 0 0
16 0 0 0 0 0
17 0 0 0 0 0
18 0 0 0 0 0
19 0 0 0 0 0

OSS: Sending message to worker 1 PID 33377 at time 59:0
OSS: Receiving message from worker 1 PID 33377 at time 59:0
OSS PID:33375 SysClockS:59 SysClockNano:0
Process Table:
Entry Occupied PID StartS StartN MessagesSent
0 1 33376 1 0 232
1 1 33377 2 0 229
2 0 0 0 0 0
3 0 0 0 0 0
4 0 0 0 0 0
5 0 0 0 0 0
6 0 0 0 0 0
7 0 0 0 0 0
8 0 0 0 0 0
9 0 0 0 0 0
10 0 0 0 0 0
11 0 0 0 0 0
12 0 0 0 0 0
13 0 0 0 0 0
14 0 0 0 0 0
15 0 0 0 0 0
16 0 0 0 0 0
17 0 0 0 0 0
18 0 0 0 0 0
19 0 0 0 0 0

OSS: Sending message to worker 0 PID 33376 at time 59:125000000
OSS: Receiving message from worker 0 PID 33376 at time 59:125000000
OSS PID:33375 SysClockS:59 SysClockNano:125000000
Process Table:
Entry Occupied PID StartS StartN MessagesSent
0 1 33376 1 0 233
1 1 33377 2 0 229
2 0 0 0 0 0
3 0 0 0 0 0
4 0 0 0 0 0
5 0 0 0 0 0
6 0 0 0 0 0
7 0 0 0 0 0
8 0 0 0 0 0
9 0 0 0 0 0
10 0 0 0 0 0
11 0 0 0 0 0
12 0 0 0 0 0
13 0 0 0 0 0
14 0 0 0 0 0
15 0 0 0 0 0
16 0 0 0 0 0
17 0 0 0 0 0
18 0 0 0 0 0
19 0 0 0 0 0

OSS: Sending message to worker 1 PID 33377 at time 59:250000000
OSS: Receiving message from worker 1 PID 33377 at time 59:250000000
OSS PID:33375 SysClockS:59 SysClockNano:250000000
Process Table:
Entry Occupied PID StartS StartN MessagesSent
0 1 33376 1 0 233
1 1 33377 2 0 230
2 0 0 0 0 0
3 0 0 0 0 0
4 0 0 0 0 0
5 0 0 0 0 0
6 0 0 0 0 0
7 0 0 0 0 0
8 0 0 0 0 0
9 0 0 0 0 0
10 0 0 0 0 0
11 0 0 0 0 0
12 0 0 0 0 0
13 0 0 0 0 0
14 0 0 0 0 0
15 0 0 0 0 0
16 0 0 0 0 0
17 0 0 0 0 0
18 0 0 0 0 0
19 0 0 0 0 0

OSS: Sending message to worker 0 PID 33376 at time 59:375000000
OSS: Receiving message from worker 0 PID 33376 at time 59:375000000
OSS PID:33375 SysClockS:59 SysClockNano:375000000
Process Table:
Entry Occupied PID StartS StartN MessagesSent
0 1 33376 1 0 234
1 1 33377 2 0 230
2 0 0 0 0 0
3 0 0 0 0 0
4 0 0 0 0 0
5 0 0 0 0 0
6 0 0 0 0 0
7 0 0 0 0 0
8 0 0 0 0 0
9 0 0 0 0 0
10 0 0 0 0 0
11 0 0 0 0 0
12 0 0 0 0 0
13 0 0 0 0 0
14 0 0 0 0 0
15 0 0 0 0 0
16 0 0 0 0 0
17 0 0 0 0 0
18 0 0 0 0 0
19 0 0 0 0 0

OSS: Sending message to worker 1 PID 33377 at time 59:500000000
OSS: Receiving message from worker 1 PID 33377 at time 59:500000000
OSS PID:33375 SysClockS:59 SysClockNano:500000000
Process Table:
Entry Occupied PID StartS StartN MessagesSent
0 1 33376 1 0 234
1 1 33377 2 0 231
2 0 0 0 0 0
3 0 0 0 0 0
4 0 0 0 0 0
5 0 0 0 0 0
6 0 0 0 0 0
7 0 0 0 0 0
8 0 0 0 0 0
9 0 0 0 0 0
10 0 0 0 0 0
11 0 0 0 0 0
12 0 0 0 0 0
13 0 0 0 0 0
14 0 0 0 0 0
15 0 0 0 0 0
16 0 0 0 0 0
17 0 0 0 0 0
18 0 0 0 0 0
19 0 0 0 0 0

OSS: Sending message to worker 0 PID 33376 at time 59:625000000
OSS: Receiving message from worker 0 PID 33376 at time 59:625000000
OSS PID:33375 SysClockS:59 SysClockNano:625000000
Process Table:
Entry Occupied PID StartS StartN MessagesSent
0 1 33376 1 0 235
1 1 33377 2 0 231
2 0 0 0 0 0
3 0 0 0 0 0
4 0 0 0 0 0
5 0 0 0 0 0
6 0 0 0 0 0
7 0 0 0 0 0
8 0 0 0 0 0
9 0 0 0 0 0
10 0 0 0 0 0
11 0 0 0 0 0
12 0 0 0 0 0
13 0 0 0 0 0
14 0 0 0 0 0
15 0 0 0 0 0
16 0 0 0 0 0
17 0 0 0 0 0
18 0 0 0 0 0
19 0 0 0 0 0

OSS: Sending message to worker 1 PID 33377 at time 59:750000000
OSS: Receiving message from worker 1 PID 33377 at time 59:750000000
OSS PID:33375 SysClockS:59 SysClockNano:750000000
Process Table:
Entry Occupied PID StartS StartN MessagesSent
0 1 33376 1 0 235
1 1 33377 2 0 232
2 0 0 0 0 0
3 0 0 0 0 0
4 0 0 0 0 0
5 0 0 0 0 0
6 0 0 0 0 0
7 0 0 0 0 0
8 0 0 0 0 0
9 0 0 0 0 0
10 0 0 0 0 0
11 0 0 0 0 0
12 0 0 0 0 0
13 0 0 0 0 0
14 0 0 0 0 0
15 0 0 0 0 0
16 0 0 0 0 0
17 0 0 0 0 0
18 0 0 0 0 0
19 0 0 0 0 0

OSS: Sending message to worker 0 PID 33376 at time 59:875000000
OSS: Receiving message from worker 0 PID 33376 at time 59:875000000
OSS PID:33375 SysClockS:59 SysClockNano:875000000
Process Table:
Entry Occupied PID StartS StartN MessagesSent
0 1 33376 1 0 236
1 1 33377 2 0 232
2 0 0 0 0 0
3 0 0 0 0 0
4 0 0 0 0 0
5 0 0 0 0 0
6 0 0 0 0 0
7 0 0 0 0 0
8 0 0 0 0 0
9 0 0 0 0 0
10 0 0 0 0 0
11 0 0 0 0 0
12 0 0 0 0 0
13 0 0 0 0 0
14 0 0 0 0 0
15 0 0 0 0 0
16 0 0 0 0 0
17 0 0 0 0 0
18 0 0 0 0 0
19 0 0 0 0 0

OSS: Sending message to worker 1 PID 33377 at time 60:0
OSS: Receiving message from worker 1 PID 33377 at time 60:0
OSS PID:33375 SysClockS:60 SysClockNano:0
Process Table:
Entry Occupied PID StartS StartN MessagesSent
0 1 33376 1 0 236
1 1 33377 2 0 233
2 0 0 0 0 0
3 0 0 0 0 0
4 0 0 0 0 0
5 0 0 0 0 0
6 0 0 0 0 0
7 0 0 0 0 0
8 0 0 0 0 0
9 0 0 0 0 0
10 0 0 0 0 0
11 0 0 0 0 0
12 0 0 0 0 0
13 0 0 0 0 0
14 0 0 0 0 0
15 0 0 0 0 0
16 0 0 0 0 0
17 0 0 0 0 0
18 0 0 0 0 0
19 0 0 0 0 0

OSS: Sending message to worker 0 PID 33376 at time 60:125000000
OSS: Receiving message from worker 0 PID 33376 at time 60:125000000
OSS PID:33375 SysClockS:60 SysClockNano:125000000
Process Table:
Entry Occupied PID StartS StartN MessagesSent
0 1 33376 1 0 237
1 1 33377 2 0 233
2 0 0 0 0 0
3 0 0 0 0 0
4 0 0 0 0 0
5 0 0 0 0 0
6 0 0 0 0 0
7 0 0 0 0 0
8 0 0 0 0 0
9 0 0 0 0 0
10 0 0 0 0 0
11 0 0 0 0 0
12 0 0 0 0 0
13 0 0 0 0 0
14 0 0 0 0 0
15 0 0 0 0 0
16 0 0 0 0 0
17 0 0 0 0 0
18 0 0 0 0 0
19 0 0 0 0 0

OSS: Sending message to worker 1 PID 33377 at time 60:250000000
OSS: Receiving message from worker 1 PID 33377 at time 60:250000000
OSS PID:33375 SysClockS:60 SysClockNano:250000000
Process Table:
Entry Occupied PID StartS StartN MessagesSent
0 1 33376 1 0 237
1 1 33377 2 0 234
2 0 0 0 0 0
3 0 0 0 0 0
4 0 0 0 0 0
5 0 0 0 0 0
6 0 0 0 0 0
7 0 0 0 0 0
8 0 0 0 0 0
9 0 0 0 0 0
10 0 0 0 0 0
11 0 0 0 0 0
12 0 0 0 0 0
13 0 0 0 0 0
14 0 0 0 0 0
15 0 0 0 0 0
16 0 0 0 0 0
17 0 0 0 0 0
18 0 0 0 0 0
19 0 0 0 0 0

OSS: Sending message to worker 0 PID 33376 at time 60:375000000
OSS: Receiving message from worker 0 PID 33376 at time 60:375000000
OSS PID:33375 SysClockS:60 SysClockNano:375000000
Process Table:
Entry Occupied PID StartS StartN MessagesSent
0 1 33376 1 0 238
1 1 33377 2 0 234
2 0 0 0 0 0
3 0 0 0 0 0
4 0 0 0 0 0
5 0 0 0 0 0
6 0 0 0 0 0
7 0 0 0 0 0
8 0 0 0 0 0
9 0 0 0 0 0
10 0 0 0 0 0
11 0 0 0 0 0
12 0 0 0 0 0
13 0 0 0 0 0
14 0 0 0 0 0
15 0 0 0 0 0
16 0 0 0 0 0
17 0 0 0 0 0
18 0 0 0 0 0
19 0 0 0 0 0

OSS: Sending message to worker 1 PID 33377 at time 60:500000000
OSS: Receiving message from worker 1 PID 33377 at time 60:500000000
OSS PID:33375 SysClockS:60 SysClockNano:500000000
Process Table:
Entry Occupied PID StartS StartN MessagesSent
0 1 33376 1 0 238
1 1 33377 2 0 235
2 0 0 0 0 0
3 0 0 0 0 0
4 0 0 0 0 0
5 0 0 0 0 0
6 0 0 0 0 0
7 0 0 0 0 0
8 0 0 0 0 0
9 0 0 0 0 0
10 0 0 0 0 0
11 0 0 0 0 0
12 0 0 0 0 0
13 0 0 0 0 0
14 0 0 0 0 0
15 0 0 0 0 0
16 0 0 0 0 0
17 0 0 0 0 0
18 0 0 0 0 0
19 0 0 0 0 0

OSS: Sending message to worker 0 PID 33376 at time 60:625000000
OSS: Receiving message from worker 0 PID 33376 at time 60:625000000
OSS PID:33375 SysClockS:60 SysClockNano:625000000
Process Table:
Entry Occupied PID StartS StartN MessagesSent
0 1 33376 1 0 239
1 1 33377 2 0 235
2 0 0 0 0 0
3 0 0 0 0 0
4 0 0 0 0 0
5 0 0 0 0 0
6 0 0 0 0 0
7 0 0 0 0 0
8 0 0 0 0 0
9 0 0 0 0 0
10 0 0 0 0 0
11 0 0 0 0 0
12 0 0 0 0 0
13 0 0 0 0 0
14 0 0 0 0 0
15 0 0 0 0 0
16 0 0 0 0 0
17 0 0 0 0 0
18 0 0 0 0 0
19 0 0 0 0 0

OSS: Sending message to worker 1 PID 33377 at time 60:750000000
OSS: Receiving message from worker 1 PID 33377 at time 60:750000000
OSS PID:33375 SysClockS:60 SysClockNano:750000000
Process Table:
Entry Occupied PID StartS StartN MessagesSent
0 1 33376 1 0 239
1 1 33377 2 0 236
2 0 0 0 0 0
3 0 0 0 0 0
4 0 0 0 0 0
5 0 0 0 0 0
6 0 0 0 0 0
7 0 0 0 0 0
8 0 0 0 0 0
9 0 0 0 0 0
10 0 0 0 0 0
11 0 0 0 0 0
12 0 0 0 0 0
13 0 0 0 0 0
14 0 0 0 0 0
15 0 0 0 0 0
16 0 0 0 0 0
17 0 0 0 0 0
18 0 0 0 0 0
19 0 0 0 0 0

OSS: Sending message to worker 0 PID 33376 at time 60:875000000
OSS: Receiving message from worker 0 PID 33376 at time 60:875000000
OSS PID:33375 SysClockS:60 SysClockNano:875000000
Process Table:
Entry Occupied PID StartS StartN MessagesSent
0 1 33376 1 0 240
1 1 33377 2 0 236
2 0 0 0 0 0
3 0 0 0 0 0
4 0 0 0 0 0
5 0 0 0 0 0
6 0 0 0 0 0
7 0 0 0 0 0
8 0 0 0 0 0
9 0 0 0 0 0
10 0 0 0 0 0
11 0 0 0 0 0
12 0 0 0 0 0
13 0 0 0 0 0
14 0 0 0 0 0
15 0 0 0 0 0
16 0 0 0 0 0
17 0 0 0 0 0
18 0 0 0 0 0
19 0 0 0 0 0

OSS: Sending message to worker 1 PID 33377 at time 61:0
OSS: Receiving message from worker 1 PID 33377 at time 61:0
OSS PID:33375 SysClockS:61 SysClockNano:0
Process Table:
Entry Occupied PID StartS StartN MessagesSent
0 1 33376 1 0 240
1 1 33377 2 0 237
2 0 0 0 0 0
3 0 0 0 0 0
4 0 0 0 0 0
5 0 0 0 0 0
6 0 0 0 0 0
7 0 0 0 0 0
8 0 0 0 0 0
9 0 0 0 0 0
10 0 0 0 0 0
11 0 0 0 0 0
12 0 0 0 0 0
13 0 0 0 0 0
14 0 0 0 0 0
15 0 0 0 0 0
16 0 0 0 0 0
17 0 0 0 0 0
18 0 0 0 0 0
19 0 0 0 0 0

OSS: Sending message to worker 0 PID 33376 at time 61:125000000
OSS: Receiving message from worker 0 PID 33376 at time 61:125000000
OSS PID:33375 SysClockS:61 SysClockNano:125000000
Process Table:
Entry Occupied PID StartS StartN MessagesSent
0 1 33376 1 0 241
1 1 33377 2 0 237
2 0 0 0 0 0
3 0 0 0 0 0
4 0 0 0 0 0
5 0 0 0 0 0
6 0 0 0 0 0
7 0 0 0 0 0
8 0 0 0 0 0
9 0 0 0 0 0
10 0 0 0 0 0
11 0 0 0 0 0
12 0 0 0 0 0
13 0 0 0 0 0
14 0 0 0 0 0
15 0 0 0 0 0
16 0 0 0 0 0
17 0 0 0 0 0
18 0 0 0 0 0
19 0 0 0 0 0

OSS: Sending message to worker 1 PID 33377 at time 61:250000000
OSS: Receiving message from worker 1 PID 33377 at time 61:250000000
OSS PID:33375 SysClockS:61 SysClockNano:250000000
Process Table:
Entry Occupied PID StartS StartN MessagesSent
0 1 33376 1 0 241
1 1 33377 2 0 238
2 0 0 0 0 0
3 0 0 0 0 0
4 0 0 0 0 0
5 0 0 0 0 0
6 0 0 0 0 0
7 0 0 0 0 0
8 0 0 0 0 0
9 0 0 0 0 0
10 0 0 0 0 0
11 0 0 0 0 0
12 0 0 0 0 0
13 0 0 0 0 0
14 0 0 0 0 0
15 0 0 0 0 0
16 0 0 0 0 0
17 0 0 0 0 0
18 0 0 0 0 0
19 0 0 0 0 0

OSS: Sending message to worker 0 PID 33376 at time 61:375000000
OSS: Receiving message from worker 0 PID 33376 at time 61:375000000
OSS PID:33375 SysClockS:61 SysClockNano:375000000
Process Table:
Entry Occupied PID StartS StartN MessagesSent
0 1 33376 1 0 242
1 1 33377 2 0 238
2 0 0 0 0 0
3 0 0 0 0 0
4 0 0 0 0 0
5 0 0 0 0 0
6 0 0 0 0 0
7 0 0 0 0 0
8 0 0 0 0 0
9 0 0 0 0 0
10 0 0 0 0 0
11 0 0 0 0 0
12 0 0 0 0 0
13 0 0 0 0 0
14 0 0 0 0 0
15 0 0 0 0 0
16 0 0 0 0 0
17 0 0 0 0 0
18 0 0 0 0 0
19 0 0 0 0 0

OSS: Sending message to worker 1 PID 33377 at time 61:500000000
OSS: Receiving message from worker 1 PID 33377 at time 61:500000000
OSS PID:33375 SysClockS:61 SysClockNano:500000000
Process Table:
Entry Occupied PID StartS StartN MessagesSent
0 1 33376 1 0 242
1 1 33377 2 0 239
2 0 0 0 0 0
3 0 0 0 0 0
4 0 0 0 0 0
5 0 0 0 0 0
6 0 0 0 0 0
7 0 0 0 0 0
8 0 0 0 0 0
9 0 0 0 0 0
10 0 0 0 0 0
11 0 0 0 0 0
12 0 0 0 0 0
13 0 0 0 0 0
14 0 0 0 0 0
15 0 0 0 0 0
16 0 0 0 0 0
17 0 0 0 0 0
18 0 0 0 0 0
19 0 0 0 0 0

OSS: Sending message to worker 0 PID 33376 at time 61:625000000
OSS: Receiving message from worker 0 PID 33376 at time 61:625000000
OSS PID:33375 SysClockS:61 SysClockNano:625000000
Process Table:
Entry Occupied PID StartS StartN MessagesSent
0 1 33376 1 0 243
1 1 33377 2 0 239
2 0 0 0 0 0
3 0 0 0 0 0
4 0 0 0 0 0
5 0 0 0 0 0
6 0 0 0 0 0
7 0 0 0 0 0
8 0 0 0 0 0
9 0 0 0 0 0
10 0 0 0 0 0
11 0 0 0 0 0
12 0 0 0 0 0
13 0 0 0 0 0
14 0 0 0 0 0
15 0 0 0 0 0
16 0 0 0 0 0
17 0 0 0 0 0
18 0 0 0 0 0
19 0 0 0 0 0

OSS: Sending message to worker 1 PID 33377 at time 61:750000000
OSS: Receiving message from worker 1 PID 33377 at time 61:750000000
OSS PID:33375 SysClockS:61 SysClockNano:750000000
Process Table:
Entry Occupied PID StartS StartN MessagesSent
0 1 33376 1 0 243
1 1 33377 2 0 240
2 0 0 0 0 0
3 0 0 0 0 0
4 0 0 0 0 0
5 0 0 0 0 0
6 0 0 0 0 0
7 0 0 0 0 0
8 0 0 0 0 0
9 0 0 0 0 0
10 0 0 0 0 0
11 0 0 0 0 0
12 0 0 0 0 0
13 0 0 0 0 0
14 0 0 0 0 0
15 0 0 0 0 0
16 0 0 0 0 0
17 0 0 0 0 0
18 0 0 0 0 0
19 0 0 0 0 0

OSS: Sending message to worker 0 PID 33376 at time 61:875000000
OSS: Receiving message from worker 0 PID 33376 at time 61:875000000
OSS PID:33375 SysClockS:61 SysClockNano:875000000
Process Table:
Entry Occupied PID StartS StartN MessagesSent
0 1 33376 1 0 244
1 1 33377 2 0 240
2 0 0 0 0 0
3 0 0 0 0 0
4 0 0 0 0 0
5 0 0 0 0 0
6 0 0 0 0 0
7 0 0 0 0 0
8 0 0 0 0 0
9 0 0 0 0 0
10 0 0 0 0 0
11 0 0 0 0 0
12 0 0 0 0 0
13 0 0 0 0 0
14 0 0 0 0 0
15 0 0 0 0 0
16 0 0 0 0 0
17 0 0 0 0 0
18 0 0 0 0 0
19 0 0 0 0 0

OSS: Sending message to worker 1 PID 33377 at time 62:0
OSS: Receiving message from worker 1 PID 33377 at time 62:0
OSS PID:33375 SysClockS:62 SysClockNano:0
Process Table:
Entry Occupied PID StartS StartN MessagesSent
0 1 33376 1 0 244
1 1 33377 2 0 241
2 0 0 0 0 0
3 0 0 0 0 0
4 0 0 0 0 0
5 0 0 0 0 0
6 0 0 0 0 0
7 0 0 0 0 0
8 0 0 0 0 0
9 0 0 0 0 0
10 0 0 0 0 0
11 0 0 0 0 0
12 0 0 0 0 0
13 0 0 0 0 0
14 0 0 0 0 0
15 0 0 0 0 0
16 0 0 0 0 0
17 0 0 0 0 0
18 0 0 0 0 0
19 0 0 0 0 0

OSS: Sending message to worker 0 PID 33376 at time 62:125000000
OSS: Receiving message from worker 0 PID 33376 at time 62:125000000
OSS PID:33375 SysClockS:62 SysClockNano:125000000
Process Table:
Entry Occupied PID StartS StartN MessagesSent
0 1 33376 1 0 245
1 1 33377 2 0 241
2 0 0 0 0 0
3 0 0 0 0 0
4 0 0 0 0 0
5 0 0 0 0 0
6 0 0 0 0 0
7 0 0 0 0 0
8 0 0 0 0 0
9 0 0 0 0 0
10 0 0 0 0 0
11 0 0 0 0 0
12 0 0 0 0 0
13 0 0 0 0 0
14 0 0 0 0 0
15 0 0 0 0 0
16 0 0 0 0 0
17 0 0 0 0 0
18 0 0 0 0 0
19 0 0 0 0 0

OSS: Sending message to worker 1 PID 33377 at time 62:250000000
OSS: Receiving message from worker 1 PID 33377 at time 62:250000000
OSS PID:33375 SysClockS:62 SysClockNano:250000000
Process Table:
Entry Occupied PID StartS StartN MessagesSent
0 1 33376 1 0 245
1 1 33377 2 0 242
2 0 0 0 0 0
3 0 0 0 0 0
4 0 0 0 0 0
5 0 0 0 0 0
6 0 0 0 0 0
7 0 0 0 0 0
8 0 0 0 0 0
9 0 0 0 0 0
10 0 0 0 0 0
11 0 0 0 0 0
12 0 0 0 0 0
13 0 0 0 0 0
14 0 0 0 0 0
15 0 0 0 0 0
16 0 0 0 0 0
17 0 0 0 0 0
18 0 0 0 0 0
19 0 0 0 0 0

OSS: Sending message to worker 0 PID 33376 at time 62:375000000
OSS: Receiving message from worker 0 PID 33376 at time 62:375000000
OSS PID:33375 SysClockS:62 SysClockNano:375000000
Process Table:
Entry Occupied PID StartS StartN MessagesSent
0 1 33376 1 0 246
1 1 33377 2 0 242
2 0 0 0 0 0
3 0 0 0 0 0
4 0 0 0 0 0
5 0 0 0 0 0
6 0 0 0 0 0
7 0 0 0 0 0
8 0 0 0 0 0
9 0 0 0 0 0
10 0 0 0 0 0
11 0 0 0 0 0
12 0 0 0 0 0
13 0 0 0 0 0
14 0 0 0 0 0
15 0 0 0 0 0
16 0 0 0 0 0
17 0 0 0 0 0
18 0 0 0 0 0
19 0 0 0 0 0

OSS: Sending message to worker 1 PID 33377 at time 62:500000000
OSS: Receiving message from worker 1 PID 33377 at time 62:500000000
OSS PID:33375 SysClockS:62 SysClockNano:500000000
Process Table:
Entry Occupied PID StartS StartN MessagesSent
0 1 33376 1 0 246
1 1 33377 2 0 243
2 0 0 0 0 0
3 0 0 0 0 0
4 0 0 0 0 0
5 0 0 0 0 0
6 0 0 0 0 0
7 0 0 0 0 0
8 0 0 0 0 0
9 0 0 0 0 0
10 0 0 0 0 0
11 0 0 0 0 0
12 0 0 0 0 0
13 0 0 0 0 0
14 0 0 0 0 0
15 0 0 0 0 0
16 0 0 0 0 0
17 0 0 0 0 0
18 0 0 0 0 0
19 0 0 0 0 0

OSS: Sending message to worker 0 PID 33376 at time 62:625000000
OSS: Receiving message from worker 0 PID 33376 at time 62:625000000
OSS PID:33375 SysClockS:62 SysClockNano:625000000
Process Table:
Entry Occupied PID StartS StartN MessagesSent
0 1 33376 1 0 247
1 1 33377 2 0 243
2 0 0 0 0 0
3 0 0 0 0 0
4 0 0 0 0 0
5 0 0 0 0 0
6 0 0 0 0 0
7 0 0 0 0 0
8 0 0 0 0 0
9 0 0 0 0 0
10 0 0 0 0 0
11 0 0 0 0 0
12 0 0 0 0 0
13 0 0 0 0 0
14 0 0 0 0 0
15 0 0 0 0 0
16 0 0 0 0 0
17 0 0 0 0 0
18 0 0 0 0 0
19 0 0 0 0 0

OSS: Sending message to worker 1 PID 33377 at time 62:750000000
OSS: Receiving message from worker 1 PID 33377 at time 62:750000000
OSS PID:33375 SysClockS:62 SysClockNano:750000000
Process Table:
Entry Occupied PID StartS StartN MessagesSent
0 1 33376 1 0 247
1 1 33377 2 0 244
2 0 0 0 0 0
3 0 0 0 0 0
4 0 0 0 0 0
5 0 0 0 0 0
6 0 0 0 0 0
7 0 0 0 0 0
8 0 0 0 0 0
9 0 0 0 0 0
10 0 0 0 0 0
11 0 0 0 0 0
12 0 0 0 0 0
13 0 0 0 0 0
14 0 0 0 0 0
15 0 0 0 0 0
16 0 0 0 0 0
17 0 0 0 0 0
18 0 0 0 0 0
19 0 0 0 0 0

OSS: Sending message to worker 0 PID 33376 at time 62:875000000
OSS: Receiving message from worker 0 PID 33376 at time 62:875000000
OSS PID:33375 SysClockS:62 SysClockNano:875000000
Process Table:
Entry Occupied PID StartS StartN MessagesSent
0 1 33376 1 0 248
1 1 33377 2 0 244
2 0 0 0 0 0
3 0 0 0 0 0
4 0 0 0 0 0
5 0 0 0 0 0
6 0 0 0 0 0
7 0 0 0 0 0
8 0 0 0 0 0
9 0 0 0 0 0
10 0 0 0 0 0
11 0 0 0 0 0
12 0 0 0 0 0
13 0 0 0 0 0
14 0 0 0 0 0
15 0 0 0 0 0
16 0 0 0 0 0
17 0 0 0 0 0
18 0 0 0 0 0
19 0 0 0 0 0

OSS: Sending message to worker 1 PID 33377 at time 63:0
OSS: Receiving message from worker 1 PID 33377 at time 63:0
OSS PID:33375 SysClockS:63 SysClockNano:0
Process Table:
Entry Occupied PID StartS StartN MessagesSent
0 1 33376 1 0 248
1 1 33377 2 0 245
2 0 0 0 0 0
3 0 0 0 0 0
4 0 0 0 0 0
5 0 0 0 0 0
6 0 0 0 0 0
7 0 0 0 0 0
8 0 0 0 0 0
9 0 0 0 0 0
10 0 0 0 0 0
11 0 0 0 0 0
12 0 0 0 0 0
13 0 0 0 0 0
14 0 0 0 0 0
15 0 0 0 0 0
16 0 0 0 0 0
17 0 0 0 0 0
18 0 0 0 0 0
19 0 0 0 0 0

OSS: Sending message to worker 0 PID 33376 at time 63:125000000
OSS: Receiving message from worker 0 PID 33376 at time 63:125000000
OSS PID:33375 SysClockS:63 SysClockNano:125000000
Process Table:
Entry Occupied PID StartS StartN MessagesSent
0 1 33376 1 0 249
1 1 33377 2 0 245
2 0 0 0 0 0
3 0 0 0 0 0
4 0 0 0 0 0
5 0 0 0 0 0
6 0 0 0 0 0
7 0 0 0 0 0
8 0 0 0 0 0
9 0 0 0 0 0
10 0 0 0 0 0
11 0 0 0 0 0
12 0 0 0 0 0
13 0 0 0 0 0
14 0 0 0 0 0
15 0 0 0 0 0
16 0 0 0 0 0
17 0 0 0 0 0
18 0 0 0 0 0
19 0 0 0 0 0

OSS: Sending message to worker 1 PID 33377 at time 63:250000000
OSS: Receiving message from worker 1 PID 33377 at time 63:250000000
OSS PID:33375 SysClockS:63 SysClockNano:250000000
Process Table:
Entry Occupied PID StartS StartN MessagesSent
0 1 33376 1 0 249
1 1 33377 2 0 246
2 0 0 0 0 0
3 0 0 0 0 0
4 0 0 0 0 0
5 0 0 0 0 0
6 0 0 0 0 0
7 0 0 0 0 0
8 0 0 0 0 0
9 0 0 0 0 0
10 0 0 0 0 0
11 0 0 0 0 0
12 0 0 0 0 0
13 0 0 0 0 0
14 0 0 0 0 0
15 0 0 0 0 0
16 0 0 0 0 0
17 0 0 0 0 0
18 0 0 0 0 0
19 0 0 0 0 0

OSS: Sending message to worker 0 PID 33376 at time 63:375000000
OSS: Receiving message from worker 0 PID 33376 at time 63:375000000
OSS PID:33375 SysClockS:63 SysClockNano:375000000
Process Table:
Entry Occupied PID StartS StartN MessagesSent
0 1 33376 1 0 250
1 1 33377 2 0 246
2 0 0 0 0 0
3 0 0 0 0 0
4 0 0 0 0 0
5 0 0 0 0 0
6 0 0 0 0 0
7 0 0 0 0 0
8 0 0 0 0 0
9 0 0 0 0 0
10 0 0 0 0 0
11 0 0 0 0 0
12 0 0 0 0 0
13 0 0 0 0 0
14 0 0 0 0 0
15 0 0 0 0 0
16 0 0 0 0 0
17 0 0 0 0 0
18 0 0 0 0 0
19 0 0 0 0 0

OSS: Sending message to worker 1 PID 33377 at time 63:500000000
OSS: Receiving message from worker 1 PID 33377 at time 63:500000000
OSS PID:33375 SysClockS:63 SysClockNano:500000000
Process Table:
Entry Occupied PID StartS StartN MessagesSent
0 1 33376 1 0 250
1 1 33377 2 0 247
2 0 0 0 0 0
3 0 0 0 0 0
4 0 0 0 0 0
5 0 0 0 0 0
6 0 0 0 0 0
7 0 0 0 0 0
8 0 0 0 0 0
9 0 0 0 0 0
10 0 0 0 0 0
11 0 0 0 0 0
12 0 0 0 0 0
13 0 0 0 0 0
14 0 0 0 0 0
15 0 0 0 0 0
16 0 0 0 0 0
17 0 0 0 0 0
18 0 0 0 0 0
19 0 0 0 0 0

OSS: Sending message to worker 0 PID 33376 at time 63:625000000
OSS: Receiving message from worker 0 PID 33376 at time 63:625000000
OSS PID:33375 SysClockS:63 SysClockNano:625000000
Process Table:
Entry Occupied PID StartS StartN MessagesSent
0 1 33376 1 0 251
1 1 33377 2 0 247
2 0 0 0 0 0
3 0 0 0 0 0
4 0 0 0 0 0
5 0 0 0 0 0
6 0 0 0 0 0
7 0 0 0 0 0
8 0 0 0 0 0
9 0 0 0 0 0
10 0 0 0 0 0
11 0 0 0 0 0
12 0 0 0 0 0
13 0 0 0 0 0
14 0 0 0 0 0
15 0 0 0 0 0
16 0 0 0 0 0
17 0 0 0 0 0
18 0 0 0 0 0
19 0 0 0 0 0

OSS: Sending message to worker 1 PID 33377 at time 63:750000000
OSS: Receiving message from worker 1 PID 33377 at time 63:750000000
OSS PID:33375 SysClockS:63 SysClockNano:750000000
Process Table:
Entry Occupied PID StartS StartN MessagesSent
0 1 33376 1 0 251
1 1 33377 2 0 248
2 0 0 0 0 0
3 0 0 0 0 0
4 0 0 0 0 0
5 0 0 0 0 0
6 0 0 0 0 0
7 0 0 0 0 0
8 0 0 0 0 0
9 0 0 0 0 0
10 0 0 0 0 0
11 0 0 0 0 0
12 0 0 0 0 0
13 0 0 0 0 0
14 0 0 0 0 0
15 0 0 0 0 0
16 0 0 0 0 0
17 0 0 0 0 0
18 0 0 0 0 0
19 0 0 0 0 0

OSS: Sending message to worker 0 PID 33376 at time 63:875000000
OSS: Receiving message from worker 0 PID 33376 at time 63:875000000
OSS PID:33375 SysClockS:63 SysClockNano:875000000
Process Table:
Entry Occupied PID StartS StartN MessagesSent
0 1 33376 1 0 252
1 1 33377 2 0 248
2 0 0 0 0 0
3 0 0 0 0 0
4 0 0 0 0 0
5 0 0 0 0 0
6 0 0 0 0 0
7 0 0 0 0 0
8 0 0 0 0 0
9 0 0 0 0 0
10 0 0 0 0 0
11 0 0 0 0 0
12 0 0 0 0 0
13 0 0 0 0 0
14 0 0 0 0 0
15 0 0 0 0 0
16 0 0 0 0 0
17 0 0 0 0 0
18 0 0 0 0 0
19 0 0 0 0 0

OSS: Sending message to worker 1 PID 33377 at time 64:0
OSS: Receiving message from worker 1 PID 33377 at time 64:0
OSS PID:33375 SysClockS:64 SysClockNano:0
Process Table:
Entry Occupied PID StartS StartN MessagesSent
0 1 33376 1 0 252
1 1 33377 2 0 249
2 0 0 0 0 0
3 0 0 0 0 0
4 0 0 0 0 0
5 0 0 0 0 0
6 0 0 0 0 0
7 0 0 0 0 0
8 0 0 0 0 0
9 0 0 0 0 0
10 0 0 0 0 0
11 0 0 0 0 0
12 0 0 0 0 0
13 0 0 0 0 0
14 0 0 0 0 0
15 0 0 0 0 0
16 0 0 0 0 0
17 0 0 0 0 0
18 0 0 0 0 0
19 0 0 0 0 0

OSS: Sending message to worker 0 PID 33376 at time 64:125000000
OSS: Receiving message from worker 0 PID 33376 at time 64:125000000
OSS PID:33375 SysClockS:64 SysClockNano:125000000
Process Table:
Entry Occupied PID StartS StartN MessagesSent
0 1 33376 1 0 253
1 1 33377 2 0 249
2 0 0 0 0 0
3 0 0 0 0 0
4 0 0 0 0 0
5 0 0 0 0 0
6 0 0 0 0 0
7 0 0 0 0 0
8 0 0 0 0 0
9 0 0 0 0 0
10 0 0 0 0 0
11 0 0 0 0 0
12 0 0 0 0 0
13 0 0 0 0 0
14 0 0 0 0 0
15 0 0 0 0 0
16 0 0 0 0 0
17 0 0 0 0 0
18 0 0 0 0 0
19 0 0 0 0 0

OSS: Sending message to worker 1 PID 33377 at time 64:250000000
OSS: Receiving message from worker 1 PID 33377 at time 64:250000000
OSS PID:33375 SysClockS:64 SysClockNano:250000000
Process Table:
Entry Occupied PID StartS StartN MessagesSent
0 1 33376 1 0 253
1 1 33377 2 0 250
2 0 0 0 0 0
3 0 0 0 0 0
4 0 0 0 0 0
5 0 0 0 0 0
6 0 0 0 0 0
7 0 0 0 0 0
8 0 0 0 0 0
9 0 0 0 0 0
10 0 0 0 0 0
11 0 0 0 0 0
12 0 0 0 0 0
13 0 0 0 0 0
14 0 0 0 0 0
15 0 0 0 0 0
16 0 0 0 0 0
17 0 0 0 0 0
18 0 0 0 0 0
19 0 0 0 0 0

OSS: Sending message to worker 0 PID 33376 at time 64:375000000
OSS: Receiving message from worker 0 PID 33376 at time 64:375000000
OSS PID:33375 SysClockS:64 SysClockNano:375000000
Process Table:
Entry Occupied PID StartS StartN MessagesSent
0 1 33376 1 0 254
1 1 33377 2 0 250
2 0 0 0 0 0
3 0 0 0 0 0
4 0 0 0 0 0
5 0 0 0 0 0
6 0 0 0 0 0
7 0 0 0 0 0
8 0 0 0 0 0
9 0 0 0 0 0
10 0 0 0 0 0
11 0 0 0 0 0
12 0 0 0 0 0
13 0 0 0 0 0
14 0 0 0 0 0
15 0 0 0 0 0
16 0 0 0 0 0
17 0 0 0 0 0
18 0 0 0 0 0
19 0 0 0 0 0

OSS: Sending message to worker 1 PID 33377 at time 64:500000000
OSS: Receiving message from worker 1 PID 33377 at time 64:500000000
OSS PID:33375 SysClockS:64 SysClockNano:500000000
Process Table:
Entry Occupied PID StartS StartN MessagesSent
0 1 33376 1 0 254
1 1 33377 2 0 251
2 0 0 0 0 0
3 0 0 0 0 0
4 0 0 0 0 0
5 0 0 0 0 0
6 0 0 0 0 0
7 0 0 0 0 0
8 0 0 0 0 0
9 0 0 0 0 0
10 0 0 0 0 0
11 0 0 0 0 0
12 0 0 0 0 0
13 0 0 0 0 0
14 0 0 0 0 0
15 0 0 0 0 0
16 0 0 0 0 0
17 0 0 0 0 0
18 0 0 0 0 0
19 0 0 0 0 0

OSS: Sending message to worker 0 PID 33376 at time 64:625000000
OSS: Receiving message from worker 0 PID 33376 at time 64:625000000
OSS PID:33375 SysClockS:64 SysClockNano:625000000
Process Table:
Entry Occupied PID StartS StartN MessagesSent
0 1 33376 1 0 255
1 1 33377 2 0 251
2 0 0 0 0 0
3 0 0 0 0 0
4 0 0 0 0 0
5 0 0 0 0 0
6 0 0 0 0 0
7 0 0 0 0 0
8 0 0 0 0 0
9 0 0 0 0 0
10 0 0 0 0 0
11 0 0 0 0 0
12 0 0 0 0 0
13 0 0 0 0 0
14 0 0 0 0 0
15 0 0 0 0 0
16 0 0 0 0 0
17 0 0 0 0 0
18 0 0 0 0 0
19 0 0 0 0 0

OSS: Sending message to worker 1 PID 33377 at time 64:750000000
OSS: Receiving message from worker 1 PID 33377 at time 64:750000000
OSS PID:33375 SysClockS:64 SysClockNano:750000000
Process Table:
Entry Occupied PID StartS StartN MessagesSent
0 1 33376 1 0 255
1 1 33377 2 0 252
2 0 0 0 0 0
3 0 0 0 0 0
4 0 0 0 0 0
5 0 0 0 0 0
6 0 0 0 0 0
7 0 0 0 0 0
8 0 0 0 0 0
9 0 0 0 0 0
10 0 0 0 0 0
11 0 0 0 0 0
12 0 0 0 0 0
13 0 0 0 0 0
14 0 0 0 0 0
15 0 0 0 0 0
16 0 0 0 0 0
17 0 0 0 0 0
18 0 0 0 0 0
19 0 0 0 0 0

OSS: Sending message to worker 0 PID 33376 at time 64:875000000
OSS: Receiving message from worker 0 PID 33376 at time 64:875000000
OSS PID:33375 SysClockS:64 SysClockNano:875000000
Process Table:
Entry Occupied PID StartS StartN MessagesSent
0 1 33376 1 0 256
1 1 33377 2 0 252
2 0 0 0 0 0
3 0 0 0 0 0
4 0 0 0 0 0
5 0 0 0 0 0
6 0 0 0 0 0
7 0 0 0 0 0
8 0 0 0 0 0
9 0 0 0 0 0
10 0 0 0 0 0
11 0 0 0 0 0
12 0 0 0 0 0
13 0 0 0 0 0
14 0 0 0 0 0
15 0 0 0 0 0
16 0 0 0 0 0
17 0 0 0 0 0
18 0 0 0 0 0
19 0 0 0 0 0

OSS: Sending message to worker 1 PID 33377 at time 65:0
OSS: Receiving message from worker 1 PID 33377 at time 65:0
OSS PID:33375 SysClockS:65 SysClockNano:0
Process Table:
Entry Occupied PID StartS StartN MessagesSent
0 1 33376 1 0 256
1 1 33377 2 0 253
2 0 0 0 0 0
3 0 0 0 0 0
4 0 0 0 0 0
5 0 0 0 0 0
6 0 0 0 0 0
7 0 0 0 0 0
8 0 0 0 0 0
9 0 0 0 0 0
10 0 0 0 0 0
11 0 0 0 0 0
12 0 0 0 0 0
13 0 0 0 0 0
14 0 0 0 0 0
15 0 0 0 0 0
16 0 0 0 0 0
17 0 0 0 0 0
18 0 0 0 0 0
19 0 0 0 0 0

OSS: Sending message to worker 0 PID 33376 at time 65:125000000
OSS: Receiving message from worker 0 PID 33376 at time 65:125000000
OSS PID:33375 SysClockS:65 SysClockNano:125000000
Process Table:
Entry Occupied PID StartS StartN MessagesSent
0 1 33376 1 0 257
1 1 33377 2 0 253
2 0 0 0 0 0
3 0 0 0 0 0
4 0 0 0 0 0
5 0 0 0 0 0
6 0 0 0 0 0
7 0 0 0 0 0
8 0 0 0 0 0
9 0 0 0 0 0
10 0 0 0 0 0
11 0 0 0 0 0
12 0 0 0 0 0
13 0 0 0 0 0
14 0 0 0 0 0
15 0 0 0 0 0
16 0 0 0 0 0
17 0 0 0 0 0
18 0 0 0 0 0
19 0 0 0 0 0

OSS: Sending message to worker 1 PID 33377 at time 65:250000000
OSS: Receiving message from worker 1 PID 33377 at time 65:250000000
OSS PID:33375 SysClockS:65 SysClockNano:250000000
Process Table:
Entry Occupied PID StartS StartN MessagesSent
0 1 33376 1 0 257
1 1 33377 2 0 254
2 0 0 0 0 0
3 0 0 0 0 0
4 0 0 0 0 0
5 0 0 0 0 0
6 0 0 0 0 0
7 0 0 0 0 0
8 0 0 0 0 0
9 0 0 0 0 0
10 0 0 0 0 0
11 0 0 0 0 0
12 0 0 0 0 0
13 0 0 0 0 0
14 0 0 0 0 0
15 0 0 0 0 0
16 0 0 0 0 0
17 0 0 0 0 0
18 0 0 0 0 0
19 0 0 0 0 0

OSS: Sending message to worker 0 PID 33376 at time 65:375000000
OSS: Receiving message from worker 0 PID 33376 at time 65:375000000
OSS PID:33375 SysClockS:65 SysClockNano:375000000
Process Table:
Entry Occupied PID StartS StartN MessagesSent
0 1 33376 1 0 258
1 1 33377 2 0 254
2 0 0 0 0 0
3 0 0 0 0 0
4 0 0 0 0 0
5 0 0 0 0 0
6 0 0 0 0 0
7 0 0 0 0 0
8 0 0 0 0 0
9 0 0 0 0 0
10 0 0 0 0 0
11 0 0 0 0 0
12 0 0 0 0 0
13 0 0 0 0 0
14 0 0 0 0 0
15 0 0 0 0 0
16 0 0 0 0 0
17 0 0 0 0 0
18 0 0 0 0 0
19 0 0 0 0 0

OSS: Sending message to worker 1 PID 33377 at time 65:500000000
OSS: Receiving message from worker 1 PID 33377 at time 65:500000000
OSS PID:33375 SysClockS:65 SysClockNano:500000000
Process Table:
Entry Occupied PID StartS StartN MessagesSent
0 1 33376 1 0 258
1 1 33377 2 0 255
2 0 0 0 0 0
3 0 0 0 0 0
4 0 0 0 0 0
5 0 0 0 0 0
6 0 0 0 0 0
7 0 0 0 0 0
8 0 0 0 0 0
9 0 0 0 0 0
10 0 0 0 0 0
11 0 0 0 0 0
12 0 0 0 0 0
13 0 0 0 0 0
14 0 0 0 0 0
15 0 0 0 0 0
16 0 0 0 0 0
17 0 0 0 0 0
18 0 0 0 0 0
19 0 0 0 0 0

OSS: Sending message to worker 0 PID 33376 at time 65:625000000
OSS: Receiving message from worker 0 PID 33376 at time 65:625000000
OSS PID:33375 SysClockS:65 SysClockNano:625000000
Process Table:
Entry Occupied PID StartS StartN MessagesSent
0 1 33376 1 0 259
1 1 33377 2 0 255
2 0 0 0 0 0
3 0 0 0 0 0
4 0 0 0 0 0
5 0 0 0 0 0
6 0 0 0 0 0
7 0 0 0 0 0
8 0 0 0 0 0
9 0 0 0 0 0
10 0 0 0 0 0
11 0 0 0 0 0
12 0 0 0 0 0
13 0 0 0 0 0
14 0 0 0 0 0
15 0 0 0 0 0
16 0 0 0 0 0
17 0 0 0 0 0
18 0 0 0 0 0
19 0 0 0 0 0

OSS: Sending message to worker 1 PID 33377 at time 65:750000000
OSS: Receiving message from worker 1 PID 33377 at time 65:750000000
OSS PID:33375 SysClockS:65 SysClockNano:750000000
Process Table:
Entry Occupied PID StartS StartN MessagesSent
0 1 33376 1 0 259
1 1 33377 2 0 256
2 0 0 0 0 0
3 0 0 0 0 0
4 0 0 0 0 0
5 0 0 0 0 0
6 0 0 0 0 0
7 0 0 0 0 0
8 0 0 0 0 0
9 0 0 0 0 0
10 0 0 0 0 0
11 0 0 0 0 0
12 0 0 0 0 0
13 0 0 0 0 0
14 0 0 0 0 0
15 0 0 0 0 0
16 0 0 0 0 0
17 0 0 0 0 0
18 0 0 0 0 0
19 0 0 0 0 0

OSS: Sending message to worker 0 PID 33376 at time 65:875000000
OSS: Receiving message from worker 0 PID 33376 at time 65:875000000
OSS PID:33375 SysClockS:65 SysClockNano:875000000
Process Table:
Entry Occupied PID StartS StartN MessagesSent
0 1 33376 1 0 260
1 1 33377 2 0 256
2 0 0 0 0 0
3 0 0 0 0 0
4 0 0 0 0 0
5 0 0 0 0 0
6 0 0 0 0 0
7 0 0 0 0 0
8 0 0 0 0 0
9 0 0 0 0 0
10 0 0 0 0 0
11 0 0 0 0 0
12 0 0 0 0 0
13 0 0 0 0 0
14 0 0 0 0 0
15 0 0 0 0 0
16 0 0 0 0 0
17 0 0 0 0 0
18 0 0 0 0 0
19 0 0 0 0 0

OSS: Sending message to worker 1 PID 33377 at time 66:0
OSS: Receiving message from worker 1 PID 33377 at time 66:0
OSS PID:33375 SysClockS:66 SysClockNano:0
Process Table:
Entry Occupied PID StartS StartN MessagesSent
0 1 33376 1 0 260
1 1 33377 2 0 257
2 0 0 0 0 0
3 0 0 0 0 0
4 0 0 0 0 0
5 0 0 0 0 0
6 0 0 0 0 0
7 0 0 0 0 0
8 0 0 0 0 0
9 0 0 0 0 0
10 0 0 0 0 0
11 0 0 0 0 0
12 0 0 0 0 0
13 0 0 0 0 0
14 0 0 0 0 0
15 0 0 0 0 0
16 0 0 0 0 0
17 0 0 0 0 0
18 0 0 0 0 0
19 0 0 0 0 0

OSS: Sending message to worker 0 PID 33376 at time 66:125000000
OSS: Receiving message from worker 0 PID 33376 at time 66:125000000
OSS PID:33375 SysClockS:66 SysClockNano:125000000
Process Table:
Entry Occupied PID StartS StartN MessagesSent
0 1 33376 1 0 261
1 1 33377 2 0 257
2 0 0 0 0 0
3 0 0 0 0 0
4 0 0 0 0 0
5 0 0 0 0 0
6 0 0 0 0 0
7 0 0 0 0 0
8 0 0 0 0 0
9 0 0 0 0 0
10 0 0 0 0 0
11 0 0 0 0 0
12 0 0 0 0 0
13 0 0 0 0 0
14 0 0 0 0 0
15 0 0 0 0 0
16 0 0 0 0 0
17 0 0 0 0 0
18 0 0 0 0 0
19 0 0 0 0 0

OSS: Sending message to worker 1 PID 33377 at time 66:250000000
OSS: Receiving message from worker 1 PID 33377 at time 66:250000000
OSS PID:33375 SysClockS:66 SysClockNano:250000000
Process Table:
Entry Occupied PID StartS StartN MessagesSent
0 1 33376 1 0 261
1 1 33377 2 0 258
2 0 0 0 0 0
3 0 0 0 0 0
4 0 0 0 0 0
5 0 0 0 0 0
6 0 0 0 0 0
7 0 0 0 0 0
8 0 0 0 0 0
9 0 0 0 0 0
10 0 0 0 0 0
11 0 0 0 0 0
12 0 0 0 0 0
13 0 0 0 0 0
14 0 0 0 0 0
15 0 0 0 0 0
16 0 0 0 0 0
17 0 0 0 0 0
18 0 0 0 0 0
19 0 0 0 0 0

OSS: Sending message to worker 0 PID 33376 at time 66:375000000
OSS: Receiving message from worker 0 PID 33376 at time 66:375000000
OSS PID:33375 SysClockS:66 SysClockNano:375000000
Process Table:
Entry Occupied PID StartS StartN MessagesSent
0 1 33376 1 0 262
1 1 33377 2 0 258
2 0 0 0 0 0
3 0 0 0 0 0
4 0 0 0 0 0
5 0 0 0 0 0
6 0 0 0 0 0
7 0 0 0 0 0
8 0 0 0 0 0
9 0 0 0 0 0
10 0 0 0 0 0
11 0 0 0 0 0
12 0 0 0 0 0
13 0 0 0 0 0
14 0 0 0 0 0
15 0 0 0 0 0
16 0 0 0 0 0
17 0 0 0 0 0
18 0 0 0 0 0
19 0 0 0 0 0

OSS: Sending message to worker 1 PID 33377 at time 66:500000000
OSS: Receiving message from worker 1 PID 33377 at time 66:500000000
OSS PID:33375 SysClockS:66 SysClockNano:500000000
Process Table:
Entry Occupied PID StartS StartN MessagesSent
0 1 33376 1 0 262
1 1 33377 2 0 259
2 0 0 0 0 0
3 0 0 0 0 0
4 0 0 0 0 0
5 0 0 0 0 0
6 0 0 0 0 0
7 0 0 0 0 0
8 0 0 0 0 0
9 0 0 0 0 0
10 0 0 0 0 0
11 0 0 0 0 0
12 0 0 0 0 0
13 0 0 0 0 0
14 0 0 0 0 0
15 0 0 0 0 0
16 0 0 0 0 0
17 0 0 0 0 0
18 0 0 0 0 0
19 0 0 0 0 0

OSS: Sending message to worker 0 PID 33376 at time 66:625000000
OSS: Receiving message from worker 0 PID 33376 at time 66:625000000
OSS PID:33375 SysClockS:66 SysClockNano:625000000
Process Table:
Entry Occupied PID StartS StartN MessagesSent
0 1 33376 1 0 263
1 1 33377 2 0 259
2 0 0 0 0 0
3 0 0 0 0 0
4 0 0 0 0 0
5 0 0 0 0 0
6 0 0 0 0 0
7 0 0 0 0 0
8 0 0 0 0 0
9 0 0 0 0 0
10 0 0 0 0 0
11 0 0 0 0 0
12 0 0 0 0 0
13 0 0 0 0 0
14 0 0 0 0 0
15 0 0 0 0 0
16 0 0 0 0 0
17 0 0 0 0 0
18 0 0 0 0 0
19 0 0 0 0 0

OSS: Sending message to worker 1 PID 33377 at time 66:750000000
OSS: Receiving message from worker 1 PID 33377 at time 66:750000000
OSS PID:33375 SysClockS:66 SysClockNano:750000000
Process Table:
Entry Occupied PID StartS StartN MessagesSent
0 1 33376 1 0 263
1 1 33377 2 0 260
2 0 0 0 0 0
3 0 0 0 0 0
4 0 0 0 0 0
5 0 0 0 0 0
6 0 0 0 0 0
7 0 0 0 0 0
8 0 0 0 0 0
9 0 0 0 0 0
10 0 0 0 0 0
11 0 0 0 0 0
12 0 0 0 0 0
13 0 0 0 0 0
14 0 0 0 0 0
15 0 0 0 0 0
16 0 0 0 0 0
17 0 0 0 0 0
18 0 0 0 0 0
19 0 0 0 0 0

OSS: Sending message to worker 0 PID 33376 at time 66:875000000
OSS: Receiving message from worker 0 PID 33376 at time 66:875000000
OSS PID:33375 SysClockS:66 SysClockNano:875000000
Process Table:
Entry Occupied PID StartS StartN MessagesSent
0 1 33376 1 0 264
1 1 33377 2 0 260
2 0 0 0 0 0
3 0 0 0 0 0
4 0 0 0 0 0
5 0 0 0 0 0
6 0 0 0 0 0
7 0 0 0 0 0
8 0 0 0 0 0
9 0 0 0 0 0
10 0 0 0 0 0
11 0 0 0 0 0
12 0 0 0 0 0
13 0 0 0 0 0
14 0 0 0 0 0
15 0 0 0 0 0
16 0 0 0 0 0
17 0 0 0 0 0
18 0 0 0 0 0
19 0 0 0 0 0

OSS: Sending message to worker 1 PID 33377 at time 67:0
OSS: Receiving message from worker 1 PID 33377 at time 67:0
OSS PID:33375 SysClockS:67 SysClockNano:0
Process Table:
Entry Occupied PID StartS StartN MessagesSent
0 1 33376 1 0 264
1 1 33377 2 0 261
2 0 0 0 0 0
3 0 0 0 0 0
4 0 0 0 0 0
5 0 0 0 0 0
6 0 0 0 0 0
7 0 0 0 0 0
8 0 0 0 0 0
9 0 0 0 0 0
10 0 0 0 0 0
11 0 0 0 0 0
12 0 0 0 0 0
13 0 0 0 0 0
14 0 0 0 0 0
15 0 0 0 0 0
16 0 0 0 0 0
17 0 0 0 0 0
18 0 0 0 0 0
19 0 0 0 0 0

OSS: Sending message to worker 0 PID 33376 at time 67:125000000
OSS: Receiving message from worker 0 PID 33376 at time 67:125000000
OSS PID:33375 SysClockS:67 SysClockNano:125000000
Process Table:
Entry Occupied PID StartS StartN MessagesSent
0 1 33376 1 0 265
1 1 33377 2 0 261
2 0 0 0 0 0
3 0 0 0 0 0
4 0 0 0 0 0
5 0 0 0 0 0
6 0 0 0 0 0
7 0 0 0 0 0
8 0 0 0 0 0
9 0 0 0 0 0
10 0 0 0 0 0
11 0 0 0 0 0
12 0 0 0 0 0
13 0 0 0 0 0
14 0 0 0 0 0
15 0 0 0 0 0
16 0 0 0 0 0
17 0 0 0 0 0
18 0 0 0 0 0
19 0 0 0 0 0

OSS: Sending message to worker 1 PID 33377 at time 67:250000000
OSS: Receiving message from worker 1 PID 33377 at time 67:250000000
OSS PID:33375 SysClockS:67 SysClockNano:250000000
Process Table:
Entry Occupied PID StartS StartN MessagesSent
0 1 33376 1 0 265
1 1 33377 2 0 262
2 0 0 0 0 0
3 0 0 0 0 0
4 0 0 0 0 0
5 0 0 0 0 0
6 0 0 0 0 0
7 0 0 0 0 0
8 0 0 0 0 0
9 0 0 0 0 0
10 0 0 0 0 0
11 0 0 0 0 0
12 0 0 0 0 0
13 0 0 0 0 0
14 0 0 0 0 0
15 0 0 0 0 0
16 0 0 0 0 0
17 0 0 0 0 0
18 0 0 0 0 0
19 0 0 0 0 0

OSS: Sending message to worker 0 PID 33376 at time 67:375000000
OSS: Receiving message from worker 0 PID 33376 at time 67:375000000
OSS PID:33375 SysClockS:67 SysClockNano:375000000
Process Table:
Entry Occupied PID StartS StartN MessagesSent
0 1 33376 1 0 266
1 1 33377 2 0 262
2 0 0 0 0 0
3 0 0 0 0 0
4 0 0 0 0 0
5 0 0 0 0 0
6 0 0 0 0 0
7 0 0 0 0 0
8 0 0 0 0 0
9 0 0 0 0 0
10 0 0 0 0 0
11 0 0 0 0 0
12 0 0 0 0 0
13 0 0 0 0 0
14 0 0 0 0 0
15 0 0 0 0 0
16 0 0 0 0 0
17 0 0 0 0 0
18 0 0 0 0 0
19 0 0 0 0 0

OSS: Sending message to worker 1 PID 33377 at time 67:500000000
OSS: Receiving message from worker 1 PID 33377 at time 67:500000000
OSS PID:33375 SysClockS:67 SysClockNano:500000000
Process Table:
Entry Occupied PID StartS StartN MessagesSent
0 1 33376 1 0 266
1 1 33377 2 0 263
2 0 0 0 0 0
3 0 0 0 0 0
4 0 0 0 0 0
5 0 0 0 0 0
6 0 0 0 0 0
7 0 0 0 0 0
8 0 0 0 0 0
9 0 0 0 0 0
10 0 0 0 0 0
11 0 0 0 0 0
12 0 0 0 0 0
13 0 0 0 0 0
14 0 0 0 0 0
15 0 0 0 0 0
16 0 0 0 0 0
17 0 0 0 0 0
18 0 0 0 0 0
19 0 0 0 0 0

OSS: Sending message to worker 0 PID 33376 at time 67:625000000
OSS: Receiving message from worker 0 PID 33376 at time 67:625000000
OSS PID:33375 SysClockS:67 SysClockNano:625000000
Process Table:
Entry Occupied PID StartS StartN MessagesSent
0 1 33376 1 0 267
1 1 33377 2 0 263
2 0 0 0 0 0
3 0 0 0 0 0
4 0 0 0 0 0
5 0 0 0 0 0
6 0 0 0 0 0
7 0 0 0 0 0
8 0 0 0 0 0
9 0 0 0 0 0
10 0 0 0 0 0
11 0 0 0 0 0
12 0 0 0 0 0
13 0 0 0 0 0
14 0 0 0 0 0
15 0 0 0 0 0
16 0 0 0 0 0
17 0 0 0 0 0
18 0 0 0 0 0
19 0 0 0 0 0

OSS: Sending message to worker 1 PID 33377 at time 67:750000000
OSS: Receiving message from worker 1 PID 33377 at time 67:750000000
OSS PID:33375 SysClockS:67 SysClockNano:750000000
Process Table:
Entry Occupied PID StartS StartN MessagesSent
0 1 33376 1 0 267
1 1 33377 2 0 264
2 0 0 0 0 0
3 0 0 0 0 0
4 0 0 0 0 0
5 0 0 0 0 0
6 0 0 0 0 0
7 0 0 0 0 0
8 0 0 0 0 0
9 0 0 0 0 0
10 0 0 0 0 0
11 0 0 0 0 0
12 0 0 0 0 0
13 0 0 0 0 0
14 0 0 0 0 0
15 0 0 0 0 0
16 0 0 0 0 0
17 0 0 0 0 0
18 0 0 0 0 0
19 0 0 0 0 0

OSS: Sending message to worker 0 PID 33376 at time 67:875000000
OSS: Receiving message from worker 0 PID 33376 at time 67:875000000
OSS PID:33375 SysClockS:67 SysClockNano:875000000
Process Table:
Entry Occupied PID StartS StartN MessagesSent
0 1 33376 1 0 268
1 1 33377 2 0 264
2 0 0 0 0 0
3 0 0 0 0 0
4 0 0 0 0 0
5 0 0 0 0 0
6 0 0 0 0 0
7 0 0 0 0 0
8 0 0 0 0 0
9 0 0 0 0 0
10 0 0 0 0 0
11 0 0 0 0 0
12 0 0 0 0 0
13 0 0 0 0 0
14 0 0 0 0 0
15 0 0 0 0 0
16 0 0 0 0 0
17 0 0 0 0 0
18 0 0 0 0 0
19 0 0 0 0 0

OSS: Sending message to worker 1 PID 33377 at time 68:0
OSS: Receiving message from worker 1 PID 33377 at time 68:0
OSS PID:33375 SysClockS:68 SysClockNano:0
Process Table:
Entry Occupied PID StartS StartN MessagesSent
0 1 33376 1 0 268
1 1 33377 2 0 265
2 0 0 0 0 0
3 0 0 0 0 0
4 0 0 0 0 0
5 0 0 0 0 0
6 0 0 0 0 0
7 0 0 0 0 0
8 0 0 0 0 0
9 0 0 0 0 0
10 0 0 0 0 0
11 0 0 0 0 0
12 0 0 0 0 0
13 0 0 0 0 0
14 0 0 0 0 0
15 0 0 0 0 0
16 0 0 0 0 0
17 0 0 0 0 0
18 0 0 0 0 0
19 0 0 0 0 0

OSS: Sending message to worker 0 PID 33376 at time 68:125000000
OSS: Receiving message from worker 0 PID 33376 at time 68:125000000
OSS PID:33375 SysClockS:68 SysClockNano:125000000
Process Table:
Entry Occupied PID StartS StartN MessagesSent
0 1 33376 1 0 269
1 1 33377 2 0 265
2 0 0 0 0 0
3 0 0 0 0 0
4 0 0 0 0 0
5 0 0 0 0 0
6 0 0 0 0 0
7 0 0 0 0 0
8 0 0 0 0 0
9 0 0 0 0 0
10 0 0 0 0 0
11 0 0 0 0 0
12 0 0 0 0 0
13 0 0 0 0 0
14 0 0 0 0 0
15 0 0 0 0 0
16 0 0 0 0 0
17 0 0 0 0 0
18 0 0 0 0 0
19 0 0 0 0 0

OSS: Sending message to worker 1 PID 33377 at time 68:250000000
OSS: Receiving message from worker 1 PID 33377 at time 68:250000000
OSS PID:33375 SysClockS:68 SysClockNano:250000000
Process Table:
Entry Occupied PID StartS StartN MessagesSent
0 1 33376 1 0 269
1 1 33377 2 0 266
2 0 0 0 0 0
3 0 0 0 0 0
4 0 0 0 0 0
5 0 0 0 0 0
6 0 0 0 0 0
7 0 0 0 0 0
8 0 0 0 0 0
9 0 0 0 0 0
10 0 0 0 0 0
11 0 0 0 0 0
12 0 0 0 0 0
13 0 0 0 0 0
14 0 0 0 0 0
15 0 0 0 0 0
16 0 0 0 0 0
17 0 0 0 0 0
18 0 0 0 0 0
19 0 0 0 0 0

OSS: Sending message to worker 0 PID 33376 at time 68:375000000
OSS: Receiving message from worker 0 PID 33376 at time 68:375000000
OSS PID:33375 SysClockS:68 SysClockNano:375000000
Process Table:
Entry Occupied PID StartS StartN MessagesSent
0 1 33376 1 0 270
1 1 33377 2 0 266
2 0 0 0 0 0
3 0 0 0 0 0
4 0 0 0 0 0
5 0 0 0 0 0
6 0 0 0 0 0
7 0 0 0 0 0
8 0 0 0 0 0
9 0 0 0 0 0
10 0 0 0 0 0
11 0 0 0 0 0
12 0 0 0 0 0
13 0 0 0 0 0
14 0 0 0 0 0
15 0 0 0 0 0
16 0 0 0 0 0
17 0 0 0 0 0
18 0 0 0 0 0
19 0 0 0 0 0

OSS: Sending message to worker 1 PID 33377 at time 68:500000000
OSS: Receiving message from worker 1 PID 33377 at time 68:500000000
OSS PID:33375 SysClockS:68 SysClockNano:500000000
Process Table:
Entry Occupied PID StartS StartN MessagesSent
0 1 33376 1 0 270
1 1 33377 2 0 267
2 0 0 0 0 0
3 0 0 0 0 0
4 0 0 0 0 0
5 0 0 0 0 0
6 0 0 0 0 0
7 0 0 0 0 0
8 0 0 0 0 0
9 0 0 0 0 0
10 0 0 0 0 0
11 0 0 0 0 0
12 0 0 0 0 0
13 0 0 0 0 0
14 0 0 0 0 0
15 0 0 0 0 0
16 0 0 0 0 0
17 0 0 0 0 0
18 0 0 0 0 0
19 0 0 0 0 0

OSS: Sending message to worker 0 PID 33376 at time 68:625000000
OSS: Receiving message from worker 0 PID 33376 at time 68:625000000
OSS PID:33375 SysClockS:68 SysClockNano:625000000
Process Table:
Entry Occupied PID StartS StartN MessagesSent
0 1 33376 1 0 271
1 1 33377 2 0 267
2 0 0 0 0 0
3 0 0 0 0 0
4 0 0 0 0 0
5 0 0 0 0 0
6 0 0 0 0 0
7 0 0 0 0 0
8 0 0 0 0 0
9 0 0 0 0 0
10 0 0 0 0 0
11 0 0 0 0 0
12 0 0 0 0 0
13 0 0 0 0 0
14 0 0 0 0 0
15 0 0 0 0 0
16 0 0 0 0 0
17 0 0 0 0 0
18 0 0 0 0 0
19 0 0 0 0 0

OSS: Sending message to worker 1 PID 33377 at time 68:750000000
OSS: Receiving message from worker 1 PID 33377 at time 68:750000000
OSS PID:33375 SysClockS:68 SysClockNano:750000000
Process Table:
Entry Occupied PID StartS StartN MessagesSent
0 1 33376 1 0 271
1 1 33377 2 0 268
2 0 0 0 0 0
3 0 0 0 0 0
4 0 0 0 0 0
5 0 0 0 0 0
6 0 0 0 0 0
7 0 0 0 0 0
8 0 0 0 0 0
9 0 0 0 0 0
10 0 0 0 0 0
11 0 0 0 0 0
12 0 0 0 0 0
13 0 0 0 0 0
14 0 0 0 0 0
15 0 0 0 0 0
16 0 0 0 0 0
17 0 0 0 0 0
18 0 0 0 0 0
19 0 0 0 0 0

OSS: Sending message to worker 0 PID 33376 at time 68:875000000
OSS: Receiving message from worker 0 PID 33376 at time 68:875000000
OSS PID:33375 SysClockS:68 SysClockNano:875000000
Process Table:
Entry Occupied PID StartS StartN MessagesSent
0 1 33376 1 0 272
1 1 33377 2 0 268
2 0 0 0 0 0
3 0 0 0 0 0
4 0 0 0 0 0
5 0 0 0 0 0
6 0 0 0 0 0
7 0 0 0 0 0
8 0 0 0 0 0
9 0 0 0 0 0
10 0 0 0 0 0
11 0 0 0 0 0
12 0 0 0 0 0
13 0 0 0 0 0
14 0 0 0 0 0
15 0 0 0 0 0
16 0 0 0 0 0
17 0 0 0 0 0
18 0 0 0 0 0
19 0 0 0 0 0

OSS: Sending message to worker 1 PID 33377 at time 69:0
OSS: Receiving message from worker 1 PID 33377 at time 69:0
OSS PID:33375 SysClockS:69 SysClockNano:0
Process Table:
Entry Occupied PID StartS StartN MessagesSent
0 1 33376 1 0 272
1 1 33377 2 0 269
2 0 0 0 0 0
3 0 0 0 0 0
4 0 0 0 0 0
5 0 0 0 0 0
6 0 0 0 0 0
7 0 0 0 0 0
8 0 0 0 0 0
9 0 0 0 0 0
10 0 0 0 0 0
11 0 0 0 0 0
12 0 0 0 0 0
13 0 0 0 0 0
14 0 0 0 0 0
15 0 0 0 0 0
16 0 0 0 0 0
17 0 0 0 0 0
18 0 0 0 0 0
19 0 0 0 0 0

OSS: Sending message to worker 0 PID 33376 at time 69:125000000
OSS: Receiving message from worker 0 PID 33376 at time 69:125000000
OSS PID:33375 SysClockS:69 SysClockNano:125000000
Process Table:
Entry Occupied PID StartS StartN MessagesSent
0 1 33376 1 0 273
1 1 33377 2 0 269
2 0 0 0 0 0
3 0 0 0 0 0
4 0 0 0 0 0
5 0 0 0 0 0
6 0 0 0 0 0
7 0 0 0 0 0
8 0 0 0 0 0
9 0 0 0 0 0
10 0 0 0 0 0
11 0 0 0 0 0
12 0 0 0 0 0
13 0 0 0 0 0
14 0 0 0 0 0
15 0 0 0 0 0
16 0 0 0 0 0
17 0 0 0 0 0
18 0 0 0 0 0
19 0 0 0 0 0

OSS: Sending message to worker 1 PID 33377 at time 69:250000000
OSS: Receiving message from worker 1 PID 33377 at time 69:250000000
OSS PID:33375 SysClockS:69 SysClockNano:250000000
Process Table:
Entry Occupied PID StartS StartN MessagesSent
0 1 33376 1 0 273
1 1 33377 2 0 270
2 0 0 0 0 0
3 0 0 0 0 0
4 0 0 0 0 0
5 0 0 0 0 0
6 0 0 0 0 0
7 0 0 0 0 0
8 0 0 0 0 0
9 0 0 0 0 0
10 0 0 0 0 0
11 0 0 0 0 0
12 0 0 0 0 0
13 0 0 0 0 0
14 0 0 0 0 0
15 0 0 0 0 0
16 0 0 0 0 0
17 0 0 0 0 0
18 0 0 0 0 0
19 0 0 0 0 0

OSS: Sending message to worker 0 PID 33376 at time 69:375000000
OSS: Receiving message from worker 0 PID 33376 at time 69:375000000
OSS PID:33375 SysClockS:69 SysClockNano:375000000
Process Table:
Entry Occupied PID StartS StartN MessagesSent
0 1 33376 1 0 274
1 1 33377 2 0 270
2 0 0 0 0 0
3 0 0 0 0 0
4 0 0 0 0 0
5 0 0 0 0 0
6 0 0 0 0 0
7 0 0 0 0 0
8 0 0 0 0 0
9 0 0 0 0 0
10 0 0 0 0 0
11 0 0 0 0 0
12 0 0 0 0 0
13 0 0 0 0 0
14 0 0 0 0 0
15 0 0 0 0 0
16 0 0 0 0 0
17 0 0 0 0 0
18 0 0 0 0 0
19 0 0 0 0 0

OSS: Sending message to worker 1 PID 33377 at time 69:500000000
OSS: Receiving message from worker 1 PID 33377 at time 69:500000000
OSS PID:33375 SysClockS:69 SysClockNano:500000000
Process Table:
Entry Occupied PID StartS StartN MessagesSent
0 1 33376 1 0 274
1 1 33377 2 0 271
2 0 0 0 0 0
3 0 0 0 0 0
4 0 0 0 0 0
5 0 0 0 0 0
6 0 0 0 0 0
7 0 0 0 0 0
8 0 0 0 0 0
9 0 0 0 0 0
10 0 0 0 0 0
11 0 0 0 0 0
12 0 0 0 0 0
13 0 0 0 0 0
14 0 0 0 0 0
15 0 0 0 0 0
16 0 0 0 0 0
17 0 0 0 0 0
18 0 0 0 0 0
19 0 0 0 0 0

OSS: Sending message to worker 0 PID 33376 at time 69:625000000
OSS: Receiving message from worker 0 PID 33376 at time 69:625000000
OSS PID:33375 SysClockS:69 SysClockNano:625000000
Process Table:
Entry Occupied PID StartS StartN MessagesSent
0 1 33376 1 0 275
1 1 33377 2 0 271
2 0 0 0 0 0
3 0 0 0 0 0
4 0 0 0 0 0
5 0 0 0 0 0
6 0 0 0 0 0
7 0 0 0 0 0
8 0 0 0 0 0
9 0 0 0 0 0
10 0 0 0 0 0
11 0 0 0 0 0
12 0 0 0 0 0
13 0 0 0 0 0
14 0 0 0 0 0
15 0 0 0 0 0
16 0 0 0 0 0
17 0 0 0 0 0
18 0 0 0 0 0
19 0 0 0 0 0

OSS: Sending message to worker 1 PID 33377 at time 69:750000000
OSS: Receiving message from worker 1 PID 33377 at time 69:750000000
OSS PID:33375 SysClockS:69 SysClockNano:750000000
Process Table:
Entry Occupied PID StartS StartN MessagesSent
0 1 33376 1 0 275
1 1 33377 2 0 272
2 0 0 0 0 0
3 0 0 0 0 0
4 0 0 0 0 0
5 0 0 0 0 0
6 0 0 0 0 0
7 0 0 0 0 0
8 0 0 0 0 0
9 0 0 0 0 0
10 0 0 0 0 0
11 0 0 0 0 0
12 0 0 0 0 0
13 0 0 0 0 0
14 0 0 0 0 0
15 0 0 0 0 0
16 0 0 0 0 0
17 0 0 0 0 0
18 0 0 0 0 0
19 0 0 0 0 0

OSS: Sending message to worker 0 PID 33376 at time 69:875000000
OSS: Receiving message from worker 0 PID 33376 at time 69:875000000
OSS PID:33375 SysClockS:69 SysClockNano:875000000
Process Table:
Entry Occupied PID StartS StartN MessagesSent
0 1 33376 1 0 276
1 1 33377 2 0 272
2 0 0 0 0 0
3 0 0 0 0 0
4 0 0 0 0 0
5 0 0 0 0 0
6 0 0 0 0 0
7 0 0 0 0 0
8 0 0 0 0 0
9 0 0 0 0 0
10 0 0 0 0 0
11 0 0 0 0 0
12 0 0 0 0 0
13 0 0 0 0 0
14 0 0 0 0 0
15 0 0 0 0 0
16 0 0 0 0 0
17 0 0 0 0 0
18 0 0 0 0 0
19 0 0 0 0 0

OSS: Sending message to worker 1 PID 33377 at time 70:0
OSS: Receiving message from worker 1 PID 33377 at time 70:0
OSS PID:33375 SysClockS:70 SysClockNano:0
Process Table:
Entry Occupied PID StartS StartN MessagesSent
0 1 33376 1 0 276
1 1 33377 2 0 273
2 0 0 0 0 0
3 0 0 0 0 0
4 0 0 0 0 0
5 0 0 0 0 0
6 0 0 0 0 0
7 0 0 0 0 0
8 0 0 0 0 0
9 0 0 0 0 0
10 0 0 0 0 0
11 0 0 0 0 0
12 0 0 0 0 0
13 0 0 0 0 0
14 0 0 0 0 0
15 0 0 0 0 0
16 0 0 0 0 0
17 0 0 0 0 0
18 0 0 0 0 0
19 0 0 0 0 0

OSS: Sending message to worker 0 PID 33376 at time 70:125000000
OSS: Receiving message from worker 0 PID 33376 at time 70:125000000
OSS PID:33375 SysClockS:70 SysClockNano:125000000
Process Table:
Entry Occupied PID StartS StartN MessagesSent
0 1 33376 1 0 277
1 1 33377 2 0 273
2 0 0 0 0 0
3 0 0 0 0 0
4 0 0 0 0 0
5 0 0 0 0 0
6 0 0 0 0 0
7 0 0 0 0 0
8 0 0 0 0 0
9 0 0 0 0 0
10 0 0 0 0 0
11 0 0 0 0 0
12 0 0 0 0 0
13 0 0 0 0 0
14 0 0 0 0 0
15 0 0 0 0 0
16 0 0 0 0 0
17 0 0 0 0 0
18 0 0 0 0 0
19 0 0 0 0 0

OSS: Sending message to worker 1 PID 33377 at time 70:250000000
OSS: Receiving message from worker 1 PID 33377 at time 70:250000000
OSS PID:33375 SysClockS:70 SysClockNano:250000000
Process Table:
Entry Occupied PID StartS StartN MessagesSent
0 1 33376 1 0 277
1 1 33377 2 0 274
2 0 0 0 0 0
3 0 0 0 0 0
4 0 0 0 0 0
5 0 0 0 0 0
6 0 0 0 0 0
7 0 0 0 0 0
8 0 0 0 0 0
9 0 0 0 0 0
10 0 0 0 0 0
11 0 0 0 0 0
12 0 0 0 0 0
13 0 0 0 0 0
14 0 0 0 0 0
15 0 0 0 0 0
16 0 0 0 0 0
17 0 0 0 0 0
18 0 0 0 0 0
19 0 0 0 0 0

OSS: Sending message to worker 0 PID 33376 at time 70:375000000
OSS: Receiving message from worker 0 PID 33376 at time 70:375000000
OSS PID:33375 SysClockS:70 SysClockNano:375000000
Process Table:
Entry Occupied PID StartS StartN MessagesSent
0 1 33376 1 0 278
1 1 33377 2 0 274
2 0 0 0 0 0
3 0 0 0 0 0
4 0 0 0 0 0
5 0 0 0 0 0
6 0 0 0 0 0
7 0 0 0 0 0
8 0 0 0 0 0
9 0 0 0 0 0
10 0 0 0 0 0
11 0 0 0 0 0
12 0 0 0 0 0
13 0 0 0 0 0
14 0 0 0 0 0
15 0 0 0 0 0
16 0 0 0 0 0
17 0 0 0 0 0
18 0 0 0 0 0
19 0 0 0 0 0

OSS: Sending message to worker 1 PID 33377 at time 70:500000000
OSS: Receiving message from worker 1 PID 33377 at time 70:500000000
OSS PID:33375 SysClockS:70 SysClockNano:500000000
Process Table:
Entry Occupied PID StartS StartN MessagesSent
0 1 33376 1 0 278
1 1 33377 2 0 275
2 0 0 0 0 0
3 0 0 0 0 0
4 0 0 0 0 0
5 0 0 0 0 0
6 0 0 0 0 0
7 0 0 0 0 0
8 0 0 0 0 0
9 0 0 0 0 0
10 0 0 0 0 0
11 0 0 0 0 0
12 0 0 0 0 0
13 0 0 0 0 0
14 0 0 0 0 0
15 0 0 0 0 0
16 0 0 0 0 0
17 0 0 0 0 0
18 0 0 0 0 0
19 0 0 0 0 0

OSS: Sending message to worker 0 PID 33376 at time 70:625000000
OSS: Receiving message from worker 0 PID 33376 at time 70:625000000
OSS PID:33375 SysClockS:70 SysClockNano:625000000
Process Table:
Entry Occupied PID StartS StartN MessagesSent
0 1 33376 1 0 279
1 1 33377 2 0 275
2 0 0 0 0 0
3 0 0 0 0 0
4 0 0 0 0 0
5 0 0 0 0 0
6 0 0 0 0 0
7 0 0 0 0 0
8 0 0 0 0 0
9 0 0 0 0 0
10 0 0 0 0 0
11 0 0 0 0 0
12 0 0 0 0 0
13 0 0 0 0 0
14 0 0 0 0 0
15 0 0 0 0 0
16 0 0 0 0 0
17 0 0 0 0 0
18 0 0 0 0 0
19 0 0 0 0 0

OSS: Sending message to worker 1 PID 33377 at time 70:750000000
OSS: Receiving message from worker 1 PID 33377 at time 70:750000000
OSS PID:33375 SysClockS:70 SysClockNano:750000000
Process Table:
Entry Occupied PID StartS StartN MessagesSent
0 1 33376 1 0 279
1 1 33377 2 0 276
2 0 0 0 0 0
3 0 0 0 0 0
4 0 0 0 0 0
5 0 0 0 0 0
6 0 0 0 0 0
7 0 0 0 0 0
8 0 0 0 0 0
9 0 0 0 0 0
10 0 0 0 0 0
11 0 0 0 0 0
12 0 0 0 0 0
13 0 0 0 0 0
14 0 0 0 0 0
15 0 0 0 0 0
16 0 0 0 0 0
17 0 0 0 0 0
18 0 0 0 0 0
19 0 0 0 0 0

OSS: Sending message to worker 0 PID 33376 at time 70:875000000
OSS: Receiving message from worker 0 PID 33376 at time 70:875000000
OSS PID:33375 SysClockS:70 SysClockNano:875000000
Process Table:
Entry Occupied PID StartS StartN MessagesSent
0 1 33376 1 0 280
1 1 33377 2 0 276
2 0 0 0 0 0
3 0 0 0 0 0
4 0 0 0 0 0
5 0 0 0 0 0
6 0 0 0 0 0
7 0 0 0 0 0
8 0 0 0 0 0
9 0 0 0 0 0
10 0 0 0 0 0
11 0 0 0 0 0
12 0 0 0 0 0
13 0 0 0 0 0
14 0 0 0 0 0
15 0 0 0 0 0
16 0 0 0 0 0
17 0 0 0 0 0
18 0 0 0 0 0
19 0 0 0 0 0

OSS: Sending message to worker 1 PID 33377 at time 71:0
OSS: Receiving message from worker 1 PID 33377 at time 71:0
OSS PID:33375 SysClockS:71 SysClockNano:0
Process Table:
Entry Occupied PID StartS StartN MessagesSent
0 1 33376 1 0 280
1 1 33377 2 0 277
2 0 0 0 0 0
3 0 0 0 0 0
4 0 0 0 0 0
5 0 0 0 0 0
6 0 0 0 0 0
7 0 0 0 0 0
8 0 0 0 0 0
9 0 0 0 0 0
10 0 0 0 0 0
11 0 0 0 0 0
12 0 0 0 0 0
13 0 0 0 0 0
14 0 0 0 0 0
15 0 0 0 0 0
16 0 0 0 0 0
17 0 0 0 0 0
18 0 0 0 0 0
19 0 0 0 0 0

OSS: Sending message to worker 0 PID 33376 at time 71:125000000
OSS: Receiving message from worker 0 PID 33376 at time 71:125000000
OSS PID:33375 SysClockS:71 SysClockNano:125000000
Process Table:
Entry Occupied PID StartS StartN MessagesSent
0 1 33376 1 0 281
1 1 33377 2 0 277
2 0 0 0 0 0
3 0 0 0 0 0
4 0 0 0 0 0
5 0 0 0 0 0
6 0 0 0 0 0
7 0 0 0 0 0
8 0 0 0 0 0
9 0 0 0 0 0
10 0 0 0 0 0
11 0 0 0 0 0
12 0 0 0 0 0
13 0 0 0 0 0
14 0 0 0 0 0
15 0 0 0 0 0
16 0 0 0 0 0
17 0 0 0 0 0
18 0 0 0 0 0
19 0 0 0 0 0

OSS: Sending message to worker 1 PID 33377 at time 71:250000000
OSS: Receiving message from worker 1 PID 33377 at time 71:250000000
OSS PID:33375 SysClockS:71 SysClockNano:250000000
Process Table:
Entry Occupied PID StartS StartN MessagesSent
0 1 33376 1 0 281
1 1 33377 2 0 278
2 0 0 0 0 0
3 0 0 0 0 0
4 0 0 0 0 0
5 0 0 0 0 0
6 0 0 0 0 0
7 0 0 0 0 0
8 0 0 0 0 0
9 0 0 0 0 0
10 0 0 0 0 0
11 0 0 0 0 0
12 0 0 0 0 0
13 0 0 0 0 0
14 0 0 0 0 0
15 0 0 0 0 0
16 0 0 0 0 0
17 0 0 0 0 0
18 0 0 0 0 0
19 0 0 0 0 0

OSS: Sending message to worker 0 PID 33376 at time 71:375000000
OSS: Receiving message from worker 0 PID 33376 at time 71:375000000
OSS PID:33375 SysClockS:71 SysClockNano:375000000
Process Table:
Entry Occupied PID StartS StartN MessagesSent
0 1 33376 1 0 282
1 1 33377 2 0 278
2 0 0 0 0 0
3 0 0 0 0 0
4 0 0 0 0 0
5 0 0 0 0 0
6 0 0 0 0 0
7 0 0 0 0 0
8 0 0 0 0 0
9 0 0 0 0 0
10 0 0 0 0 0
11 0 0 0 0 0
12 0 0 0 0 0
13 0 0 0 0 0
14 0 0 0 0 0
15 0 0 0 0 0
16 0 0 0 0 0
17 0 0 0 0 0
18 0 0 0 0 0
19 0 0 0 0 0

OSS: Sending message to worker 1 PID 33377 at time 71:500000000
OSS: Receiving message from worker 1 PID 33377 at time 71:500000000
OSS PID:33375 SysClockS:71 SysClockNano:500000000
Process Table:
Entry Occupied PID StartS StartN MessagesSent
0 1 33376 1 0 282
1 1 33377 2 0 279
2 0 0 0 0 0
3 0 0 0 0 0
4 0 0 0 0 0
5 0 0 0 0 0
6 0 0 0 0 0
7 0 0 0 0 0
8 0 0 0 0 0
9 0 0 0 0 0
10 0 0 0 0 0
11 0 0 0 0 0
12 0 0 0 0 0
13 0 0 0 0 0
14 0 0 0 0 0
15 0 0 0 0 0
16 0 0 0 0 0
17 0 0 0 0 0
18 0 0 0 0 0
19 0 0 0 0 0

OSS: Sending message to worker 0 PID 33376 at time 71:625000000
OSS: Receiving message from worker 0 PID 33376 at time 71:625000000
OSS PID:33375 SysClockS:71 SysClockNano:625000000
Process Table:
Entry Occupied PID StartS StartN MessagesSent
0 1 33376 1 0 283
1 1 33377 2 0 279
2 0 0 0 0 0
3 0 0 0 0 0
4 0 0 0 0 0
5 0 0 0 0 0
6 0 0 0 0 0
7 0 0 0 0 0
8 0 0 0 0 0
9 0 0 0 0 0
10 0 0 0 0 0
11 0 0 0 0 0
12 0 0 0 0 0
13 0 0 0 0 0
14 0 0 0 0 0
15 0 0 0 0 0
16 0 0 0 0 0
17 0 0 0 0 0
18 0 0 0 0 0
19 0 0 0 0 0

OSS: Sending message to worker 1 PID 33377 at time 71:750000000
OSS: Receiving message from worker 1 PID 33377 at time 71:750000000
OSS PID:33375 SysClockS:71 SysClockNano:750000000
Process Table:
Entry Occupied PID StartS StartN MessagesSent
0 1 33376 1 0 283
1 1 33377 2 0 280
2 0 0 0 0 0
3 0 0 0 0 0
4 0 0 0 0 0
5 0 0 0 0 0
6 0 0 0 0 0
7 0 0 0 0 0
8 0 0 0 0 0
9 0 0 0 0 0
10 0 0 0 0 0
11 0 0 0 0 0
12 0 0 0 0 0
13 0 0 0 0 0
14 0 0 0 0 0
15 0 0 0 0 0
16 0 0 0 0 0
17 0 0 0 0 0
18 0 0 0 0 0
19 0 0 0 0 0

OSS: Sending message to worker 0 PID 33376 at time 71:875000000
OSS: Receiving message from worker 0 PID 33376 at time 71:875000000
OSS PID:33375 SysClockS:71 SysClockNano:875000000
Process Table:
Entry Occupied PID StartS StartN MessagesSent
0 1 33376 1 0 284
1 1 33377 2 0 280
2 0 0 0 0 0
3 0 0 0 0 0
4 0 0 0 0 0
5 0 0 0 0 0
6 0 0 0 0 0
7 0 0 0 0 0
8 0 0 0 0 0
9 0 0 0 0 0
10 0 0 0 0 0
11 0 0 0 0 0
12 0 0 0 0 0
13 0 0 0 0 0
14 0 0 0 0 0
15 0 0 0 0 0
16 0 0 0 0 0
17 0 0 0 0 0
18 0 0 0 0 0
19 0 0 0 0 0

OSS: Sending message to worker 1 PID 33377 at time 72:0
OSS: Receiving message from worker 1 PID 33377 at time 72:0
OSS PID:33375 SysClockS:72 SysClockNano:0
Process Table:
Entry Occupied PID StartS StartN MessagesSent
0 1 33376 1 0 284
1 1 33377 2 0 281
2 0 0 0 0 0
3 0 0 0 0 0
4 0 0 0 0 0
5 0 0 0 0 0
6 0 0 0 0 0
7 0 0 0 0 0
8 0 0 0 0 0
9 0 0 0 0 0
10 0 0 0 0 0
11 0 0 0 0 0
12 0 0 0 0 0
13 0 0 0 0 0
14 0 0 0 0 0
15 0 0 0 0 0
16 0 0 0 0 0
17 0 0 0 0 0
18 0 0 0 0 0
19 0 0 0 0 0

OSS: Sending message to worker 0 PID 33376 at time 72:125000000
OSS: Receiving message from worker 0 PID 33376 at time 72:125000000
OSS PID:33375 SysClockS:72 SysClockNano:125000000
Process Table:
Entry Occupied PID StartS StartN MessagesSent
0 1 33376 1 0 285
1 1 33377 2 0 281
2 0 0 0 0 0
3 0 0 0 0 0
4 0 0 0 0 0
5 0 0 0 0 0
6 0 0 0 0 0
7 0 0 0 0 0
8 0 0 0 0 0
9 0 0 0 0 0
10 0 0 0 0 0
11 0 0 0 0 0
12 0 0 0 0 0
13 0 0 0 0 0
14 0 0 0 0 0
15 0 0 0 0 0
16 0 0 0 0 0
17 0 0 0 0 0
18 0 0 0 0 0
19 0 0 0 0 0

OSS: Sending message to worker 1 PID 33377 at time 72:250000000
OSS: Receiving message from worker 1 PID 33377 at time 72:250000000
OSS PID:33375 SysClockS:72 SysClockNano:250000000
Process Table:
Entry Occupied PID StartS StartN MessagesSent
0 1 33376 1 0 285
1 1 33377 2 0 282
2 0 0 0 0 0
3 0 0 0 0 0
4 0 0 0 0 0
5 0 0 0 0 0
6 0 0 0 0 0
7 0 0 0 0 0
8 0 0 0 0 0
9 0 0 0 0 0
10 0 0 0 0 0
11 0 0 0 0 0
12 0 0 0 0 0
13 0 0 0 0 0
14 0 0 0 0 0
15 0 0 0 0 0
16 0 0 0 0 0
17 0 0 0 0 0
18 0 0 0 0 0
19 0 0 0 0 0

OSS: Sending message to worker 0 PID 33376 at time 72:375000000
OSS: Receiving message from worker 0 PID 33376 at time 72:375000000
OSS PID:33375 SysClockS:72 SysClockNano:375000000
Process Table:
Entry Occupied PID StartS StartN MessagesSent
0 1 33376 1 0 286
1 1 33377 2 0 282
2 0 0 0 0 0
3 0 0 0 0 0
4 0 0 0 0 0
5 0 0 0 0 0
6 0 0 0 0 0
7 0 0 0 0 0
8 0 0 0 0 0
9 0 0 0 0 0
10 0 0 0 0 0
11 0 0 0 0 0
12 0 0 0 0 0
13 0 0 0 0 0
14 0 0 0 0 0
15 0 0 0 0 0
16 0 0 0 0 0
17 0 0 0 0 0
18 0 0 0 0 0
19 0 0 0 0 0

OSS: Sending message to worker 1 PID 33377 at time 72:500000000
OSS: Receiving message from worker 1 PID 33377 at time 72:500000000
OSS PID:33375 SysClockS:72 SysClockNano:500000000
Process Table:
Entry Occupied PID StartS StartN MessagesSent
0 1 33376 1 0 286
1 1 33377 2 0 283
2 0 0 0 0 0
3 0 0 0 0 0
4 0 0 0 0 0
5 0 0 0 0 0
6 0 0 0 0 0
7 0 0 0 0 0
8 0 0 0 0 0
9 0 0 0 0 0
10 0 0 0 0 0
11 0 0 0 0 0
12 0 0 0 0 0
13 0 0 0 0 0
14 0 0 0 0 0
15 0 0 0 0 0
16 0 0 0 0 0
17 0 0 0 0 0
18 0 0 0 0 0
19 0 0 0 0 0

OSS: Sending message to worker 0 PID 33376 at time 72:625000000
OSS: Receiving message from worker 0 PID 33376 at time 72:625000000
OSS PID:33375 SysClockS:72 SysClockNano:625000000
Process Table:
Entry Occupied PID StartS StartN MessagesSent
0 1 33376 1 0 287
1 1 33377 2 0 283
2 0 0 0 0 0
3 0 0 0 0 0
4 0 0 0 0 0
5 0 0 0 0 0
6 0 0 0 0 0
7 0 0 0 0 0
8 0 0 0 0 0
9 0 0 0 0 0
10 0 0 0 0 0
11 0 0 0 0 0
12 0 0 0 0 0
13 0 0 0 0 0
14 0 0 0 0 0
15 0 0 0 0 0
16 0 0 0 0 0
17 0 0 0 0 0
18 0 0 0 0 0
19 0 0 0 0 0

OSS: Sending message to worker 1 PID 33377 at time 72:750000000
OSS: Receiving message from worker 1 PID 33377 at time 72:750000000
OSS PID:33375 SysClockS:72 SysClockNano:750000000
Process Table:
Entry Occupied PID StartS StartN MessagesSent
0 1 33376 1 0 287
1 1 33377 2 0 284
2 0 0 0 0 0
3 0 0 0 0 0
4 0 0 0 0 0
5 0 0 0 0 0
6 0 0 0 0 0
7 0 0 0 0 0
8 0 0 0 0 0
9 0 0 0 0 0
10 0 0 0 0 0
11 0 0 0 0 0
12 0 0 0 0 0
13 0 0 0 0 0
14 0 0 0 0 0
15 0 0 0 0 0
16 0 0 0 0 0
17 0 0 0 0 0
18 0 0 0 0 0
19 0 0 0 0 0

OSS: Sending message to worker 0 PID 33376 at time 72:875000000
OSS: Receiving message from worker 0 PID 33376 at time 72:875000000
OSS PID:33375 SysClockS:72 SysClockNano:875000000
Process Table:
Entry Occupied PID StartS StartN MessagesSent
0 1 33376 1 0 288
1 1 33377 2 0 284
2 0 0 0 0 0
3 0 0 0 0 0
4 0 0 0 0 0
5 0 0 0 0 0
6 0 0 0 0 0
7 0 0 0 0 0
8 0 0 0 0 0
9 0 0 0 0 0
10 0 0 0 0 0
11 0 0 0 0 0
12 0 0 0 0 0
13 0 0 0 0 0
14 0 0 0 0 0
15 0 0 0 0 0
16 0 0 0 0 0
17 0 0 0 0 0
18 0 0 0 0 0
19 0 0 0 0 0

OSS: Sending message to worker 1 PID 33377 at time 73:0
OSS: Receiving message from worker 1 PID 33377 at time 73:0
OSS PID:33375 SysClockS:73 SysClockNano:0
Process Table:
Entry Occupied PID StartS StartN MessagesSent
0 1 33376 1 0 288
1 1 33377 2 0 285
2 0 0 0 0 0
3 0 0 0 0 0
4 0 0 0 0 0
5 0 0 0 0 0
6 0 0 0 0 0
7 0 0 0 0 0
8 0 0 0 0 0
9 0 0 0 0 0
10 0 0 0 0 0
11 0 0 0 0 0
12 0 0 0 0 0
13 0 0 0 0 0
14 0 0 0 0 0
15 0 0 0 0 0
16 0 0 0 0 0
17 0 0 0 0 0
18 0 0 0 0 0
19 0 0 0 0 0

OSS: Sending message to worker 0 PID 33376 at time 73:125000000
OSS: Receiving message from worker 0 PID 33376 at time 73:125000000
OSS PID:33375 SysClockS:73 SysClockNano:125000000
Process Table:
Entry Occupied PID StartS StartN MessagesSent
0 1 33376 1 0 289
1 1 33377 2 0 285
2 0 0 0 0 0
3 0 0 0 0 0
4 0 0 0 0 0
5 0 0 0 0 0
6 0 0 0 0 0
7 0 0 0 0 0
8 0 0 0 0 0
9 0 0 0 0 0
10 0 0 0 0 0
11 0 0 0 0 0
12 0 0 0 0 0
13 0 0 0 0 0
14 0 0 0 0 0
15 0 0 0 0 0
16 0 0 0 0 0
17 0 0 0 0 0
18 0 0 0 0 0
19 0 0 0 0 0

OSS: Sending message to worker 1 PID 33377 at time 73:250000000
OSS: Receiving message from worker 1 PID 33377 at time 73:250000000
OSS PID:33375 SysClockS:73 SysClockNano:250000000
Process Table:
Entry Occupied PID StartS StartN MessagesSent
0 1 33376 1 0 289
1 1 33377 2 0 286
2 0 0 0 0 0
3 0 0 0 0 0
4 0 0 0 0 0
5 0 0 0 0 0
6 0 0 0 0 0
7 0 0 0 0 0
8 0 0 0 0 0
9 0 0 0 0 0
10 0 0 0 0 0
11 0 0 0 0 0
12 0 0 0 0 0
13 0 0 0 0 0
14 0 0 0 0 0
15 0 0 0 0 0
16 0 0 0 0 0
17 0 0 0 0 0
18 0 0 0 0 0
19 0 0 0 0 0

OSS: Sending message to worker 0 PID 33376 at time 73:375000000
OSS: Receiving message from worker 0 PID 33376 at time 73:375000000
OSS PID:33375 SysClockS:73 SysClockNano:375000000
Process Table:
Entry Occupied PID StartS StartN MessagesSent
0 1 33376 1 0 290
1 1 33377 2 0 286
2 0 0 0 0 0
3 0 0 0 0 0
4 0 0 0 0 0
5 0 0 0 0 0
6 0 0 0 0 0
7 0 0 0 0 0
8 0 0 0 0 0
9 0 0 0 0 0
10 0 0 0 0 0
11 0 0 0 0 0
12 0 0 0 0 0
13 0 0 0 0 0
14 0 0 0 0 0
15 0 0 0 0 0
16 0 0 0 0 0
17 0 0 0 0 0
18 0 0 0 0 0
19 0 0 0 0 0

OSS: Sending message to worker 1 PID 33377 at time 73:500000000
OSS: Receiving message from worker 1 PID 33377 at time 73:500000000
OSS PID:33375 SysClockS:73 SysClockNano:500000000
Process Table:
Entry Occupied PID StartS StartN MessagesSent
0 1 33376 1 0 290
1 1 33377 2 0 287
2 0 0 0 0 0
3 0 0 0 0 0
4 0 0 0 0 0
5 0 0 0 0 0
6 0 0 0 0 0
7 0 0 0 0 0
8 0 0 0 0 0
9 0 0 0 0 0
10 0 0 0 0 0
11 0 0 0 0 0
12 0 0 0 0 0
13 0 0 0 0 0
14 0 0 0 0 0
15 0 0 0 0 0
16 0 0 0 0 0
17 0 0 0 0 0
18 0 0 0 0 0
19 0 0 0 0 0

OSS: Sending message to worker 0 PID 33376 at time 73:625000000
OSS: Receiving message from worker 0 PID 33376 at time 73:625000000
OSS PID:33375 SysClockS:73 SysClockNano:625000000
Process Table:
Entry Occupied PID StartS StartN MessagesSent
0 1 33376 1 0 291
1 1 33377 2 0 287
2 0 0 0 0 0
3 0 0 0 0 0
4 0 0 0 0 0
5 0 0 0 0 0
6 0 0 0 0 0
7 0 0 0 0 0
8 0 0 0 0 0
9 0 0 0 0 0
10 0 0 0 0 0
11 0 0 0 0 0
12 0 0 0 0 0
13 0 0 0 0 0
14 0 0 0 0 0
15 0 0 0 0 0
16 0 0 0 0 0
17 0 0 0 0 0
18 0 0 0 0 0
19 0 0 0 0 0

OSS: Sending message to worker 1 PID 33377 at time 73:750000000
OSS: Receiving message from worker 1 PID 33377 at time 73:750000000
OSS PID:33375 SysClockS:73 SysClockNano:750000000
Process Table:
Entry Occupied PID StartS StartN MessagesSent
0 1 33376 1 0 291
1 1 33377 2 0 288
2 0 0 0 0 0
3 0 0 0 0 0
4 0 0 0 0 0
5 0 0 0 0 0
6 0 0 0 0 0
7 0 0 0 0 0
8 0 0 0 0 0
9 0 0 0 0 0
10 0 0 0 0 0
11 0 0 0 0 0
12 0 0 0 0 0
13 0 0 0 0 0
14 0 0 0 0 0
15 0 0 0 0 0
16 0 0 0 0 0
17 0 0 0 0 0
18 0 0 0 0 0
19 0 0 0 0 0

OSS: Sending message to worker 0 PID 33376 at time 73:875000000
OSS: Receiving message from worker 0 PID 33376 at time 73:875000000
OSS PID:33375 SysClockS:73 SysClockNano:875000000
Process Table:
Entry Occupied PID StartS StartN MessagesSent
0 1 33376 1 0 292
1 1 33377 2 0 288
2 0 0 0 0 0
3 0 0 0 0 0
4 0 0 0 0 0
5 0 0 0 0 0
6 0 0 0 0 0
7 0 0 0 0 0
8 0 0 0 0 0
9 0 0 0 0 0
10 0 0 0 0 0
11 0 0 0 0 0
12 0 0 0 0 0
13 0 0 0 0 0
14 0 0 0 0 0
15 0 0 0 0 0
16 0 0 0 0 0
17 0 0 0 0 0
18 0 0 0 0 0
19 0 0 0 0 0

OSS: Sending message to worker 1 PID 33377 at time 74:0
OSS: Receiving message from worker 1 PID 33377 at time 74:0
OSS PID:33375 SysClockS:74 SysClockNano:0
Process Table:
Entry Occupied PID StartS StartN MessagesSent
0 1 33376 1 0 292
1 1 33377 2 0 289
2 0 0 0 0 0
3 0 0 0 0 0
4 0 0 0 0 0
5 0 0 0 0 0
6 0 0 0 0 0
7 0 0 0 0 0
8 0 0 0 0 0
9 0 0 0 0 0
10 0 0 0 0 0
11 0 0 0 0 0
12 0 0 0 0 0
13 0 0 0 0 0
14 0 0 0 0 0
15 0 0 0 0 0
16 0 0 0 0 0
17 0 0 0 0 0
18 0 0 0 0 0
19 0 0 0 0 0

OSS: Sending message to worker 0 PID 33376 at time 74:125000000
OSS: Receiving message from worker 0 PID 33376 at time 74:125000000
OSS PID:33375 SysClockS:74 SysClockNano:125000000
Process Table:
Entry Occupied PID StartS StartN MessagesSent
0 1 33376 1 0 293
1 1 33377 2 0 289
2 0 0 0 0 0
3 0 0 0 0 0
4 0 0 0 0 0
5 0 0 0 0 0
6 0 0 0 0 0
7 0 0 0 0 0
8 0 0 0 0 0
9 0 0 0 0 0
10 0 0 0 0 0
11 0 0 0 0 0
12 0 0 0 0 0
13 0 0 0 0 0
14 0 0 0 0 0
15 0 0 0 0 0
16 0 0 0 0 0
17 0 0 0 0 0
18 0 0 0 0 0
19 0 0 0 0 0

OSS: Sending message to worker 1 PID 33377 at time 74:250000000
OSS: Receiving message from worker 1 PID 33377 at time 74:250000000
OSS PID:33375 SysClockS:74 SysClockNano:250000000
Process Table:
Entry Occupied PID StartS StartN MessagesSent
0 1 33376 1 0 293
1 1 33377 2 0 290
2 0 0 0 0 0
3 0 0 0 0 0
4 0 0 0 0 0
5 0 0 0 0 0
6 0 0 0 0 0
7 0 0 0 0 0
8 0 0 0 0 0
9 0 0 0 0 0
10 0 0 0 0 0
11 0 0 0 0 0
12 0 0 0 0 0
13 0 0 0 0 0
14 0 0 0 0 0
15 0 0 0 0 0
16 0 0 0 0 0
17 0 0 0 0 0
18 0 0 0 0 0
19 0 0 0 0 0

OSS: Sending message to worker 0 PID 33376 at time 74:375000000
OSS: Receiving message from worker 0 PID 33376 at time 74:375000000
OSS PID:33375 SysClockS:74 SysClockNano:375000000
Process Table:
Entry Occupied PID StartS StartN MessagesSent
0 1 33376 1 0 294
1 1 33377 2 0 290
2 0 0 0 0 0
3 0 0 0 0 0
4 0 0 0 0 0
5 0 0 0 0 0
6 0 0 0 0 0
7 0 0 0 0 0
8 0 0 0 0 0
9 0 0 0 0 0
10 0 0 0 0 0
11 0 0 0 0 0
12 0 0 0 0 0
13 0 0 0 0 0
14 0 0 0 0 0
15 0 0 0 0 0
16 0 0 0 0 0
17 0 0 0 0 0
18 0 0 0 0 0
19 0 0 0 0 0

OSS: Sending message to worker 1 PID 33377 at time 74:500000000
OSS: Receiving message from worker 1 PID 33377 at time 74:500000000
OSS PID:33375 SysClockS:74 SysClockNano:500000000
Process Table:
Entry Occupied PID StartS StartN MessagesSent
0 1 33376 1 0 294
1 1 33377 2 0 291
2 0 0 0 0 0
3 0 0 0 0 0
4 0 0 0 0 0
5 0 0 0 0 0
6 0 0 0 0 0
7 0 0 0 0 0
8 0 0 0 0 0
9 0 0 0 0 0
10 0 0 0 0 0
11 0 0 0 0 0
12 0 0 0 0 0
13 0 0 0 0 0
14 0 0 0 0 0
15 0 0 0 0 0
16 0 0 0 0 0
17 0 0 0 0 0
18 0 0 0 0 0
19 0 0 0 0 0

OSS: Sending message to worker 0 PID 33376 at time 74:625000000
OSS: Receiving message from worker 0 PID 33376 at time 74:625000000
OSS PID:33375 SysClockS:74 SysClockNano:625000000
Process Table:
Entry Occupied PID StartS StartN MessagesSent
0 1 33376 1 0 295
1 1 33377 2 0 291
2 0 0 0 0 0
3 0 0 0 0 0
4 0 0 0 0 0
5 0 0 0 0 0
6 0 0 0 0 0
7 0 0 0 0 0
8 0 0 0 0 0
9 0 0 0 0 0
10 0 0 0 0 0
11 0 0 0 0 0
12 0 0 0 0 0
13 0 0 0 0 0
14 0 0 0 0 0
15 0 0 0 0 0
16 0 0 0 0 0
17 0 0 0 0 0
18 0 0 0 0 0
19 0 0 0 0 0

OSS: Sending message to worker 1 PID 33377 at time 74:750000000
OSS: Receiving message from worker 1 PID 33377 at time 74:750000000
OSS PID:33375 SysClockS:74 SysClockNano:750000000
Process Table:
Entry Occupied PID StartS StartN MessagesSent
0 1 33376 1 0 295
1 1 33377 2 0 292
2 0 0 0 0 0
3 0 0 0 0 0
4 0 0 0 0 0
5 0 0 0 0 0
6 0 0 0 0 0
7 0 0 0 0 0
8 0 0 0 0 0
9 0 0 0 0 0
10 0 0 0 0 0
11 0 0 0 0 0
12 0 0 0 0 0
13 0 0 0 0 0
14 0 0 0 0 0
15 0 0 0 0 0
16 0 0 0 0 0
17 0 0 0 0 0
18 0 0 0 0 0
19 0 0 0 0 0

OSS: Sending message to worker 0 PID 33376 at time 74:875000000
OSS: Receiving message from worker 0 PID 33376 at time 74:875000000
OSS PID:33375 SysClockS:74 SysClockNano:875000000
Process Table:
Entry Occupied PID StartS StartN MessagesSent
0 1 33376 1 0 296
1 1 33377 2 0 292
2 0 0 0 0 0
3 0 0 0 0 0
4 0 0 0 0 0
5 0 0 0 0 0
6 0 0 0 0 0
7 0 0 0 0 0
8 0 0 0 0 0
9 0 0 0 0 0
10 0 0 0 0 0
11 0 0 0 0 0
12 0 0 0 0 0
13 0 0 0 0 0
14 0 0 0 0 0
15 0 0 0 0 0
16 0 0 0 0 0
17 0 0 0 0 0
18 0 0 0 0 0
19 0 0 0 0 0

OSS: Sending message to worker 1 PID 33377 at time 75:0
OSS: Receiving message from worker 1 PID 33377 at time 75:0
OSS PID:33375 SysClockS:75 SysClockNano:0
Process Table:
Entry Occupied PID StartS StartN MessagesSent
0 1 33376 1 0 296
1 1 33377 2 0 293
2 0 0 0 0 0
3 0 0 0 0 0
4 0 0 0 0 0
5 0 0 0 0 0
6 0 0 0 0 0
7 0 0 0 0 0
8 0 0 0 0 0
9 0 0 0 0 0
10 0 0 0 0 0
11 0 0 0 0 0
12 0 0 0 0 0
13 0 0 0 0 0
14 0 0 0 0 0
15 0 0 0 0 0
16 0 0 0 0 0
17 0 0 0 0 0
18 0 0 0 0 0
19 0 0 0 0 0

OSS: Sending message to worker 0 PID 33376 at time 75:125000000
OSS: Receiving message from worker 0 PID 33376 at time 75:125000000
OSS PID:33375 SysClockS:75 SysClockNano:125000000
Process Table:
Entry Occupied PID StartS StartN MessagesSent
0 1 33376 1 0 297
1 1 33377 2 0 293
2 0 0 0 0 0
3 0 0 0 0 0
4 0 0 0 0 0
5 0 0 0 0 0
6 0 0 0 0 0
7 0 0 0 0 0
8 0 0 0 0 0
9 0 0 0 0 0
10 0 0 0 0 0
11 0 0 0 0 0
12 0 0 0 0 0
13 0 0 0 0 0
14 0 0 0 0 0
15 0 0 0 0 0
16 0 0 0 0 0
17 0 0 0 0 0
18 0 0 0 0 0
19 0 0 0 0 0

OSS: Sending message to worker 1 PID 33377 at time 75:250000000
OSS: Receiving message from worker 1 PID 33377 at time 75:250000000
OSS PID:33375 SysClockS:75 SysClockNano:250000000
Process Table:
Entry Occupied PID StartS StartN MessagesSent
0 1 33376 1 0 297
1 1 33377 2 0 294
2 0 0 0 0 0
3 0 0 0 0 0
4 0 0 0 0 0
5 0 0 0 0 0
6 0 0 0 0 0
7 0 0 0 0 0
8 0 0 0 0 0
9 0 0 0 0 0
10 0 0 0 0 0
11 0 0 0 0 0
12 0 0 0 0 0
13 0 0 0 0 0
14 0 0 0 0 0
15 0 0 0 0 0
16 0 0 0 0 0
17 0 0 0 0 0
18 0 0 0 0 0
19 0 0 0 0 0

OSS: Sending message to worker 0 PID 33376 at time 75:375000000
OSS: Receiving message from worker 0 PID 33376 at time 75:375000000
OSS PID:33375 SysClockS:75 SysClockNano:375000000
Process Table:
Entry Occupied PID StartS StartN MessagesSent
0 1 33376 1 0 298
1 1 33377 2 0 294
2 0 0 0 0 0
3 0 0 0 0 0
4 0 0 0 0 0
5 0 0 0 0 0
6 0 0 0 0 0
7 0 0 0 0 0
8 0 0 0 0 0
9 0 0 0 0 0
10 0 0 0 0 0
11 0 0 0 0 0
12 0 0 0 0 0
13 0 0 0 0 0
14 0 0 0 0 0
15 0 0 0 0 0
16 0 0 0 0 0
17 0 0 0 0 0
18 0 0 0 0 0
19 0 0 0 0 0

OSS: Sending message to worker 1 PID 33377 at time 75:500000000
OSS: Receiving message from worker 1 PID 33377 at time 75:500000000
OSS PID:33375 SysClockS:75 SysClockNano:500000000
Process Table:
Entry Occupied PID StartS StartN MessagesSent
0 1 33376 1 0 298
1 1 33377 2 0 295
2 0 0 0 0 0
3 0 0 0 0 0
4 0 0 0 0 0
5 0 0 0 0 0
6 0 0 0 0 0
7 0 0 0 0 0
8 0 0 0 0 0
9 0 0 0 0 0
10 0 0 0 0 0
11 0 0 0 0 0
12 0 0 0 0 0
13 0 0 0 0 0
14 0 0 0 0 0
15 0 0 0 0 0
16 0 0 0 0 0
17 0 0 0 0 0
18 0 0 0 0 0
19 0 0 0 0 0

OSS: Sending message to worker 0 PID 33376 at time 75:625000000
OSS: Receiving message from worker 0 PID 33376 at time 75:625000000
OSS PID:33375 SysClockS:75 SysClockNano:625000000
Process Table:
Entry Occupied PID StartS StartN MessagesSent
0 1 33376 1 0 299
1 1 33377 2 0 295
2 0 0 0 0 0
3 0 0 0 0 0
4 0 0 0 0 0
5 0 0 0 0 0
6 0 0 0 0 0
7 0 0 0 0 0
8 0 0 0 0 0
9 0 0 0 0 0
10 0 0 0 0 0
11 0 0 0 0 0
12 0 0 0 0 0
13 0 0 0 0 0
14 0 0 0 0 0
15 0 0 0 0 0
16 0 0 0 0 0
17 0 0 0 0 0
18 0 0 0 0 0
19 0 0 0 0 0

OSS: Sending message to worker 1 PID 33377 at time 75:750000000
OSS: Receiving message from worker 1 PID 33377 at time 75:750000000
OSS PID:33375 SysClockS:75 SysClockNano:750000000
Process Table:
Entry Occupied PID StartS StartN MessagesSent
0 1 33376 1 0 299
1 1 33377 2 0 296
2 0 0 0 0 0
3 0 0 0 0 0
4 0 0 0 0 0
5 0 0 0 0 0
6 0 0 0 0 0
7 0 0 0 0 0
8 0 0 0 0 0
9 0 0 0 0 0
10 0 0 0 0 0
11 0 0 0 0 0
12 0 0 0 0 0
13 0 0 0 0 0
14 0 0 0 0 0
15 0 0 0 0 0
16 0 0 0 0 0
17 0 0 0 0 0
18 0 0 0 0 0
19 0 0 0 0 0

OSS: Sending message to worker 0 PID 33376 at time 75:875000000
OSS: Receiving message from worker 0 PID 33376 at time 75:875000000
OSS PID:33375 SysClockS:75 SysClockNano:875000000
Process Table:
Entry Occupied PID StartS StartN MessagesSent
0 1 33376 1 0 300
1 1 33377 2 0 296
2 0 0 0 0 0
3 0 0 0 0 0
4 0 0 0 0 0
5 0 0 0 0 0
6 0 0 0 0 0
7 0 0 0 0 0
8 0 0 0 0 0
9 0 0 0 0 0
10 0 0 0 0 0
11 0 0 0 0 0
12 0 0 0 0 0
13 0 0 0 0 0
14 0 0 0 0 0
15 0 0 0 0 0
16 0 0 0 0 0
17 0 0 0 0 0
18 0 0 0 0 0
19 0 0 0 0 0

OSS: Sending message to worker 1 PID 33377 at time 76:0
OSS: Receiving message from worker 1 PID 33377 at time 76:0
OSS PID:33375 SysClockS:76 SysClockNano:0
Process Table:
Entry Occupied PID StartS StartN MessagesSent
0 1 33376 1 0 300
1 1 33377 2 0 297
2 0 0 0 0 0
3 0 0 0 0 0
4 0 0 0 0 0
5 0 0 0 0 0
6 0 0 0 0 0
7 0 0 0 0 0
8 0 0 0 0 0
9 0 0 0 0 0
10 0 0 0 0 0
11 0 0 0 0 0
12 0 0 0 0 0
13 0 0 0 0 0
14 0 0 0 0 0
15 0 0 0 0 0
16 0 0 0 0 0
17 0 0 0 0 0
18 0 0 0 0 0
19 0 0 0 0 0

OSS: Sending message to worker 0 PID 33376 at time 76:125000000
OSS: Receiving message from worker 0 PID 33376 at time 76:125000000
OSS PID:33375 SysClockS:76 SysClockNano:125000000
Process Table:
Entry Occupied PID StartS StartN MessagesSent
0 1 33376 1 0 301
1 1 33377 2 0 297
2 0 0 0 0 0
3 0 0 0 0 0
4 0 0 0 0 0
5 0 0 0 0 0
6 0 0 0 0 0
7 0 0 0 0 0
8 0 0 0 0 0
9 0 0 0 0 0
10 0 0 0 0 0
11 0 0 0 0 0
12 0 0 0 0 0
13 0 0 0 0 0
14 0 0 0 0 0
15 0 0 0 0 0
16 0 0 0 0 0
17 0 0 0 0 0
18 0 0 0 0 0
19 0 0 0 0 0

OSS: Sending message to worker 1 PID 33377 at time 76:250000000
OSS: Receiving message from worker 1 PID 33377 at time 76:250000000
OSS PID:33375 SysClockS:76 SysClockNano:250000000
Process Table:
Entry Occupied PID StartS StartN MessagesSent
0 1 33376 1 0 301
1 1 33377 2 0 298
2 0 0 0 0 0
3 0 0 0 0 0
4 0 0 0 0 0
5 0 0 0 0 0
6 0 0 0 0 0
7 0 0 0 0 0
8 0 0 0 0 0
9 0 0 0 0 0
10 0 0 0 0 0
11 0 0 0 0 0
12 0 0 0 0 0
13 0 0 0 0 0
14 0 0 0 0 0
15 0 0 0 0 0
16 0 0 0 0 0
17 0 0 0 0 0
18 0 0 0 0 0
19 0 0 0 0 0

OSS: Sending message to worker 0 PID 33376 at time 76:375000000
OSS: Receiving message from worker 0 PID 33376 at time 76:375000000
OSS PID:33375 SysClockS:76 SysClockNano:375000000
Process Table:
Entry Occupied PID StartS StartN MessagesSent
0 1 33376 1 0 302
1 1 33377 2 0 298
2 0 0 0 0 0
3 0 0 0 0 0
4 0 0 0 0 0
5 0 0 0 0 0
6 0 0 0 0 0
7 0 0 0 0 0
8 0 0 0 0 0
9 0 0 0 0 0
10 0 0 0 0 0
11 0 0 0 0 0
12 0 0 0 0 0
13 0 0 0 0 0
14 0 0 0 0 0
15 0 0 0 0 0
16 0 0 0 0 0
17 0 0 0 0 0
18 0 0 0 0 0
19 0 0 0 0 0

OSS: Sending message to worker 1 PID 33377 at time 76:500000000
OSS: Receiving message from worker 1 PID 33377 at time 76:500000000
OSS PID:33375 SysClockS:76 SysClockNano:500000000
Process Table:
Entry Occupied PID StartS StartN MessagesSent
0 1 33376 1 0 302
1 1 33377 2 0 299
2 0 0 0 0 0
3 0 0 0 0 0
4 0 0 0 0 0
5 0 0 0 0 0
6 0 0 0 0 0
7 0 0 0 0 0
8 0 0 0 0 0
9 0 0 0 0 0
10 0 0 0 0 0
11 0 0 0 0 0
12 0 0 0 0 0
13 0 0 0 0 0
14 0 0 0 0 0
15 0 0 0 0 0
16 0 0 0 0 0
17 0 0 0 0 0
18 0 0 0 0 0
19 0 0 0 0 0

OSS: Sending message to worker 0 PID 33376 at time 76:625000000
OSS: Receiving message from worker 0 PID 33376 at time 76:625000000
OSS PID:33375 SysClockS:76 SysClockNano:625000000
Process Table:
Entry Occupied PID StartS StartN MessagesSent
0 1 33376 1 0 303
1 1 33377 2 0 299
2 0 0 0 0 0
3 0 0 0 0 0
4 0 0 0 0 0
5 0 0 0 0 0
6 0 0 0 0 0
7 0 0 0 0 0
8 0 0 0 0 0
9 0 0 0 0 0
10 0 0 0 0 0
11 0 0 0 0 0
12 0 0 0 0 0
13 0 0 0 0 0
14 0 0 0 0 0
15 0 0 0 0 0
16 0 0 0 0 0
17 0 0 0 0 0
18 0 0 0 0 0
19 0 0 0 0 0

OSS: Sending message to worker 1 PID 33377 at time 76:750000000
OSS: Receiving message from worker 1 PID 33377 at time 76:750000000
OSS PID:33375 SysClockS:76 SysClockNano:750000000
Process Table:
Entry Occupied PID StartS StartN MessagesSent
0 1 33376 1 0 303
1 1 33377 2 0 300
2 0 0 0 0 0
3 0 0 0 0 0
4 0 0 0 0 0
5 0 0 0 0 0
6 0 0 0 0 0
7 0 0 0 0 0
8 0 0 0 0 0
9 0 0 0 0 0
10 0 0 0 0 0
11 0 0 0 0 0
12 0 0 0 0 0
13 0 0 0 0 0
14 0 0 0 0 0
15 0 0 0 0 0
16 0 0 0 0 0
17 0 0 0 0 0
18 0 0 0 0 0
19 0 0 0 0 0

OSS: Sending message to worker 0 PID 33376 at time 76:875000000
OSS: Receiving message from worker 0 PID 33376 at time 76:875000000
OSS PID:33375 SysClockS:76 SysClockNano:875000000
Process Table:
Entry Occupied PID StartS StartN MessagesSent
0 1 33376 1 0 304
1 1 33377 2 0 300
2 0 0 0 0 0
3 0 0 0 0 0
4 0 0 0 0 0
5 0 0 0 0 0
6 0 0 0 0 0
7 0 0 0 0 0
8 0 0 0 0 0
9 0 0 0 0 0
10 0 0 0 0 0
11 0 0 0 0 0
12 0 0 0 0 0
13 0 0 0 0 0
14 0 0 0 0 0
15 0 0 0 0 0
16 0 0 0 0 0
17 0 0 0 0 0
18 0 0 0 0 0
19 0 0 0 0 0

OSS: Sending message to worker 1 PID 33377 at time 77:0
OSS: Receiving message from worker 1 PID 33377 at time 77:0
OSS PID:33375 SysClockS:77 SysClockNano:0
Process Table:
Entry Occupied PID StartS StartN MessagesSent
0 1 33376 1 0 304
1 1 33377 2 0 301
2 0 0 0 0 0
3 0 0 0 0 0
4 0 0 0 0 0
5 0 0 0 0 0
6 0 0 0 0 0
7 0 0 0 0 0
8 0 0 0 0 0
9 0 0 0 0 0
10 0 0 0 0 0
11 0 0 0 0 0
12 0 0 0 0 0
13 0 0 0 0 0
14 0 0 0 0 0
15 0 0 0 0 0
16 0 0 0 0 0
17 0 0 0 0 0
18 0 0 0 0 0
19 0 0 0 0 0

OSS: Sending message to worker 0 PID 33376 at time 77:125000000
OSS: Receiving message from worker 0 PID 33376 at time 77:125000000
OSS PID:33375 SysClockS:77 SysClockNano:125000000
Process Table:
Entry Occupied PID StartS StartN MessagesSent
0 1 33376 1 0 305
1 1 33377 2 0 301
2 0 0 0 0 0
3 0 0 0 0 0
4 0 0 0 0 0
5 0 0 0 0 0
6 0 0 0 0 0
7 0 0 0 0 0
8 0 0 0 0 0
9 0 0 0 0 0
10 0 0 0 0 0
11 0 0 0 0 0
12 0 0 0 0 0
13 0 0 0 0 0
14 0 0 0 0 0
15 0 0 0 0 0
16 0 0 0 0 0
17 0 0 0 0 0
18 0 0 0 0 0
19 0 0 0 0 0

OSS: Sending message to worker 1 PID 33377 at time 77:250000000
OSS: Receiving message from worker 1 PID 33377 at time 77:250000000
OSS PID:33375 SysClockS:77 SysClockNano:250000000
Process Table:
Entry Occupied PID StartS StartN MessagesSent
0 1 33376 1 0 305
1 1 33377 2 0 302
2 0 0 0 0 0
3 0 0 0 0 0
4 0 0 0 0 0
5 0 0 0 0 0
6 0 0 0 0 0
7 0 0 0 0 0
8 0 0 0 0 0
9 0 0 0 0 0
10 0 0 0 0 0
11 0 0 0 0 0
12 0 0 0 0 0
13 0 0 0 0 0
14 0 0 0 0 0
15 0 0 0 0 0
16 0 0 0 0 0
17 0 0 0 0 0
18 0 0 0 0 0
19 0 0 0 0 0

OSS: Sending message to worker 0 PID 33376 at time 77:375000000
OSS: Receiving message from worker 0 PID 33376 at time 77:375000000
OSS PID:33375 SysClockS:77 SysClockNano:375000000
Process Table:
Entry Occupied PID StartS StartN MessagesSent
0 1 33376 1 0 306
1 1 33377 2 0 302
2 0 0 0 0 0
3 0 0 0 0 0
4 0 0 0 0 0
5 0 0 0 0 0
6 0 0 0 0 0
7 0 0 0 0 0
8 0 0 0 0 0
9 0 0 0 0 0
10 0 0 0 0 0
11 0 0 0 0 0
12 0 0 0 0 0
13 0 0 0 0 0
14 0 0 0 0 0
15 0 0 0 0 0
16 0 0 0 0 0
17 0 0 0 0 0
18 0 0 0 0 0
19 0 0 0 0 0

OSS: Sending message to worker 1 PID 33377 at time 77:500000000
OSS: Receiving message from worker 1 PID 33377 at time 77:500000000
OSS PID:33375 SysClockS:77 SysClockNano:500000000
Process Table:
Entry Occupied PID StartS StartN MessagesSent
0 1 33376 1 0 306
1 1 33377 2 0 303
2 0 0 0 0 0
3 0 0 0 0 0
4 0 0 0 0 0
5 0 0 0 0 0
6 0 0 0 0 0
7 0 0 0 0 0
8 0 0 0 0 0
9 0 0 0 0 0
10 0 0 0 0 0
11 0 0 0 0 0
12 0 0 0 0 0
13 0 0 0 0 0
14 0 0 0 0 0
15 0 0 0 0 0
16 0 0 0 0 0
17 0 0 0 0 0
18 0 0 0 0 0
19 0 0 0 0 0

OSS: Sending message to worker 0 PID 33376 at time 77:625000000
OSS: Receiving message from worker 0 PID 33376 at time 77:625000000
OSS PID:33375 SysClockS:77 SysClockNano:625000000
Process Table:
Entry Occupied PID StartS StartN MessagesSent
0 1 33376 1 0 307
1 1 33377 2 0 303
2 0 0 0 0 0
3 0 0 0 0 0
4 0 0 0 0 0
5 0 0 0 0 0
6 0 0 0 0 0
7 0 0 0 0 0
8 0 0 0 0 0
9 0 0 0 0 0
10 0 0 0 0 0
11 0 0 0 0 0
12 0 0 0 0 0
13 0 0 0 0 0
14 0 0 0 0 0
15 0 0 0 0 0
16 0 0 0 0 0
17 0 0 0 0 0
18 0 0 0 0 0
19 0 0 0 0 0

OSS: Sending message to worker 1 PID 33377 at time 77:750000000
OSS: Receiving message from worker 1 PID 33377 at time 77:750000000
OSS PID:33375 SysClockS:77 SysClockNano:750000000
Process Table:
Entry Occupied PID StartS StartN MessagesSent
0 1 33376 1 0 307
1 1 33377 2 0 304
2 0 0 0 0 0
3 0 0 0 0 0
4 0 0 0 0 0
5 0 0 0 0 0
6 0 0 0 0 0
7 0 0 0 0 0
8 0 0 0 0 0
9 0 0 0 0 0
10 0 0 0 0 0
11 0 0 0 0 0
12 0 0 0 0 0
13 0 0 0 0 0
14 0 0 0 0 0
15 0 0 0 0 0
16 0 0 0 0 0
17 0 0 0 0 0
18 0 0 0 0 0
19 0 0 0 0 0

OSS: Sending message to worker 0 PID 33376 at time 77:875000000
OSS: Receiving message from worker 0 PID 33376 at time 77:875000000
OSS PID:33375 SysClockS:77 SysClockNano:875000000
Process Table:
Entry Occupied PID StartS StartN MessagesSent
0 1 33376 1 0 308
1 1 33377 2 0 304
2 0 0 0 0 0
3 0 0 0 0 0
4 0 0 0 0 0
5 0 0 0 0 0
6 0 0 0 0 0
7 0 0 0 0 0
8 0 0 0 0 0
9 0 0 0 0 0
10 0 0 0 0 0
11 0 0 0 0 0
12 0 0 0 0 0
13 0 0 0 0 0
14 0 0 0 0 0
15 0 0 0 0 0
16 0 0 0 0 0
17 0 0 0 0 0
18 0 0 0 0 0
19 0 0 0 0 0

OSS: Sending message to worker 1 PID 33377 at time 78:0
OSS: Receiving message from worker 1 PID 33377 at time 78:0
OSS PID:33375 SysClockS:78 SysClockNano:0
Process Table:
Entry Occupied PID StartS StartN MessagesSent
0 1 33376 1 0 308
1 1 33377 2 0 305
2 0 0 0 0 0
3 0 0 0 0 0
4 0 0 0 0 0
5 0 0 0 0 0
6 0 0 0 0 0
7 0 0 0 0 0
8 0 0 0 0 0
9 0 0 0 0 0
10 0 0 0 0 0
11 0 0 0 0 0
12 0 0 0 0 0
13 0 0 0 0 0
14 0 0 0 0 0
15 0 0 0 0 0
16 0 0 0 0 0
17 0 0 0 0 0
18 0 0 0 0 0
19 0 0 0 0 0

OSS: Sending message to worker 0 PID 33376 at time 78:125000000
OSS: Receiving message from worker 0 PID 33376 at time 78:125000000
OSS PID:33375 SysClockS:78 SysClockNano:125000000
Process Table:
Entry Occupied PID StartS StartN MessagesSent
0 1 33376 1 0 309
1 1 33377 2 0 305
2 0 0 0 0 0
3 0 0 0 0 0
4 0 0 0 0 0
5 0 0 0 0 0
6 0 0 0 0 0
7 0 0 0 0 0
8 0 0 0 0 0
9 0 0 0 0 0
10 0 0 0 0 0
11 0 0 0 0 0
12 0 0 0 0 0
13 0 0 0 0 0
14 0 0 0 0 0
15 0 0 0 0 0
16 0 0 0 0 0
17 0 0 0 0 0
18 0 0 0 0 0
19 0 0 0 0 0

OSS: Sending message to worker 1 PID 33377 at time 78:250000000
OSS: Receiving message from worker 1 PID 33377 at time 78:250000000
OSS PID:33375 SysClockS:78 SysClockNano:250000000
Process Table:
Entry Occupied PID StartS StartN MessagesSent
0 1 33376 1 0 309
1 1 33377 2 0 306
2 0 0 0 0 0
3 0 0 0 0 0
4 0 0 0 0 0
5 0 0 0 0 0
6 0 0 0 0 0
7 0 0 0 0 0
8 0 0 0 0 0
9 0 0 0 0 0
10 0 0 0 0 0
11 0 0 0 0 0
12 0 0 0 0 0
13 0 0 0 0 0
14 0 0 0 0 0
15 0 0 0 0 0
16 0 0 0 0 0
17 0 0 0 0 0
18 0 0 0 0 0
19 0 0 0 0 0

OSS: Sending message to worker 0 PID 33376 at time 78:375000000
OSS: Receiving message from worker 0 PID 33376 at time 78:375000000
OSS PID:33375 SysClockS:78 SysClockNano:375000000
Process Table:
Entry Occupied PID StartS StartN MessagesSent
0 1 33376 1 0 310
1 1 33377 2 0 306
2 0 0 0 0 0
3 0 0 0 0 0
4 0 0 0 0 0
5 0 0 0 0 0
6 0 0 0 0 0
7 0 0 0 0 0
8 0 0 0 0 0
9 0 0 0 0 0
10 0 0 0 0 0
11 0 0 0 0 0
12 0 0 0 0 0
13 0 0 0 0 0
14 0 0 0 0 0
15 0 0 0 0 0
16 0 0 0 0 0
17 0 0 0 0 0
18 0 0 0 0 0
19 0 0 0 0 0

OSS: Sending message to worker 1 PID 33377 at time 78:500000000
OSS: Receiving message from worker 1 PID 33377 at time 78:500000000
OSS PID:33375 SysClockS:78 SysClockNano:500000000
Process Table:
Entry Occupied PID StartS StartN MessagesSent
0 1 33376 1 0 310
1 1 33377 2 0 307
2 0 0 0 0 0
3 0 0 0 0 0
4 0 0 0 0 0
5 0 0 0 0 0
6 0 0 0 0 0
7 0 0 0 0 0
8 0 0 0 0 0
9 0 0 0 0 0
10 0 0 0 0 0
11 0 0 0 0 0
12 0 0 0 0 0
13 0 0 0 0 0
14 0 0 0 0 0
15 0 0 0 0 0
16 0 0 0 0 0
17 0 0 0 0 0
18 0 0 0 0 0
19 0 0 0 0 0

OSS: Sending message to worker 0 PID 33376 at time 78:625000000
OSS: Receiving message from worker 0 PID 33376 at time 78:625000000
OSS PID:33375 SysClockS:78 SysClockNano:625000000
Process Table:
Entry Occupied PID StartS StartN MessagesSent
0 1 33376 1 0 311
1 1 33377 2 0 307
2 0 0 0 0 0
3 0 0 0 0 0
4 0 0 0 0 0
5 0 0 0 0 0
6 0 0 0 0 0
7 0 0 0 0 0
8 0 0 0 0 0
9 0 0 0 0 0
10 0 0 0 0 0
11 0 0 0 0 0
12 0 0 0 0 0
13 0 0 0 0 0
14 0 0 0 0 0
15 0 0 0 0 0
16 0 0 0 0 0
17 0 0 0 0 0
18 0 0 0 0 0
19 0 0 0 0 0

OSS: Sending message to worker 1 PID 33377 at time 78:750000000
OSS: Receiving message from worker 1 PID 33377 at time 78:750000000
OSS PID:33375 SysClockS:78 SysClockNano:750000000
Process Table:
Entry Occupied PID StartS StartN MessagesSent
0 1 33376 1 0 311
1 1 33377 2 0 308
2 0 0 0 0 0
3 0 0 0 0 0
4 0 0 0 0 0
5 0 0 0 0 0
6 0 0 0 0 0
7 0 0 0 0 0
8 0 0 0 0 0
9 0 0 0 0 0
10 0 0 0 0 0
11 0 0 0 0 0
12 0 0 0 0 0
13 0 0 0 0 0
14 0 0 0 0 0
15 0 0 0 0 0
16 0 0 0 0 0
17 0 0 0 0 0
18 0 0 0 0 0
19 0 0 0 0 0

OSS: Sending message to worker 0 PID 33376 at time 78:875000000
OSS: Receiving message from worker 0 PID 33376 at time 78:875000000
OSS PID:33375 SysClockS:78 SysClockNano:875000000
Process Table:
Entry Occupied PID StartS StartN MessagesSent
0 1 33376 1 0 312
1 1 33377 2 0 308
2 0 0 0 0 0
3 0 0 0 0 0
4 0 0 0 0 0
5 0 0 0 0 0
6 0 0 0 0 0
7 0 0 0 0 0
8 0 0 0 0 0
9 0 0 0 0 0
10 0 0 0 0 0
11 0 0 0 0 0
12 0 0 0 0 0
13 0 0 0 0 0
14 0 0 0 0 0
15 0 0 0 0 0
16 0 0 0 0 0
17 0 0 0 0 0
18 0 0 0 0 0
19 0 0 0 0 0

OSS: Sending message to worker 1 PID 33377 at time 79:0
OSS: Receiving message from worker 1 PID 33377 at time 79:0
OSS PID:33375 SysClockS:79 SysClockNano:0
Process Table:
Entry Occupied PID StartS StartN MessagesSent
0 1 33376 1 0 312
1 1 33377 2 0 309
2 0 0 0 0 0
3 0 0 0 0 0
4 0 0 0 0 0
5 0 0 0 0 0
6 0 0 0 0 0
7 0 0 0 0 0
8 0 0 0 0 0
9 0 0 0 0 0
10 0 0 0 0 0
11 0 0 0 0 0
12 0 0 0 0 0
13 0 0 0 0 0
14 0 0 0 0 0
15 0 0 0 0 0
16 0 0 0 0 0
17 0 0 0 0 0
18 0 0 0 0 0
19 0 0 0 0 0

OSS: Sending message to worker 0 PID 33376 at time 79:125000000
OSS: Receiving message from worker 0 PID 33376 at time 79:125000000
OSS PID:33375 SysClockS:79 SysClockNano:125000000
Process Table:
Entry Occupied PID StartS StartN MessagesSent
0 1 33376 1 0 313
1 1 33377 2 0 309
2 0 0 0 0 0
3 0 0 0 0 0
4 0 0 0 0 0
5 0 0 0 0 0
6 0 0 0 0 0
7 0 0 0 0 0
8 0 0 0 0 0
9 0 0 0 0 0
10 0 0 0 0 0
11 0 0 0 0 0
12 0 0 0 0 0
13 0 0 0 0 0
14 0 0 0 0 0
15 0 0 0 0 0
16 0 0 0 0 0
17 0 0 0 0 0
18 0 0 0 0 0
19 0 0 0 0 0

OSS: Sending message to worker 1 PID 33377 at time 79:250000000
OSS: Receiving message from worker 1 PID 33377 at time 79:250000000
OSS PID:33375 SysClockS:79 SysClockNano:250000000
Process Table:
Entry Occupied PID StartS StartN MessagesSent
0 1 33376 1 0 313
1 1 33377 2 0 310
2 0 0 0 0 0
3 0 0 0 0 0
4 0 0 0 0 0
5 0 0 0 0 0
6 0 0 0 0 0
7 0 0 0 0 0
8 0 0 0 0 0
9 0 0 0 0 0
10 0 0 0 0 0
11 0 0 0 0 0
12 0 0 0 0 0
13 0 0 0 0 0
14 0 0 0 0 0
15 0 0 0 0 0
16 0 0 0 0 0
17 0 0 0 0 0
18 0 0 0 0 0
19 0 0 0 0 0

OSS: Sending message to worker 0 PID 33376 at time 79:375000000
OSS: Receiving message from worker 0 PID 33376 at time 79:375000000
OSS PID:33375 SysClockS:79 SysClockNano:375000000
Process Table:
Entry Occupied PID StartS StartN MessagesSent
0 1 33376 1 0 314
1 1 33377 2 0 310
2 0 0 0 0 0
3 0 0 0 0 0
4 0 0 0 0 0
5 0 0 0 0 0
6 0 0 0 0 0
7 0 0 0 0 0
8 0 0 0 0 0
9 0 0 0 0 0
10 0 0 0 0 0
11 0 0 0 0 0
12 0 0 0 0 0
13 0 0 0 0 0
14 0 0 0 0 0
15 0 0 0 0 0
16 0 0 0 0 0
17 0 0 0 0 0
18 0 0 0 0 0
19 0 0 0 0 0

OSS: Sending message to worker 1 PID 33377 at time 79:500000000
OSS: Receiving message from worker 1 PID 33377 at time 79:500000000
OSS PID:33375 SysClockS:79 SysClockNano:500000000
Process Table:
Entry Occupied PID StartS StartN MessagesSent
0 1 33376 1 0 314
1 1 33377 2 0 311
2 0 0 0 0 0
3 0 0 0 0 0
4 0 0 0 0 0
5 0 0 0 0 0
6 0 0 0 0 0
7 0 0 0 0 0
8 0 0 0 0 0
9 0 0 0 0 0
10 0 0 0 0 0
11 0 0 0 0 0
12 0 0 0 0 0
13 0 0 0 0 0
14 0 0 0 0 0
15 0 0 0 0 0
16 0 0 0 0 0
17 0 0 0 0 0
18 0 0 0 0 0
19 0 0 0 0 0

OSS: Sending message to worker 0 PID 33376 at time 79:625000000
OSS: Receiving message from worker 0 PID 33376 at time 79:625000000
OSS PID:33375 SysClockS:79 SysClockNano:625000000
Process Table:
Entry Occupied PID StartS StartN MessagesSent
0 1 33376 1 0 315
1 1 33377 2 0 311
2 0 0 0 0 0
3 0 0 0 0 0
4 0 0 0 0 0
5 0 0 0 0 0
6 0 0 0 0 0
7 0 0 0 0 0
8 0 0 0 0 0
9 0 0 0 0 0
10 0 0 0 0 0
11 0 0 0 0 0
12 0 0 0 0 0
13 0 0 0 0 0
14 0 0 0 0 0
15 0 0 0 0 0
16 0 0 0 0 0
17 0 0 0 0 0
18 0 0 0 0 0
19 0 0 0 0 0

OSS: Sending message to worker 1 PID 33377 at time 79:750000000
OSS: Receiving message from worker 1 PID 33377 at time 79:750000000
OSS PID:33375 SysClockS:79 SysClockNano:750000000
Process Table:
Entry Occupied PID StartS StartN MessagesSent
0 1 33376 1 0 315
1 1 33377 2 0 312
2 0 0 0 0 0
3 0 0 0 0 0
4 0 0 0 0 0
5 0 0 0 0 0
6 0 0 0 0 0
7 0 0 0 0 0
8 0 0 0 0 0
9 0 0 0 0 0
10 0 0 0 0 0
11 0 0 0 0 0
12 0 0 0 0 0
13 0 0 0 0 0
14 0 0 0 0 0
15 0 0 0 0 0
16 0 0 0 0 0
17 0 0 0 0 0
18 0 0 0 0 0
19 0 0 0 0 0

OSS: Sending message to worker 0 PID 33376 at time 79:875000000
OSS: Receiving message from worker 0 PID 33376 at time 79:875000000
OSS PID:33375 SysClockS:79 SysClockNano:875000000
Process Table:
Entry Occupied PID StartS StartN MessagesSent
0 1 33376 1 0 316
1 1 33377 2 0 312
2 0 0 0 0 0
3 0 0 0 0 0
4 0 0 0 0 0
5 0 0 0 0 0
6 0 0 0 0 0
7 0 0 0 0 0
8 0 0 0 0 0
9 0 0 0 0 0
10 0 0 0 0 0
11 0 0 0 0 0
12 0 0 0 0 0
13 0 0 0 0 0
14 0 0 0 0 0
15 0 0 0 0 0
16 0 0 0 0 0
17 0 0 0 0 0
18 0 0 0 0 0
19 0 0 0 0 0

OSS: Sending message to worker 1 PID 33377 at time 80:0
OSS: Receiving message from worker 1 PID 33377 at time 80:0
OSS PID:33375 SysClockS:80 SysClockNano:0
Process Table:
Entry Occupied PID StartS StartN MessagesSent
0 1 33376 1 0 316
1 1 33377 2 0 313
2 0 0 0 0 0
3 0 0 0 0 0
4 0 0 0 0 0
5 0 0 0 0 0
6 0 0 0 0 0
7 0 0 0 0 0
8 0 0 0 0 0
9 0 0 0 0 0
10 0 0 0 0 0
11 0 0 0 0 0
12 0 0 0 0 0
13 0 0 0 0 0
14 0 0 0 0 0
15 0 0 0 0 0
16 0 0 0 0 0
17 0 0 0 0 0
18 0 0 0 0 0
19 0 0 0 0 0

OSS: Sending message to worker 0 PID 33376 at time 80:125000000
OSS: Receiving message from worker 0 PID 33376 at time 80:125000000
OSS PID:33375 SysClockS:80 SysClockNano:125000000
Process Table:
Entry Occupied PID StartS StartN MessagesSent
0 1 33376 1 0 317
1 1 33377 2 0 313
2 0 0 0 0 0
3 0 0 0 0 0
4 0 0 0 0 0
5 0 0 0 0 0
6 0 0 0 0 0
7 0 0 0 0 0
8 0 0 0 0 0
9 0 0 0 0 0
10 0 0 0 0 0
11 0 0 0 0 0
12 0 0 0 0 0
13 0 0 0 0 0
14 0 0 0 0 0
15 0 0 0 0 0
16 0 0 0 0 0
17 0 0 0 0 0
18 0 0 0 0 0
19 0 0 0 0 0

OSS: Sending message to worker 1 PID 33377 at time 80:250000000
OSS: Receiving message from worker 1 PID 33377 at time 80:250000000
OSS PID:33375 SysClockS:80 SysClockNano:250000000
Process Table:
Entry Occupied PID StartS StartN MessagesSent
0 1 33376 1 0 317
1 1 33377 2 0 314
2 0 0 0 0 0
3 0 0 0 0 0
4 0 0 0 0 0
5 0 0 0 0 0
6 0 0 0 0 0
7 0 0 0 0 0
8 0 0 0 0 0
9 0 0 0 0 0
10 0 0 0 0 0
11 0 0 0 0 0
12 0 0 0 0 0
13 0 0 0 0 0
14 0 0 0 0 0
15 0 0 0 0 0
16 0 0 0 0 0
17 0 0 0 0 0
18 0 0 0 0 0
19 0 0 0 0 0

OSS: Sending message to worker 0 PID 33376 at time 80:375000000
OSS: Receiving message from worker 0 PID 33376 at time 80:375000000
OSS PID:33375 SysClockS:80 SysClockNano:375000000
Process Table:
Entry Occupied PID StartS StartN MessagesSent
0 1 33376 1 0 318
1 1 33377 2 0 314
2 0 0 0 0 0
3 0 0 0 0 0
4 0 0 0 0 0
5 0 0 0 0 0
6 0 0 0 0 0
7 0 0 0 0 0
8 0 0 0 0 0
9 0 0 0 0 0
10 0 0 0 0 0
11 0 0 0 0 0
12 0 0 0 0 0
13 0 0 0 0 0
14 0 0 0 0 0
15 0 0 0 0 0
16 0 0 0 0 0
17 0 0 0 0 0
18 0 0 0 0 0
19 0 0 0 0 0

OSS: Sending message to worker 1 PID 33377 at time 80:500000000
OSS: Receiving message from worker 1 PID 33377 at time 80:500000000
OSS PID:33375 SysClockS:80 SysClockNano:500000000
Process Table:
Entry Occupied PID StartS StartN MessagesSent
0 1 33376 1 0 318
1 1 33377 2 0 315
2 0 0 0 0 0
3 0 0 0 0 0
4 0 0 0 0 0
5 0 0 0 0 0
6 0 0 0 0 0
7 0 0 0 0 0
8 0 0 0 0 0
9 0 0 0 0 0
10 0 0 0 0 0
11 0 0 0 0 0
12 0 0 0 0 0
13 0 0 0 0 0
14 0 0 0 0 0
15 0 0 0 0 0
16 0 0 0 0 0
17 0 0 0 0 0
18 0 0 0 0 0
19 0 0 0 0 0

OSS: Sending message to worker 0 PID 33376 at time 80:625000000
OSS: Receiving message from worker 0 PID 33376 at time 80:625000000
OSS PID:33375 SysClockS:80 SysClockNano:625000000
Process Table:
Entry Occupied PID StartS StartN MessagesSent
0 1 33376 1 0 319
1 1 33377 2 0 315
2 0 0 0 0 0
3 0 0 0 0 0
4 0 0 0 0 0
5 0 0 0 0 0
6 0 0 0 0 0
7 0 0 0 0 0
8 0 0 0 0 0
9 0 0 0 0 0
10 0 0 0 0 0
11 0 0 0 0 0
12 0 0 0 0 0
13 0 0 0 0 0
14 0 0 0 0 0
15 0 0 0 0 0
16 0 0 0 0 0
17 0 0 0 0 0
18 0 0 0 0 0
19 0 0 0 0 0

OSS: Sending message to worker 1 PID 33377 at time 80:750000000
OSS: Receiving message from worker 1 PID 33377 at time 80:750000000
OSS PID:33375 SysClockS:80 SysClockNano:750000000
Process Table:
Entry Occupied PID StartS StartN MessagesSent
0 1 33376 1 0 319
1 1 33377 2 0 316
2 0 0 0 0 0
3 0 0 0 0 0
4 0 0 0 0 0
5 0 0 0 0 0
6 0 0 0 0 0
7 0 0 0 0 0
8 0 0 0 0 0
9 0 0 0 0 0
10 0 0 0 0 0
11 0 0 0 0 0
12 0 0 0 0 0
13 0 0 0 0 0
14 0 0 0 0 0
15 0 0 0 0 0
16 0 0 0 0 0
17 0 0 0 0 0
18 0 0 0 0 0
19 0 0 0 0 0

OSS: Sending message to worker 0 PID 33376 at time 80:875000000
OSS: Receiving message from worker 0 PID 33376 at time 80:875000000
OSS PID:33375 SysClockS:80 SysClockNano:875000000
Process Table:
Entry Occupied PID StartS StartN MessagesSent
0 1 33376 1 0 320
1 1 33377 2 0 316
2 0 0 0 0 0
3 0 0 0 0 0
4 0 0 0 0 0
5 0 0 0 0 0
6 0 0 0 0 0
7 0 0 0 0 0
8 0 0 0 0 0
9 0 0 0 0 0
10 0 0 0 0 0
11 0 0 0 0 0
12 0 0 0 0 0
13 0 0 0 0 0
14 0 0 0 0 0
15 0 0 0 0 0
16 0 0 0 0 0
17 0 0 0 0 0
18 0 0 0 0 0
19 0 0 0 0 0

OSS: Sending message to worker 1 PID 33377 at time 81:0
OSS: Receiving message from worker 1 PID 33377 at time 81:0
OSS PID:33375 SysClockS:81 SysClockNano:0
Process Table:
Entry Occupied PID StartS StartN MessagesSent
0 1 33376 1 0 320
1 1 33377 2 0 317
2 0 0 0 0 0
3 0 0 0 0 0
4 0 0 0 0 0
5 0 0 0 0 0
6 0 0 0 0 0
7 0 0 0 0 0
8 0 0 0 0 0
9 0 0 0 0 0
10 0 0 0 0 0
11 0 0 0 0 0
12 0 0 0 0 0
13 0 0 0 0 0
14 0 0 0 0 0
15 0 0 0 0 0
16 0 0 0 0 0
17 0 0 0 0 0
18 0 0 0 0 0
19 0 0 0 0 0

OSS: Sending message to worker 0 PID 33376 at time 81:125000000
OSS: Receiving message from worker 0 PID 33376 at time 81:125000000
OSS PID:33375 SysClockS:81 SysClockNano:125000000
Process Table:
Entry Occupied PID StartS StartN MessagesSent
0 1 33376 1 0 321
1 1 33377 2 0 317
2 0 0 0 0 0
3 0 0 0 0 0
4 0 0 0 0 0
5 0 0 0 0 0
6 0 0 0 0 0
7 0 0 0 0 0
8 0 0 0 0 0
9 0 0 0 0 0
10 0 0 0 0 0
11 0 0 0 0 0
12 0 0 0 0 0
13 0 0 0 0 0
14 0 0 0 0 0
15 0 0 0 0 0
16 0 0 0 0 0
17 0 0 0 0 0
18 0 0 0 0 0
19 0 0 0 0 0

OSS: Sending message to worker 1 PID 33377 at time 81:250000000
OSS: Receiving message from worker 1 PID 33377 at time 81:250000000
OSS PID:33375 SysClockS:81 SysClockNano:250000000
Process Table:
Entry Occupied PID StartS StartN MessagesSent
0 1 33376 1 0 321
1 1 33377 2 0 318
2 0 0 0 0 0
3 0 0 0 0 0
4 0 0 0 0 0
5 0 0 0 0 0
6 0 0 0 0 0
7 0 0 0 0 0
8 0 0 0 0 0
9 0 0 0 0 0
10 0 0 0 0 0
11 0 0 0 0 0
12 0 0 0 0 0
13 0 0 0 0 0
14 0 0 0 0 0
15 0 0 0 0 0
16 0 0 0 0 0
17 0 0 0 0 0
18 0 0 0 0 0
19 0 0 0 0 0

OSS: Sending message to worker 0 PID 33376 at time 81:375000000
OSS: Receiving message from worker 0 PID 33376 at time 81:375000000
OSS PID:33375 SysClockS:81 SysClockNano:375000000
Process Table:
Entry Occupied PID StartS StartN MessagesSent
0 1 33376 1 0 322
1 1 33377 2 0 318
2 0 0 0 0 0
3 0 0 0 0 0
4 0 0 0 0 0
5 0 0 0 0 0
6 0 0 0 0 0
7 0 0 0 0 0
8 0 0 0 0 0
9 0 0 0 0 0
10 0 0 0 0 0
11 0 0 0 0 0
12 0 0 0 0 0
13 0 0 0 0 0
14 0 0 0 0 0
15 0 0 0 0 0
16 0 0 0 0 0
17 0 0 0 0 0
18 0 0 0 0 0
19 0 0 0 0 0

OSS: Sending message to worker 1 PID 33377 at time 81:500000000
OSS: Receiving message from worker 1 PID 33377 at time 81:500000000
OSS PID:33375 SysClockS:81 SysClockNano:500000000
Process Table:
Entry Occupied PID StartS StartN MessagesSent
0 1 33376 1 0 322
1 1 33377 2 0 319
2 0 0 0 0 0
3 0 0 0 0 0
4 0 0 0 0 0
5 0 0 0 0 0
6 0 0 0 0 0
7 0 0 0 0 0
8 0 0 0 0 0
9 0 0 0 0 0
10 0 0 0 0 0
11 0 0 0 0 0
12 0 0 0 0 0
13 0 0 0 0 0
14 0 0 0 0 0
15 0 0 0 0 0
16 0 0 0 0 0
17 0 0 0 0 0
18 0 0 0 0 0
19 0 0 0 0 0

OSS: Sending message to worker 0 PID 33376 at time 81:625000000
OSS: Receiving message from worker 0 PID 33376 at time 81:625000000
OSS PID:33375 SysClockS:81 SysClockNano:625000000
Process Table:
Entry Occupied PID StartS StartN MessagesSent
0 1 33376 1 0 323
1 1 33377 2 0 319
2 0 0 0 0 0
3 0 0 0 0 0
4 0 0 0 0 0
5 0 0 0 0 0
6 0 0 0 0 0
7 0 0 0 0 0
8 0 0 0 0 0
9 0 0 0 0 0
10 0 0 0 0 0
11 0 0 0 0 0
12 0 0 0 0 0
13 0 0 0 0 0
14 0 0 0 0 0
15 0 0 0 0 0
16 0 0 0 0 0
17 0 0 0 0 0
18 0 0 0 0 0
19 0 0 0 0 0

OSS: Sending message to worker 1 PID 33377 at time 81:750000000
OSS: Receiving message from worker 1 PID 33377 at time 81:750000000
OSS PID:33375 SysClockS:81 SysClockNano:750000000
Process Table:
Entry Occupied PID StartS StartN MessagesSent
0 1 33376 1 0 323
1 1 33377 2 0 320
2 0 0 0 0 0
3 0 0 0 0 0
4 0 0 0 0 0
5 0 0 0 0 0
6 0 0 0 0 0
7 0 0 0 0 0
8 0 0 0 0 0
9 0 0 0 0 0
10 0 0 0 0 0
11 0 0 0 0 0
12 0 0 0 0 0
13 0 0 0 0 0
14 0 0 0 0 0
15 0 0 0 0 0
16 0 0 0 0 0
17 0 0 0 0 0
18 0 0 0 0 0
19 0 0 0 0 0

OSS: Sending message to worker 0 PID 33376 at time 81:875000000
OSS: Receiving message from worker 0 PID 33376 at time 81:875000000
OSS PID:33375 SysClockS:81 SysClockNano:875000000
Process Table:
Entry Occupied PID StartS StartN MessagesSent
0 1 33376 1 0 324
1 1 33377 2 0 320
2 0 0 0 0 0
3 0 0 0 0 0
4 0 0 0 0 0
5 0 0 0 0 0
6 0 0 0 0 0
7 0 0 0 0 0
8 0 0 0 0 0
9 0 0 0 0 0
10 0 0 0 0 0
11 0 0 0 0 0
12 0 0 0 0 0
13 0 0 0 0 0
14 0 0 0 0 0
15 0 0 0 0 0
16 0 0 0 0 0
17 0 0 0 0 0
18 0 0 0 0 0
19 0 0 0 0 0

OSS: Sending message to worker 1 PID 33377 at time 82:0
OSS: Receiving message from worker 1 PID 33377 at time 82:0
OSS PID:33375 SysClockS:82 SysClockNano:0
Process Table:
Entry Occupied PID StartS StartN MessagesSent
0 1 33376 1 0 324
1 1 33377 2 0 321
2 0 0 0 0 0
3 0 0 0 0 0
4 0 0 0 0 0
5 0 0 0 0 0
6 0 0 0 0 0
7 0 0 0 0 0
8 0 0 0 0 0
9 0 0 0 0 0
10 0 0 0 0 0
11 0 0 0 0 0
12 0 0 0 0 0
13 0 0 0 0 0
14 0 0 0 0 0
15 0 0 0 0 0
16 0 0 0 0 0
17 0 0 0 0 0
18 0 0 0 0 0
19 0 0 0 0 0

OSS: Sending message to worker 0 PID 33376 at time 82:125000000
OSS: Receiving message from worker 0 PID 33376 at time 82:125000000
OSS PID:33375 SysClockS:82 SysClockNano:125000000
Process Table:
Entry Occupied PID StartS StartN MessagesSent
0 1 33376 1 0 325
1 1 33377 2 0 321
2 0 0 0 0 0
3 0 0 0 0 0
4 0 0 0 0 0
5 0 0 0 0 0
6 0 0 0 0 0
7 0 0 0 0 0
8 0 0 0 0 0
9 0 0 0 0 0
10 0 0 0 0 0
11 0 0 0 0 0
12 0 0 0 0 0
13 0 0 0 0 0
14 0 0 0 0 0
15 0 0 0 0 0
16 0 0 0 0 0
17 0 0 0 0 0
18 0 0 0 0 0
19 0 0 0 0 0

OSS: Sending message to worker 1 PID 33377 at time 82:250000000
OSS: Receiving message from worker 1 PID 33377 at time 82:250000000
OSS PID:33375 SysClockS:82 SysClockNano:250000000
Process Table:
Entry Occupied PID StartS StartN MessagesSent
0 1 33376 1 0 325
1 1 33377 2 0 322
2 0 0 0 0 0
3 0 0 0 0 0
4 0 0 0 0 0
5 0 0 0 0 0
6 0 0 0 0 0
7 0 0 0 0 0
8 0 0 0 0 0
9 0 0 0 0 0
10 0 0 0 0 0
11 0 0 0 0 0
12 0 0 0 0 0
13 0 0 0 0 0
14 0 0 0 0 0
15 0 0 0 0 0
16 0 0 0 0 0
17 0 0 0 0 0
18 0 0 0 0 0
19 0 0 0 0 0

OSS: Sending message to worker 0 PID 33376 at time 82:375000000
OSS: Receiving message from worker 0 PID 33376 at time 82:375000000
OSS PID:33375 SysClockS:82 SysClockNano:375000000
Process Table:
Entry Occupied PID StartS StartN MessagesSent
0 1 33376 1 0 326
1 1 33377 2 0 322
2 0 0 0 0 0
3 0 0 0 0 0
4 0 0 0 0 0
5 0 0 0 0 0
6 0 0 0 0 0
7 0 0 0 0 0
8 0 0 0 0 0
9 0 0 0 0 0
10 0 0 0 0 0
11 0 0 0 0 0
12 0 0 0 0 0
13 0 0 0 0 0
14 0 0 0 0 0
15 0 0 0 0 0
16 0 0 0 0 0
17 0 0 0 0 0
18 0 0 0 0 0
19 0 0 0 0 0

OSS: Sending message to worker 1 PID 33377 at time 82:500000000
OSS: Receiving message from worker 1 PID 33377 at time 82:500000000
OSS PID:33375 SysClockS:82 SysClockNano:500000000
Process Table:
Entry Occupied PID StartS StartN MessagesSent
0 1 33376 1 0 326
1 1 33377 2 0 323
2 0 0 0 0 0
3 0 0 0 0 0
4 0 0 0 0 0
5 0 0 0 0 0
6 0 0 0 0 0
7 0 0 0 0 0
8 0 0 0 0 0
9 0 0 0 0 0
10 0 0 0 0 0
11 0 0 0 0 0
12 0 0 0 0 0
13 0 0 0 0 0
14 0 0 0 0 0
15 0 0 0 0 0
16 0 0 0 0 0
17 0 0 0 0 0
18 0 0 0 0 0
19 0 0 0 0 0

OSS: Sending message to worker 0 PID 33376 at time 82:625000000
OSS: Receiving message from worker 0 PID 33376 at time 82:625000000
OSS PID:33375 SysClockS:82 SysClockNano:625000000
Process Table:
Entry Occupied PID StartS StartN MessagesSent
0 1 33376 1 0 327
1 1 33377 2 0 323
2 0 0 0 0 0
3 0 0 0 0 0
4 0 0 0 0 0
5 0 0 0 0 0
6 0 0 0 0 0
7 0 0 0 0 0
8 0 0 0 0 0
9 0 0 0 0 0
10 0 0 0 0 0
11 0 0 0 0 0
12 0 0 0 0 0
13 0 0 0 0 0
14 0 0 0 0 0
15 0 0 0 0 0
16 0 0 0 0 0
17 0 0 0 0 0
18 0 0 0 0 0
19 0 0 0 0 0

OSS: Sending message to worker 1 PID 33377 at time 82:750000000
OSS: Receiving message from worker 1 PID 33377 at time 82:750000000
OSS PID:33375 SysClockS:82 SysClockNano:750000000
Process Table:
Entry Occupied PID StartS StartN MessagesSent
0 1 33376 1 0 327
1 1 33377 2 0 324
2 0 0 0 0 0
3 0 0 0 0 0
4 0 0 0 0 0
5 0 0 0 0 0
6 0 0 0 0 0
7 0 0 0 0 0
8 0 0 0 0 0
9 0 0 0 0 0
10 0 0 0 0 0
11 0 0 0 0 0
12 0 0 0 0 0
13 0 0 0 0 0
14 0 0 0 0 0
15 0 0 0 0 0
16 0 0 0 0 0
17 0 0 0 0 0
18 0 0 0 0 0
19 0 0 0 0 0

OSS: Sending message to worker 0 PID 33376 at time 82:875000000
OSS: Receiving message from worker 0 PID 33376 at time 82:875000000
OSS PID:33375 SysClockS:82 SysClockNano:875000000
Process Table:
Entry Occupied PID StartS StartN MessagesSent
0 1 33376 1 0 328
1 1 33377 2 0 324
2 0 0 0 0 0
3 0 0 0 0 0
4 0 0 0 0 0
5 0 0 0 0 0
6 0 0 0 0 0
7 0 0 0 0 0
8 0 0 0 0 0
9 0 0 0 0 0
10 0 0 0 0 0
11 0 0 0 0 0
12 0 0 0 0 0
13 0 0 0 0 0
14 0 0 0 0 0
15 0 0 0 0 0
16 0 0 0 0 0
17 0 0 0 0 0
18 0 0 0 0 0
19 0 0 0 0 0

OSS: Sending message to worker 1 PID 33377 at time 83:0
OSS: Receiving message from worker 1 PID 33377 at time 83:0
OSS PID:33375 SysClockS:83 SysClockNano:0
Process Table:
Entry Occupied PID StartS StartN MessagesSent
0 1 33376 1 0 328
1 1 33377 2 0 325
2 0 0 0 0 0
3 0 0 0 0 0
4 0 0 0 0 0
5 0 0 0 0 0
6 0 0 0 0 0
7 0 0 0 0 0
8 0 0 0 0 0
9 0 0 0 0 0
10 0 0 0 0 0
11 0 0 0 0 0
12 0 0 0 0 0
13 0 0 0 0 0
14 0 0 0 0 0
15 0 0 0 0 0
16 0 0 0 0 0
17 0 0 0 0 0
18 0 0 0 0 0
19 0 0 0 0 0

OSS: Sending message to worker 0 PID 33376 at time 83:125000000
OSS: Receiving message from worker 0 PID 33376 at time 83:125000000
OSS PID:33375 SysClockS:83 SysClockNano:125000000
Process Table:
Entry Occupied PID StartS StartN MessagesSent
0 1 33376 1 0 329
1 1 33377 2 0 325
2 0 0 0 0 0
3 0 0 0 0 0
4 0 0 0 0 0
5 0 0 0 0 0
6 0 0 0 0 0
7 0 0 0 0 0
8 0 0 0 0 0
9 0 0 0 0 0
10 0 0 0 0 0
11 0 0 0 0 0
12 0 0 0 0 0
13 0 0 0 0 0
14 0 0 0 0 0
15 0 0 0 0 0
16 0 0 0 0 0
17 0 0 0 0 0
18 0 0 0 0 0
19 0 0 0 0 0

OSS: Sending message to worker 1 PID 33377 at time 83:250000000
OSS: Receiving message from worker 1 PID 33377 at time 83:250000000
OSS PID:33375 SysClockS:83 SysClockNano:250000000
Process Table:
Entry Occupied PID StartS StartN MessagesSent
0 1 33376 1 0 329
1 1 33377 2 0 326
2 0 0 0 0 0
3 0 0 0 0 0
4 0 0 0 0 0
5 0 0 0 0 0
6 0 0 0 0 0
7 0 0 0 0 0
8 0 0 0 0 0
9 0 0 0 0 0
10 0 0 0 0 0
11 0 0 0 0 0
12 0 0 0 0 0
13 0 0 0 0 0
14 0 0 0 0 0
15 0 0 0 0 0
16 0 0 0 0 0
17 0 0 0 0 0
18 0 0 0 0 0
19 0 0 0 0 0

OSS: Sending message to worker 0 PID 33376 at time 83:375000000
OSS: Receiving message from worker 0 PID 33376 at time 83:375000000
OSS PID:33375 SysClockS:83 SysClockNano:375000000
Process Table:
Entry Occupied PID StartS StartN MessagesSent
0 1 33376 1 0 330
1 1 33377 2 0 326
2 0 0 0 0 0
3 0 0 0 0 0
4 0 0 0 0 0
5 0 0 0 0 0
6 0 0 0 0 0
7 0 0 0 0 0
8 0 0 0 0 0
9 0 0 0 0 0
10 0 0 0 0 0
11 0 0 0 0 0
12 0 0 0 0 0
13 0 0 0 0 0
14 0 0 0 0 0
15 0 0 0 0 0
16 0 0 0 0 0
17 0 0 0 0 0
18 0 0 0 0 0
19 0 0 0 0 0

OSS: Sending message to worker 1 PID 33377 at time 83:500000000
OSS: Receiving message from worker 1 PID 33377 at time 83:500000000
OSS PID:33375 SysClockS:83 SysClockNano:500000000
Process Table:
Entry Occupied PID StartS StartN MessagesSent
0 1 33376 1 0 330
1 1 33377 2 0 327
2 0 0 0 0 0
3 0 0 0 0 0
4 0 0 0 0 0
5 0 0 0 0 0
6 0 0 0 0 0
7 0 0 0 0 0
8 0 0 0 0 0
9 0 0 0 0 0
10 0 0 0 0 0
11 0 0 0 0 0
12 0 0 0 0 0
13 0 0 0 0 0
14 0 0 0 0 0
15 0 0 0 0 0
16 0 0 0 0 0
17 0 0 0 0 0
18 0 0 0 0 0
19 0 0 0 0 0

OSS: Sending message to worker 0 PID 33376 at time 83:625000000
OSS: Receiving message from worker 0 PID 33376 at time 83:625000000
OSS PID:33375 SysClockS:83 SysClockNano:625000000
Process Table:
Entry Occupied PID StartS StartN MessagesSent
0 1 33376 1 0 331
1 1 33377 2 0 327
2 0 0 0 0 0
3 0 0 0 0 0
4 0 0 0 0 0
5 0 0 0 0 0
6 0 0 0 0 0
7 0 0 0 0 0
8 0 0 0 0 0
9 0 0 0 0 0
10 0 0 0 0 0
11 0 0 0 0 0
12 0 0 0 0 0
13 0 0 0 0 0
14 0 0 0 0 0
15 0 0 0 0 0
16 0 0 0 0 0
17 0 0 0 0 0
18 0 0 0 0 0
19 0 0 0 0 0

OSS: Sending message to worker 1 PID 33377 at time 83:750000000
OSS: Receiving message from worker 1 PID 33377 at time 83:750000000
OSS PID:33375 SysClockS:83 SysClockNano:750000000
Process Table:
Entry Occupied PID StartS StartN MessagesSent
0 1 33376 1 0 331
1 1 33377 2 0 328
2 0 0 0 0 0
3 0 0 0 0 0
4 0 0 0 0 0
5 0 0 0 0 0
6 0 0 0 0 0
7 0 0 0 0 0
8 0 0 0 0 0
9 0 0 0 0 0
10 0 0 0 0 0
11 0 0 0 0 0
12 0 0 0 0 0
13 0 0 0 0 0
14 0 0 0 0 0
15 0 0 0 0 0
16 0 0 0 0 0
17 0 0 0 0 0
18 0 0 0 0 0
19 0 0 0 0 0

OSS: Sending message to worker 0 PID 33376 at time 83:875000000
OSS: Receiving message from worker 0 PID 33376 at time 83:875000000
OSS PID:33375 SysClockS:83 SysClockNano:875000000
Process Table:
Entry Occupied PID StartS StartN MessagesSent
0 1 33376 1 0 332
1 1 33377 2 0 328
2 0 0 0 0 0
3 0 0 0 0 0
4 0 0 0 0 0
5 0 0 0 0 0
6 0 0 0 0 0
7 0 0 0 0 0
8 0 0 0 0 0
9 0 0 0 0 0
10 0 0 0 0 0
11 0 0 0 0 0
12 0 0 0 0 0
13 0 0 0 0 0
14 0 0 0 0 0
15 0 0 0 0 0
16 0 0 0 0 0
17 0 0 0 0 0
18 0 0 0 0 0
19 0 0 0 0 0

OSS: Sending message to worker 1 PID 33377 at time 84:0
OSS: Receiving message from worker 1 PID 33377 at time 84:0
OSS PID:33375 SysClockS:84 SysClockNano:0
Process Table:
Entry Occupied PID StartS StartN MessagesSent
0 1 33376 1 0 332
1 1 33377 2 0 329
2 0 0 0 0 0
3 0 0 0 0 0
4 0 0 0 0 0
5 0 0 0 0 0
6 0 0 0 0 0
7 0 0 0 0 0
8 0 0 0 0 0
9 0 0 0 0 0
10 0 0 0 0 0
11 0 0 0 0 0
12 0 0 0 0 0
13 0 0 0 0 0
14 0 0 0 0 0
15 0 0 0 0 0
16 0 0 0 0 0
17 0 0 0 0 0
18 0 0 0 0 0
19 0 0 0 0 0

OSS: Sending message to worker 0 PID 33376 at time 84:125000000
OSS: Receiving message from worker 0 PID 33376 at time 84:125000000
OSS PID:33375 SysClockS:84 SysClockNano:125000000
Process Table:
Entry Occupied PID StartS StartN MessagesSent
0 1 33376 1 0 333
1 1 33377 2 0 329
2 0 0 0 0 0
3 0 0 0 0 0
4 0 0 0 0 0
5 0 0 0 0 0
6 0 0 0 0 0
7 0 0 0 0 0
8 0 0 0 0 0
9 0 0 0 0 0
10 0 0 0 0 0
11 0 0 0 0 0
12 0 0 0 0 0
13 0 0 0 0 0
14 0 0 0 0 0
15 0 0 0 0 0
16 0 0 0 0 0
17 0 0 0 0 0
18 0 0 0 0 0
19 0 0 0 0 0

OSS: Sending message to worker 1 PID 33377 at time 84:250000000
OSS: Receiving message from worker 1 PID 33377 at time 84:250000000
OSS PID:33375 SysClockS:84 SysClockNano:250000000
Process Table:
Entry Occupied PID StartS StartN MessagesSent
0 1 33376 1 0 333
1 1 33377 2 0 330
2 0 0 0 0 0
3 0 0 0 0 0
4 0 0 0 0 0
5 0 0 0 0 0
6 0 0 0 0 0
7 0 0 0 0 0
8 0 0 0 0 0
9 0 0 0 0 0
10 0 0 0 0 0
11 0 0 0 0 0
12 0 0 0 0 0
13 0 0 0 0 0
14 0 0 0 0 0
15 0 0 0 0 0
16 0 0 0 0 0
17 0 0 0 0 0
18 0 0 0 0 0
19 0 0 0 0 0

OSS: Sending message to worker 0 PID 33376 at time 84:375000000
OSS: Receiving message from worker 0 PID 33376 at time 84:375000000
OSS PID:33375 SysClockS:84 SysClockNano:375000000
Process Table:
Entry Occupied PID StartS StartN MessagesSent
0 1 33376 1 0 334
1 1 33377 2 0 330
2 0 0 0 0 0
3 0 0 0 0 0
4 0 0 0 0 0
5 0 0 0 0 0
6 0 0 0 0 0
7 0 0 0 0 0
8 0 0 0 0 0
9 0 0 0 0 0
10 0 0 0 0 0
11 0 0 0 0 0
12 0 0 0 0 0
13 0 0 0 0 0
14 0 0 0 0 0
15 0 0 0 0 0
16 0 0 0 0 0
17 0 0 0 0 0
18 0 0 0 0 0
19 0 0 0 0 0

OSS: Sending message to worker 1 PID 33377 at time 84:500000000
OSS: Receiving message from worker 1 PID 33377 at time 84:500000000
OSS PID:33375 SysClockS:84 SysClockNano:500000000
Process Table:
Entry Occupied PID StartS StartN MessagesSent
0 1 33376 1 0 334
1 1 33377 2 0 331
2 0 0 0 0 0
3 0 0 0 0 0
4 0 0 0 0 0
5 0 0 0 0 0
6 0 0 0 0 0
7 0 0 0 0 0
8 0 0 0 0 0
9 0 0 0 0 0
10 0 0 0 0 0
11 0 0 0 0 0
12 0 0 0 0 0
13 0 0 0 0 0
14 0 0 0 0 0
15 0 0 0 0 0
16 0 0 0 0 0
17 0 0 0 0 0
18 0 0 0 0 0
19 0 0 0 0 0

OSS: Sending message to worker 0 PID 33376 at time 84:625000000
OSS: Receiving message from worker 0 PID 33376 at time 84:625000000
OSS PID:33375 SysClockS:84 SysClockNano:625000000
Process Table:
Entry Occupied PID StartS StartN MessagesSent
0 1 33376 1 0 335
1 1 33377 2 0 331
2 0 0 0 0 0
3 0 0 0 0 0
4 0 0 0 0 0
5 0 0 0 0 0
6 0 0 0 0 0
7 0 0 0 0 0
8 0 0 0 0 0
9 0 0 0 0 0
10 0 0 0 0 0
11 0 0 0 0 0
12 0 0 0 0 0
13 0 0 0 0 0
14 0 0 0 0 0
15 0 0 0 0 0
16 0 0 0 0 0
17 0 0 0 0 0
18 0 0 0 0 0
19 0 0 0 0 0

OSS: Sending message to worker 1 PID 33377 at time 84:750000000
OSS: Receiving message from worker 1 PID 33377 at time 84:750000000
OSS PID:33375 SysClockS:84 SysClockNano:750000000
Process Table:
Entry Occupied PID StartS StartN MessagesSent
0 1 33376 1 0 335
1 1 33377 2 0 332
2 0 0 0 0 0
3 0 0 0 0 0
4 0 0 0 0 0
5 0 0 0 0 0
6 0 0 0 0 0
7 0 0 0 0 0
8 0 0 0 0 0
9 0 0 0 0 0
10 0 0 0 0 0
11 0 0 0 0 0
12 0 0 0 0 0
13 0 0 0 0 0
14 0 0 0 0 0
15 0 0 0 0 0
16 0 0 0 0 0
17 0 0 0 0 0
18 0 0 0 0 0
19 0 0 0 0 0

OSS: Sending message to worker 0 PID 33376 at time 84:875000000
OSS: Receiving message from worker 0 PID 33376 at time 84:875000000
OSS PID:33375 SysClockS:84 SysClockNano:875000000
Process Table:
Entry Occupied PID StartS StartN MessagesSent
0 1 33376 1 0 336
1 1 33377 2 0 332
2 0 0 0 0 0
3 0 0 0 0 0
4 0 0 0 0 0
5 0 0 0 0 0
6 0 0 0 0 0
7 0 0 0 0 0
8 0 0 0 0 0
9 0 0 0 0 0
10 0 0 0 0 0
11 0 0 0 0 0
12 0 0 0 0 0
13 0 0 0 0 0
14 0 0 0 0 0
15 0 0 0 0 0
16 0 0 0 0 0
17 0 0 0 0 0
18 0 0 0 0 0
19 0 0 0 0 0

OSS: Sending message to worker 1 PID 33377 at time 85:0
OSS: Receiving message from worker 1 PID 33377 at time 85:0
OSS PID:33375 SysClockS:85 SysClockNano:0
Process Table:
Entry Occupied PID StartS StartN MessagesSent
0 1 33376 1 0 336
1 1 33377 2 0 333
2 0 0 0 0 0
3 0 0 0 0 0
4 0 0 0 0 0
5 0 0 0 0 0
6 0 0 0 0 0
7 0 0 0 0 0
8 0 0 0 0 0
9 0 0 0 0 0
10 0 0 0 0 0
11 0 0 0 0 0
12 0 0 0 0 0
13 0 0 0 0 0
14 0 0 0 0 0
15 0 0 0 0 0
16 0 0 0 0 0
17 0 0 0 0 0
18 0 0 0 0 0
19 0 0 0 0 0

OSS: Sending message to worker 0 PID 33376 at time 85:125000000
OSS: Receiving message from worker 0 PID 33376 at time 85:125000000
OSS PID:33375 SysClockS:85 SysClockNano:125000000
Process Table:
Entry Occupied PID StartS StartN MessagesSent
0 1 33376 1 0 337
1 1 33377 2 0 333
2 0 0 0 0 0
3 0 0 0 0 0
4 0 0 0 0 0
5 0 0 0 0 0
6 0 0 0 0 0
7 0 0 0 0 0
8 0 0 0 0 0
9 0 0 0 0 0
10 0 0 0 0 0
11 0 0 0 0 0
12 0 0 0 0 0
13 0 0 0 0 0
14 0 0 0 0 0
15 0 0 0 0 0
16 0 0 0 0 0
17 0 0 0 0 0
18 0 0 0 0 0
19 0 0 0 0 0

OSS: Sending message to worker 1 PID 33377 at time 85:250000000
OSS: Receiving message from worker 1 PID 33377 at time 85:250000000
OSS PID:33375 SysClockS:85 SysClockNano:250000000
Process Table:
Entry Occupied PID StartS StartN MessagesSent
0 1 33376 1 0 337
1 1 33377 2 0 334
2 0 0 0 0 0
3 0 0 0 0 0
4 0 0 0 0 0
5 0 0 0 0 0
6 0 0 0 0 0
7 0 0 0 0 0
8 0 0 0 0 0
9 0 0 0 0 0
10 0 0 0 0 0
11 0 0 0 0 0
12 0 0 0 0 0
13 0 0 0 0 0
14 0 0 0 0 0
15 0 0 0 0 0
16 0 0 0 0 0
17 0 0 0 0 0
18 0 0 0 0 0
19 0 0 0 0 0

OSS: Sending message to worker 0 PID 33376 at time 85:375000000
OSS: Receiving message from worker 0 PID 33376 at time 85:375000000
OSS PID:33375 SysClockS:85 SysClockNano:375000000
Process Table:
Entry Occupied PID StartS StartN MessagesSent
0 1 33376 1 0 338
1 1 33377 2 0 334
2 0 0 0 0 0
3 0 0 0 0 0
4 0 0 0 0 0
5 0 0 0 0 0
6 0 0 0 0 0
7 0 0 0 0 0
8 0 0 0 0 0
9 0 0 0 0 0
10 0 0 0 0 0
11 0 0 0 0 0
12 0 0 0 0 0
13 0 0 0 0 0
14 0 0 0 0 0
15 0 0 0 0 0
16 0 0 0 0 0
17 0 0 0 0 0
18 0 0 0 0 0
19 0 0 0 0 0

OSS: Sending message to worker 1 PID 33377 at time 85:500000000
OSS: Receiving message from worker 1 PID 33377 at time 85:500000000
OSS PID:33375 SysClockS:85 SysClockNano:500000000
Process Table:
Entry Occupied PID StartS StartN MessagesSent
0 1 33376 1 0 338
1 1 33377 2 0 335
2 0 0 0 0 0
3 0 0 0 0 0
4 0 0 0 0 0
5 0 0 0 0 0
6 0 0 0 0 0
7 0 0 0 0 0
8 0 0 0 0 0
9 0 0 0 0 0
10 0 0 0 0 0
11 0 0 0 0 0
12 0 0 0 0 0
13 0 0 0 0 0
14 0 0 0 0 0
15 0 0 0 0 0
16 0 0 0 0 0
17 0 0 0 0 0
18 0 0 0 0 0
19 0 0 0 0 0

OSS: Sending message to worker 0 PID 33376 at time 85:625000000
OSS: Receiving message from worker 0 PID 33376 at time 85:625000000
OSS PID:33375 SysClockS:85 SysClockNano:625000000
Process Table:
Entry Occupied PID StartS StartN MessagesSent
0 1 33376 1 0 339
1 1 33377 2 0 335
2 0 0 0 0 0
3 0 0 0 0 0
4 0 0 0 0 0
5 0 0 0 0 0
6 0 0 0 0 0
7 0 0 0 0 0
8 0 0 0 0 0
9 0 0 0 0 0
10 0 0 0 0 0
11 0 0 0 0 0
12 0 0 0 0 0
13 0 0 0 0 0
14 0 0 0 0 0
15 0 0 0 0 0
16 0 0 0 0 0
17 0 0 0 0 0
18 0 0 0 0 0
19 0 0 0 0 0

OSS: Sending message to worker 1 PID 33377 at time 85:750000000
OSS: Receiving message from worker 1 PID 33377 at time 85:750000000
OSS PID:33375 SysClockS:85 SysClockNano:750000000
Process Table:
Entry Occupied PID StartS StartN MessagesSent
0 1 33376 1 0 339
1 1 33377 2 0 336
2 0 0 0 0 0
3 0 0 0 0 0
4 0 0 0 0 0
5 0 0 0 0 0
6 0 0 0 0 0
7 0 0 0 0 0
8 0 0 0 0 0
9 0 0 0 0 0
10 0 0 0 0 0
11 0 0 0 0 0
12 0 0 0 0 0
13 0 0 0 0 0
14 0 0 0 0 0
15 0 0 0 0 0
16 0 0 0 0 0
17 0 0 0 0 0
18 0 0 0 0 0
19 0 0 0 0 0

OSS: Sending message to worker 0 PID 33376 at time 85:875000000
OSS: Receiving message from worker 0 PID 33376 at time 85:875000000
OSS PID:33375 SysClockS:85 SysClockNano:875000000
Process Table:
Entry Occupied PID StartS StartN MessagesSent
0 1 33376 1 0 340
1 1 33377 2 0 336
2 0 0 0 0 0
3 0 0 0 0 0
4 0 0 0 0 0
5 0 0 0 0 0
6 0 0 0 0 0
7 0 0 0 0 0
8 0 0 0 0 0
9 0 0 0 0 0
10 0 0 0 0 0
11 0 0 0 0 0
12 0 0 0 0 0
13 0 0 0 0 0
14 0 0 0 0 0
15 0 0 0 0 0
16 0 0 0 0 0
17 0 0 0 0 0
18 0 0 0 0 0
19 0 0 0 0 0

OSS: Sending message to worker 1 PID 33377 at time 86:0
OSS: Receiving message from worker 1 PID 33377 at time 86:0
OSS PID:33375 SysClockS:86 SysClockNano:0
Process Table:
Entry Occupied PID StartS StartN MessagesSent
0 1 33376 1 0 340
1 1 33377 2 0 337
2 0 0 0 0 0
3 0 0 0 0 0
4 0 0 0 0 0
5 0 0 0 0 0
6 0 0 0 0 0
7 0 0 0 0 0
8 0 0 0 0 0
9 0 0 0 0 0
10 0 0 0 0 0
11 0 0 0 0 0
12 0 0 0 0 0
13 0 0 0 0 0
14 0 0 0 0 0
15 0 0 0 0 0
16 0 0 0 0 0
17 0 0 0 0 0
18 0 0 0 0 0
19 0 0 0 0 0

OSS: Sending message to worker 0 PID 33376 at time 86:125000000
OSS: Receiving message from worker 0 PID 33376 at time 86:125000000
OSS PID:33375 SysClockS:86 SysClockNano:125000000
Process Table:
Entry Occupied PID StartS StartN MessagesSent
0 1 33376 1 0 341
1 1 33377 2 0 337
2 0 0 0 0 0
3 0 0 0 0 0
4 0 0 0 0 0
5 0 0 0 0 0
6 0 0 0 0 0
7 0 0 0 0 0
8 0 0 0 0 0
9 0 0 0 0 0
10 0 0 0 0 0
11 0 0 0 0 0
12 0 0 0 0 0
13 0 0 0 0 0
14 0 0 0 0 0
15 0 0 0 0 0
16 0 0 0 0 0
17 0 0 0 0 0
18 0 0 0 0 0
19 0 0 0 0 0

OSS: Sending message to worker 1 PID 33377 at time 86:250000000
OSS: Receiving message from worker 1 PID 33377 at time 86:250000000
OSS PID:33375 SysClockS:86 SysClockNano:250000000
Process Table:
Entry Occupied PID StartS StartN MessagesSent
0 1 33376 1 0 341
1 1 33377 2 0 338
2 0 0 0 0 0
3 0 0 0 0 0
4 0 0 0 0 0
5 0 0 0 0 0
6 0 0 0 0 0
7 0 0 0 0 0
8 0 0 0 0 0
9 0 0 0 0 0
10 0 0 0 0 0
11 0 0 0 0 0
12 0 0 0 0 0
13 0 0 0 0 0
14 0 0 0 0 0
15 0 0 0 0 0
16 0 0 0 0 0
17 0 0 0 0 0
18 0 0 0 0 0
19 0 0 0 0 0

OSS: Sending message to worker 0 PID 33376 at time 86:375000000
OSS: Receiving message from worker 0 PID 33376 at time 86:375000000
OSS PID:33375 SysClockS:86 SysClockNano:375000000
Process Table:
Entry Occupied PID StartS StartN MessagesSent
0 1 33376 1 0 342
1 1 33377 2 0 338
2 0 0 0 0 0
3 0 0 0 0 0
4 0 0 0 0 0
5 0 0 0 0 0
6 0 0 0 0 0
7 0 0 0 0 0
8 0 0 0 0 0
9 0 0 0 0 0
10 0 0 0 0 0
11 0 0 0 0 0
12 0 0 0 0 0
13 0 0 0 0 0
14 0 0 0 0 0
15 0 0 0 0 0
16 0 0 0 0 0
17 0 0 0 0 0
18 0 0 0 0 0
19 0 0 0 0 0

OSS: Sending message to worker 1 PID 33377 at time 86:500000000
OSS: Receiving message from worker 1 PID 33377 at time 86:500000000
OSS PID:33375 SysClockS:86 SysClockNano:500000000
Process Table:
Entry Occupied PID StartS StartN MessagesSent
0 1 33376 1 0 342
1 1 33377 2 0 339
2 0 0 0 0 0
3 0 0 0 0 0
4 0 0 0 0 0
5 0 0 0 0 0
6 0 0 0 0 0
7 0 0 0 0 0
8 0 0 0 0 0
9 0 0 0 0 0
10 0 0 0 0 0
11 0 0 0 0 0
12 0 0 0 0 0
13 0 0 0 0 0
14 0 0 0 0 0
15 0 0 0 0 0
16 0 0 0 0 0
17 0 0 0 0 0
18 0 0 0 0 0
19 0 0 0 0 0

OSS: Sending message to worker 0 PID 33376 at time 86:625000000
OSS: Receiving message from worker 0 PID 33376 at time 86:625000000
OSS PID:33375 SysClockS:86 SysClockNano:625000000
Process Table:
Entry Occupied PID StartS StartN MessagesSent
0 1 33376 1 0 343
1 1 33377 2 0 339
2 0 0 0 0 0
3 0 0 0 0 0
4 0 0 0 0 0
5 0 0 0 0 0
6 0 0 0 0 0
7 0 0 0 0 0
8 0 0 0 0 0
9 0 0 0 0 0
10 0 0 0 0 0
11 0 0 0 0 0
12 0 0 0 0 0
13 0 0 0 0 0
14 0 0 0 0 0
15 0 0 0 0 0
16 0 0 0 0 0
17 0 0 0 0 0
18 0 0 0 0 0
19 0 0 0 0 0

OSS: Sending message to worker 1 PID 33377 at time 86:750000000
OSS: Receiving message from worker 1 PID 33377 at time 86:750000000
OSS PID:33375 SysClockS:86 SysClockNano:750000000
Process Table:
Entry Occupied PID StartS StartN MessagesSent
0 1 33376 1 0 343
1 1 33377 2 0 340
2 0 0 0 0 0
3 0 0 0 0 0
4 0 0 0 0 0
5 0 0 0 0 0
6 0 0 0 0 0
7 0 0 0 0 0
8 0 0 0 0 0
9 0 0 0 0 0
10 0 0 0 0 0
11 0 0 0 0 0
12 0 0 0 0 0
13 0 0 0 0 0
14 0 0 0 0 0
15 0 0 0 0 0
16 0 0 0 0 0
17 0 0 0 0 0
18 0 0 0 0 0
19 0 0 0 0 0

OSS: Sending message to worker 0 PID 33376 at time 86:875000000
OSS: Receiving message from worker 0 PID 33376 at time 86:875000000
OSS PID:33375 SysClockS:86 SysClockNano:875000000
Process Table:
Entry Occupied PID StartS StartN MessagesSent
0 1 33376 1 0 344
1 1 33377 2 0 340
2 0 0 0 0 0
3 0 0 0 0 0
4 0 0 0 0 0
5 0 0 0 0 0
6 0 0 0 0 0
7 0 0 0 0 0
8 0 0 0 0 0
9 0 0 0 0 0
10 0 0 0 0 0
11 0 0 0 0 0
12 0 0 0 0 0
13 0 0 0 0 0
14 0 0 0 0 0
15 0 0 0 0 0
16 0 0 0 0 0
17 0 0 0 0 0
18 0 0 0 0 0
19 0 0 0 0 0

OSS: Sending message to worker 1 PID 33377 at time 87:0
OSS: Receiving message from worker 1 PID 33377 at time 87:0
OSS PID:33375 SysClockS:87 SysClockNano:0
Process Table:
Entry Occupied PID StartS StartN MessagesSent
0 1 33376 1 0 344
1 1 33377 2 0 341
2 0 0 0 0 0
3 0 0 0 0 0
4 0 0 0 0 0
5 0 0 0 0 0
6 0 0 0 0 0
7 0 0 0 0 0
8 0 0 0 0 0
9 0 0 0 0 0
10 0 0 0 0 0
11 0 0 0 0 0
12 0 0 0 0 0
13 0 0 0 0 0
14 0 0 0 0 0
15 0 0 0 0 0
16 0 0 0 0 0
17 0 0 0 0 0
18 0 0 0 0 0
19 0 0 0 0 0

OSS: Sending message to worker 0 PID 33376 at time 87:125000000
OSS: Receiving message from worker 0 PID 33376 at time 87:125000000
OSS PID:33375 SysClockS:87 SysClockNano:125000000
Process Table:
Entry Occupied PID StartS StartN MessagesSent
0 1 33376 1 0 345
1 1 33377 2 0 341
2 0 0 0 0 0
3 0 0 0 0 0
4 0 0 0 0 0
5 0 0 0 0 0
6 0 0 0 0 0
7 0 0 0 0 0
8 0 0 0 0 0
9 0 0 0 0 0
10 0 0 0 0 0
11 0 0 0 0 0
12 0 0 0 0 0
13 0 0 0 0 0
14 0 0 0 0 0
15 0 0 0 0 0
16 0 0 0 0 0
17 0 0 0 0 0
18 0 0 0 0 0
19 0 0 0 0 0

OSS: Sending message to worker 1 PID 33377 at time 87:250000000
OSS: Receiving message from worker 1 PID 33377 at time 87:250000000
OSS PID:33375 SysClockS:87 SysClockNano:250000000
Process Table:
Entry Occupied PID StartS StartN MessagesSent
0 1 33376 1 0 345
1 1 33377 2 0 342
2 0 0 0 0 0
3 0 0 0 0 0
4 0 0 0 0 0
5 0 0 0 0 0
6 0 0 0 0 0
7 0 0 0 0 0
8 0 0 0 0 0
9 0 0 0 0 0
10 0 0 0 0 0
11 0 0 0 0 0
12 0 0 0 0 0
13 0 0 0 0 0
14 0 0 0 0 0
15 0 0 0 0 0
16 0 0 0 0 0
17 0 0 0 0 0
18 0 0 0 0 0
19 0 0 0 0 0

OSS: Sending message to worker 0 PID 33376 at time 87:375000000
OSS: Receiving message from worker 0 PID 33376 at time 87:375000000
OSS PID:33375 SysClockS:87 SysClockNano:375000000
Process Table:
Entry Occupied PID StartS StartN MessagesSent
0 1 33376 1 0 346
1 1 33377 2 0 342
2 0 0 0 0 0
3 0 0 0 0 0
4 0 0 0 0 0
5 0 0 0 0 0
6 0 0 0 0 0
7 0 0 0 0 0
8 0 0 0 0 0
9 0 0 0 0 0
10 0 0 0 0 0
11 0 0 0 0 0
12 0 0 0 0 0
13 0 0 0 0 0
14 0 0 0 0 0
15 0 0 0 0 0
16 0 0 0 0 0
17 0 0 0 0 0
18 0 0 0 0 0
19 0 0 0 0 0

OSS: Sending message to worker 1 PID 33377 at time 87:500000000
OSS: Receiving message from worker 1 PID 33377 at time 87:500000000
OSS PID:33375 SysClockS:87 SysClockNano:500000000
Process Table:
Entry Occupied PID StartS StartN MessagesSent
0 1 33376 1 0 346
1 1 33377 2 0 343
2 0 0 0 0 0
3 0 0 0 0 0
4 0 0 0 0 0
5 0 0 0 0 0
6 0 0 0 0 0
7 0 0 0 0 0
8 0 0 0 0 0
9 0 0 0 0 0
10 0 0 0 0 0
11 0 0 0 0 0
12 0 0 0 0 0
13 0 0 0 0 0
14 0 0 0 0 0
15 0 0 0 0 0
16 0 0 0 0 0
17 0 0 0 0 0
18 0 0 0 0 0
19 0 0 0 0 0

OSS: Sending message to worker 0 PID 33376 at time 87:625000000
OSS: Receiving message from worker 0 PID 33376 at time 87:625000000
OSS PID:33375 SysClockS:87 SysClockNano:625000000
Process Table:
Entry Occupied PID StartS StartN MessagesSent
0 1 33376 1 0 347
1 1 33377 2 0 343
2 0 0 0 0 0
3 0 0 0 0 0
4 0 0 0 0 0
5 0 0 0 0 0
6 0 0 0 0 0
7 0 0 0 0 0
8 0 0 0 0 0
9 0 0 0 0 0
10 0 0 0 0 0
11 0 0 0 0 0
12 0 0 0 0 0
13 0 0 0 0 0
14 0 0 0 0 0
15 0 0 0 0 0
16 0 0 0 0 0
17 0 0 0 0 0
18 0 0 0 0 0
19 0 0 0 0 0

OSS: Sending message to worker 1 PID 33377 at time 87:750000000
OSS: Receiving message from worker 1 PID 33377 at time 87:750000000
OSS PID:33375 SysClockS:87 SysClockNano:750000000
Process Table:
Entry Occupied PID StartS StartN MessagesSent
0 1 33376 1 0 347
1 1 33377 2 0 344
2 0 0 0 0 0
3 0 0 0 0 0
4 0 0 0 0 0
5 0 0 0 0 0
6 0 0 0 0 0
7 0 0 0 0 0
8 0 0 0 0 0
9 0 0 0 0 0
10 0 0 0 0 0
11 0 0 0 0 0
12 0 0 0 0 0
13 0 0 0 0 0
14 0 0 0 0 0
15 0 0 0 0 0
16 0 0 0 0 0
17 0 0 0 0 0
18 0 0 0 0 0
19 0 0 0 0 0

OSS: Sending message to worker 0 PID 33376 at time 87:875000000
OSS: Receiving message from worker 0 PID 33376 at time 87:875000000
OSS PID:33375 SysClockS:87 SysClockNano:875000000
Process Table:
Entry Occupied PID StartS StartN MessagesSent
0 1 33376 1 0 348
1 1 33377 2 0 344
2 0 0 0 0 0
3 0 0 0 0 0
4 0 0 0 0 0
5 0 0 0 0 0
6 0 0 0 0 0
7 0 0 0 0 0
8 0 0 0 0 0
9 0 0 0 0 0
10 0 0 0 0 0
11 0 0 0 0 0
12 0 0 0 0 0
13 0 0 0 0 0
14 0 0 0 0 0
15 0 0 0 0 0
16 0 0 0 0 0
17 0 0 0 0 0
18 0 0 0 0 0
19 0 0 0 0 0

OSS: Sending message to worker 1 PID 33377 at time 88:0
OSS: Receiving message from worker 1 PID 33377 at time 88:0
OSS PID:33375 SysClockS:88 SysClockNano:0
Process Table:
Entry Occupied PID StartS StartN MessagesSent
0 1 33376 1 0 348
1 1 33377 2 0 345
2 0 0 0 0 0
3 0 0 0 0 0
4 0 0 0 0 0
5 0 0 0 0 0
6 0 0 0 0 0
7 0 0 0 0 0
8 0 0 0 0 0
9 0 0 0 0 0
10 0 0 0 0 0
11 0 0 0 0 0
12 0 0 0 0 0
13 0 0 0 0 0
14 0 0 0 0 0
15 0 0 0 0 0
16 0 0 0 0 0
17 0 0 0 0 0
18 0 0 0 0 0
19 0 0 0 0 0

OSS: Sending message to worker 0 PID 33376 at time 88:125000000
OSS: Receiving message from worker 0 PID 33376 at time 88:125000000
OSS PID:33375 SysClockS:88 SysClockNano:125000000
Process Table:
Entry Occupied PID StartS StartN MessagesSent
0 1 33376 1 0 349
1 1 33377 2 0 345
2 0 0 0 0 0
3 0 0 0 0 0
4 0 0 0 0 0
5 0 0 0 0 0
6 0 0 0 0 0
7 0 0 0 0 0
8 0 0 0 0 0
9 0 0 0 0 0
10 0 0 0 0 0
11 0 0 0 0 0
12 0 0 0 0 0
13 0 0 0 0 0
14 0 0 0 0 0
15 0 0 0 0 0
16 0 0 0 0 0
17 0 0 0 0 0
18 0 0 0 0 0
19 0 0 0 0 0

OSS: Sending message to worker 1 PID 33377 at time 88:250000000
OSS: Receiving message from worker 1 PID 33377 at time 88:250000000
OSS PID:33375 SysClockS:88 SysClockNano:250000000
Process Table:
Entry Occupied PID StartS StartN MessagesSent
0 1 33376 1 0 349
1 1 33377 2 0 346
2 0 0 0 0 0
3 0 0 0 0 0
4 0 0 0 0 0
5 0 0 0 0 0
6 0 0 0 0 0
7 0 0 0 0 0
8 0 0 0 0 0
9 0 0 0 0 0
10 0 0 0 0 0
11 0 0 0 0 0
12 0 0 0 0 0
13 0 0 0 0 0
14 0 0 0 0 0
15 0 0 0 0 0
16 0 0 0 0 0
17 0 0 0 0 0
18 0 0 0 0 0
19 0 0 0 0 0

OSS: Sending message to worker 0 PID 33376 at time 88:375000000
OSS: Receiving message from worker 0 PID 33376 at time 88:375000000
OSS PID:33375 SysClockS:88 SysClockNano:375000000
Process Table:
Entry Occupied PID StartS StartN MessagesSent
0 1 33376 1 0 350
1 1 33377 2 0 346
2 0 0 0 0 0
3 0 0 0 0 0
4 0 0 0 0 0
5 0 0 0 0 0
6 0 0 0 0 0
7 0 0 0 0 0
8 0 0 0 0 0
9 0 0 0 0 0
10 0 0 0 0 0
11 0 0 0 0 0
12 0 0 0 0 0
13 0 0 0 0 0
14 0 0 0 0 0
15 0 0 0 0 0
16 0 0 0 0 0
17 0 0 0 0 0
18 0 0 0 0 0
19 0 0 0 0 0

OSS: Sending message to worker 1 PID 33377 at time 88:500000000
OSS: Receiving message from worker 1 PID 33377 at time 88:500000000
OSS PID:33375 SysClockS:88 SysClockNano:500000000
Process Table:
Entry Occupied PID StartS StartN MessagesSent
0 1 33376 1 0 350
1 1 33377 2 0 347
2 0 0 0 0 0
3 0 0 0 0 0
4 0 0 0 0 0
5 0 0 0 0 0
6 0 0 0 0 0
7 0 0 0 0 0
8 0 0 0 0 0
9 0 0 0 0 0
10 0 0 0 0 0
11 0 0 0 0 0
12 0 0 0 0 0
13 0 0 0 0 0
14 0 0 0 0 0
15 0 0 0 0 0
16 0 0 0 0 0
17 0 0 0 0 0
18 0 0 0 0 0
19 0 0 0 0 0

OSS: Sending message to worker 0 PID 33376 at time 88:625000000
OSS: Receiving message from worker 0 PID 33376 at time 88:625000000
OSS PID:33375 SysClockS:88 SysClockNano:625000000
Process Table:
Entry Occupied PID StartS StartN MessagesSent
0 1 33376 1 0 351
1 1 33377 2 0 347
2 0 0 0 0 0
3 0 0 0 0 0
4 0 0 0 0 0
5 0 0 0 0 0
6 0 0 0 0 0
7 0 0 0 0 0
8 0 0 0 0 0
9 0 0 0 0 0
10 0 0 0 0 0
11 0 0 0 0 0
12 0 0 0 0 0
13 0 0 0 0 0
14 0 0 0 0 0
15 0 0 0 0 0
16 0 0 0 0 0
17 0 0 0 0 0
18 0 0 0 0 0
19 0 0 0 0 0

OSS: Sending message to worker 1 PID 33377 at time 88:750000000
OSS: Receiving message from worker 1 PID 33377 at time 88:750000000
OSS PID:33375 SysClockS:88 SysClockNano:750000000
Process Table:
Entry Occupied PID StartS StartN MessagesSent
0 1 33376 1 0 351
1 1 33377 2 0 348
2 0 0 0 0 0
3 0 0 0 0 0
4 0 0 0 0 0
5 0 0 0 0 0
6 0 0 0 0 0
7 0 0 0 0 0
8 0 0 0 0 0
9 0 0 0 0 0
10 0 0 0 0 0
11 0 0 0 0 0
12 0 0 0 0 0
13 0 0 0 0 0
14 0 0 0 0 0
15 0 0 0 0 0
16 0 0 0 0 0
17 0 0 0 0 0
18 0 0 0 0 0
19 0 0 0 0 0

OSS: Sending message to worker 0 PID 33376 at time 88:875000000
OSS: Receiving message from worker 0 PID 33376 at time 88:875000000
OSS PID:33375 SysClockS:88 SysClockNano:875000000
Process Table:
Entry Occupied PID StartS StartN MessagesSent
0 1 33376 1 0 352
1 1 33377 2 0 348
2 0 0 0 0 0
3 0 0 0 0 0
4 0 0 0 0 0
5 0 0 0 0 0
6 0 0 0 0 0
7 0 0 0 0 0
8 0 0 0 0 0
9 0 0 0 0 0
10 0 0 0 0 0
11 0 0 0 0 0
12 0 0 0 0 0
13 0 0 0 0 0
14 0 0 0 0 0
15 0 0 0 0 0
16 0 0 0 0 0
17 0 0 0 0 0
18 0 0 0 0 0
19 0 0 0 0 0

OSS: Sending message to worker 1 PID 33377 at time 89:0
OSS: Receiving message from worker 1 PID 33377 at time 89:0
OSS PID:33375 SysClockS:89 SysClockNano:0
Process Table:
Entry Occupied PID StartS StartN MessagesSent
0 1 33376 1 0 352
1 1 33377 2 0 349
2 0 0 0 0 0
3 0 0 0 0 0
4 0 0 0 0 0
5 0 0 0 0 0
6 0 0 0 0 0
7 0 0 0 0 0
8 0 0 0 0 0
9 0 0 0 0 0
10 0 0 0 0 0
11 0 0 0 0 0
12 0 0 0 0 0
13 0 0 0 0 0
14 0 0 0 0 0
15 0 0 0 0 0
16 0 0 0 0 0
17 0 0 0 0 0
18 0 0 0 0 0
19 0 0 0 0 0

OSS: Sending message to worker 0 PID 33376 at time 89:125000000
OSS: Receiving message from worker 0 PID 33376 at time 89:125000000
OSS PID:33375 SysClockS:89 SysClockNano:125000000
Process Table:
Entry Occupied PID StartS StartN MessagesSent
0 1 33376 1 0 353
1 1 33377 2 0 349
2 0 0 0 0 0
3 0 0 0 0 0
4 0 0 0 0 0
5 0 0 0 0 0
6 0 0 0 0 0
7 0 0 0 0 0
8 0 0 0 0 0
9 0 0 0 0 0
10 0 0 0 0 0
11 0 0 0 0 0
12 0 0 0 0 0
13 0 0 0 0 0
14 0 0 0 0 0
15 0 0 0 0 0
16 0 0 0 0 0
17 0 0 0 0 0
18 0 0 0 0 0
19 0 0 0 0 0

OSS: Sending message to worker 1 PID 33377 at time 89:250000000
OSS: Receiving message from worker 1 PID 33377 at time 89:250000000
OSS PID:33375 SysClockS:89 SysClockNano:250000000
Process Table:
Entry Occupied PID StartS StartN MessagesSent
0 1 33376 1 0 353
1 1 33377 2 0 350
2 0 0 0 0 0
3 0 0 0 0 0
4 0 0 0 0 0
5 0 0 0 0 0
6 0 0 0 0 0
7 0 0 0 0 0
8 0 0 0 0 0
9 0 0 0 0 0
10 0 0 0 0 0
11 0 0 0 0 0
12 0 0 0 0 0
13 0 0 0 0 0
14 0 0 0 0 0
15 0 0 0 0 0
16 0 0 0 0 0
17 0 0 0 0 0
18 0 0 0 0 0
19 0 0 0 0 0

OSS: Sending message to worker 0 PID 33376 at time 89:375000000
OSS: Receiving message from worker 0 PID 33376 at time 89:375000000
OSS PID:33375 SysClockS:89 SysClockNano:375000000
Process Table:
Entry Occupied PID StartS StartN MessagesSent
0 1 33376 1 0 354
1 1 33377 2 0 350
2 0 0 0 0 0
3 0 0 0 0 0
4 0 0 0 0 0
5 0 0 0 0 0
6 0 0 0 0 0
7 0 0 0 0 0
8 0 0 0 0 0
9 0 0 0 0 0
10 0 0 0 0 0
11 0 0 0 0 0
12 0 0 0 0 0
13 0 0 0 0 0
14 0 0 0 0 0
15 0 0 0 0 0
16 0 0 0 0 0
17 0 0 0 0 0
18 0 0 0 0 0
19 0 0 0 0 0

OSS: Sending message to worker 1 PID 33377 at time 89:500000000
OSS: Receiving message from worker 1 PID 33377 at time 89:500000000
OSS PID:33375 SysClockS:89 SysClockNano:500000000
Process Table:
Entry Occupied PID StartS StartN MessagesSent
0 1 33376 1 0 354
1 1 33377 2 0 351
2 0 0 0 0 0
3 0 0 0 0 0
4 0 0 0 0 0
5 0 0 0 0 0
6 0 0 0 0 0
7 0 0 0 0 0
8 0 0 0 0 0
9 0 0 0 0 0
10 0 0 0 0 0
11 0 0 0 0 0
12 0 0 0 0 0
13 0 0 0 0 0
14 0 0 0 0 0
15 0 0 0 0 0
16 0 0 0 0 0
17 0 0 0 0 0
18 0 0 0 0 0
19 0 0 0 0 0

OSS: Sending message to worker 0 PID 33376 at time 89:625000000
OSS: Receiving message from worker 0 PID 33376 at time 89:625000000
OSS PID:33375 SysClockS:89 SysClockNano:625000000
Process Table:
Entry Occupied PID StartS StartN MessagesSent
0 1 33376 1 0 355
1 1 33377 2 0 351
2 0 0 0 0 0
3 0 0 0 0 0
4 0 0 0 0 0
5 0 0 0 0 0
6 0 0 0 0 0
7 0 0 0 0 0
8 0 0 0 0 0
9 0 0 0 0 0
10 0 0 0 0 0
11 0 0 0 0 0
12 0 0 0 0 0
13 0 0 0 0 0
14 0 0 0 0 0
15 0 0 0 0 0
16 0 0 0 0 0
17 0 0 0 0 0
18 0 0 0 0 0
19 0 0 0 0 0

OSS: Sending message to worker 1 PID 33377 at time 89:750000000
OSS: Receiving message from worker 1 PID 33377 at time 89:750000000
OSS PID:33375 SysClockS:89 SysClockNano:750000000
Process Table:
Entry Occupied PID StartS StartN MessagesSent
0 1 33376 1 0 355
1 1 33377 2 0 352
2 0 0 0 0 0
3 0 0 0 0 0
4 0 0 0 0 0
5 0 0 0 0 0
6 0 0 0 0 0
7 0 0 0 0 0
8 0 0 0 0 0
9 0 0 0 0 0
10 0 0 0 0 0
11 0 0 0 0 0
12 0 0 0 0 0
13 0 0 0 0 0
14 0 0 0 0 0
15 0 0 0 0 0
16 0 0 0 0 0
17 0 0 0 0 0
18 0 0 0 0 0
19 0 0 0 0 0

OSS: Sending message to worker 0 PID 33376 at time 89:875000000
OSS: Receiving message from worker 0 PID 33376 at time 89:875000000
OSS PID:33375 SysClockS:89 SysClockNano:875000000
Process Table:
Entry Occupied PID StartS StartN MessagesSent
0 1 33376 1 0 356
1 1 33377 2 0 352
2 0 0 0 0 0
3 0 0 0 0 0
4 0 0 0 0 0
5 0 0 0 0 0
6 0 0 0 0 0
7 0 0 0 0 0
8 0 0 0 0 0
9 0 0 0 0 0
10 0 0 0 0 0
11 0 0 0 0 0
12 0 0 0 0 0
13 0 0 0 0 0
14 0 0 0 0 0
15 0 0 0 0 0
16 0 0 0 0 0
17 0 0 0 0 0
18 0 0 0 0 0
19 0 0 0 0 0

OSS: Sending message to worker 1 PID 33377 at time 90:0
OSS: Receiving message from worker 1 PID 33377 at time 90:0
OSS PID:33375 SysClockS:90 SysClockNano:0
Process Table:
Entry Occupied PID StartS StartN MessagesSent
0 1 33376 1 0 356
1 1 33377 2 0 353
2 0 0 0 0 0
3 0 0 0 0 0
4 0 0 0 0 0
5 0 0 0 0 0
6 0 0 0 0 0
7 0 0 0 0 0
8 0 0 0 0 0
9 0 0 0 0 0
10 0 0 0 0 0
11 0 0 0 0 0
12 0 0 0 0 0
13 0 0 0 0 0
14 0 0 0 0 0
15 0 0 0 0 0
16 0 0 0 0 0
17 0 0 0 0 0
18 0 0 0 0 0
19 0 0 0 0 0

OSS: Sending message to worker 0 PID 33376 at time 90:125000000
OSS: Receiving message from worker 0 PID 33376 at time 90:125000000
OSS PID:33375 SysClockS:90 SysClockNano:125000000
Process Table:
Entry Occupied PID StartS StartN MessagesSent
0 1 33376 1 0 357
1 1 33377 2 0 353
2 0 0 0 0 0
3 0 0 0 0 0
4 0 0 0 0 0
5 0 0 0 0 0
6 0 0 0 0 0
7 0 0 0 0 0
8 0 0 0 0 0
9 0 0 0 0 0
10 0 0 0 0 0
11 0 0 0 0 0
12 0 0 0 0 0
13 0 0 0 0 0
14 0 0 0 0 0
15 0 0 0 0 0
16 0 0 0 0 0
17 0 0 0 0 0
18 0 0 0 0 0
19 0 0 0 0 0

OSS: Sending message to worker 1 PID 33377 at time 90:250000000
OSS: Receiving message from worker 1 PID 33377 at time 90:250000000
OSS PID:33375 SysClockS:90 SysClockNano:250000000
Process Table:
Entry Occupied PID StartS StartN MessagesSent
0 1 33376 1 0 357
1 1 33377 2 0 354
2 0 0 0 0 0
3 0 0 0 0 0
4 0 0 0 0 0
5 0 0 0 0 0
6 0 0 0 0 0
7 0 0 0 0 0
8 0 0 0 0 0
9 0 0 0 0 0
10 0 0 0 0 0
11 0 0 0 0 0
12 0 0 0 0 0
13 0 0 0 0 0
14 0 0 0 0 0
15 0 0 0 0 0
16 0 0 0 0 0
17 0 0 0 0 0
18 0 0 0 0 0
19 0 0 0 0 0

OSS: Sending message to worker 0 PID 33376 at time 90:375000000
OSS: Receiving message from worker 0 PID 33376 at time 90:375000000
OSS PID:33375 SysClockS:90 SysClockNano:375000000
Process Table:
Entry Occupied PID StartS StartN MessagesSent
0 1 33376 1 0 358
1 1 33377 2 0 354
2 0 0 0 0 0
3 0 0 0 0 0
4 0 0 0 0 0
5 0 0 0 0 0
6 0 0 0 0 0
7 0 0 0 0 0
8 0 0 0 0 0
9 0 0 0 0 0
10 0 0 0 0 0
11 0 0 0 0 0
12 0 0 0 0 0
13 0 0 0 0 0
14 0 0 0 0 0
15 0 0 0 0 0
16 0 0 0 0 0
17 0 0 0 0 0
18 0 0 0 0 0
19 0 0 0 0 0

OSS: Sending message to worker 1 PID 33377 at time 90:500000000
OSS: Receiving message from worker 1 PID 33377 at time 90:500000000
OSS PID:33375 SysClockS:90 SysClockNano:500000000
Process Table:
Entry Occupied PID StartS StartN MessagesSent
0 1 33376 1 0 358
1 1 33377 2 0 355
2 0 0 0 0 0
3 0 0 0 0 0
4 0 0 0 0 0
5 0 0 0 0 0
6 0 0 0 0 0
7 0 0 0 0 0
8 0 0 0 0 0
9 0 0 0 0 0
10 0 0 0 0 0
11 0 0 0 0 0
12 0 0 0 0 0
13 0 0 0 0 0
14 0 0 0 0 0
15 0 0 0 0 0
16 0 0 0 0 0
17 0 0 0 0 0
18 0 0 0 0 0
19 0 0 0 0 0

OSS: Sending message to worker 0 PID 33376 at time 90:625000000
OSS: Receiving message from worker 0 PID 33376 at time 90:625000000
OSS PID:33375 SysClockS:90 SysClockNano:625000000
Process Table:
Entry Occupied PID StartS StartN MessagesSent
0 1 33376 1 0 359
1 1 33377 2 0 355
2 0 0 0 0 0
3 0 0 0 0 0
4 0 0 0 0 0
5 0 0 0 0 0
6 0 0 0 0 0
7 0 0 0 0 0
8 0 0 0 0 0
9 0 0 0 0 0
10 0 0 0 0 0
11 0 0 0 0 0
12 0 0 0 0 0
13 0 0 0 0 0
14 0 0 0 0 0
15 0 0 0 0 0
16 0 0 0 0 0
17 0 0 0 0 0
18 0 0 0 0 0
19 0 0 0 0 0

OSS: Sending message to worker 1 PID 33377 at time 90:750000000
OSS: Receiving message from worker 1 PID 33377 at time 90:750000000
OSS PID:33375 SysClockS:90 SysClockNano:750000000
Process Table:
Entry Occupied PID StartS StartN MessagesSent
0 1 33376 1 0 359
1 1 33377 2 0 356
2 0 0 0 0 0
3 0 0 0 0 0
4 0 0 0 0 0
5 0 0 0 0 0
6 0 0 0 0 0
7 0 0 0 0 0
8 0 0 0 0 0
9 0 0 0 0 0
10 0 0 0 0 0
11 0 0 0 0 0
12 0 0 0 0 0
13 0 0 0 0 0
14 0 0 0 0 0
15 0 0 0 0 0
16 0 0 0 0 0
17 0 0 0 0 0
18 0 0 0 0 0
19 0 0 0 0 0

OSS: Sending message to worker 0 PID 33376 at time 90:875000000
OSS: Receiving message from worker 0 PID 33376 at time 90:875000000
OSS PID:33375 SysClockS:90 SysClockNano:875000000
Process Table:
Entry Occupied PID StartS StartN MessagesSent
0 1 33376 1 0 360
1 1 33377 2 0 356
2 0 0 0 0 0
3 0 0 0 0 0
4 0 0 0 0 0
5 0 0 0 0 0
6 0 0 0 0 0
7 0 0 0 0 0
8 0 0 0 0 0
9 0 0 0 0 0
10 0 0 0 0 0
11 0 0 0 0 0
12 0 0 0 0 0
13 0 0 0 0 0
14 0 0 0 0 0
15 0 0 0 0 0
16 0 0 0 0 0
17 0 0 0 0 0
18 0 0 0 0 0
19 0 0 0 0 0

OSS: Sending message to worker 1 PID 33377 at time 91:0
OSS: Receiving message from worker 1 PID 33377 at time 91:0
OSS PID:33375 SysClockS:91 SysClockNano:0
Process Table:
Entry Occupied PID StartS StartN MessagesSent
0 1 33376 1 0 360
1 1 33377 2 0 357
2 0 0 0 0 0
3 0 0 0 0 0
4 0 0 0 0 0
5 0 0 0 0 0
6 0 0 0 0 0
7 0 0 0 0 0
8 0 0 0 0 0
9 0 0 0 0 0
10 0 0 0 0 0
11 0 0 0 0 0
12 0 0 0 0 0
13 0 0 0 0 0
14 0 0 0 0 0
15 0 0 0 0 0
16 0 0 0 0 0
17 0 0 0 0 0
18 0 0 0 0 0
19 0 0 0 0 0

OSS: Sending message to worker 0 PID 33376 at time 91:125000000
OSS: Receiving message from worker 0 PID 33376 at time 91:125000000
OSS PID:33375 SysClockS:91 SysClockNano:125000000
Process Table:
Entry Occupied PID StartS StartN MessagesSent
0 1 33376 1 0 361
1 1 33377 2 0 357
2 0 0 0 0 0
3 0 0 0 0 0
4 0 0 0 0 0
5 0 0 0 0 0
6 0 0 0 0 0
7 0 0 0 0 0
8 0 0 0 0 0
9 0 0 0 0 0
10 0 0 0 0 0
11 0 0 0 0 0
12 0 0 0 0 0
13 0 0 0 0 0
14 0 0 0 0 0
15 0 0 0 0 0
16 0 0 0 0 0
17 0 0 0 0 0
18 0 0 0 0 0
19 0 0 0 0 0

OSS: Sending message to worker 1 PID 33377 at time 91:250000000
OSS: Receiving message from worker 1 PID 33377 at time 91:250000000
OSS PID:33375 SysClockS:91 SysClockNano:250000000
Process Table:
Entry Occupied PID StartS StartN MessagesSent
0 1 33376 1 0 361
1 1 33377 2 0 358
2 0 0 0 0 0
3 0 0 0 0 0
4 0 0 0 0 0
5 0 0 0 0 0
6 0 0 0 0 0
7 0 0 0 0 0
8 0 0 0 0 0
9 0 0 0 0 0
10 0 0 0 0 0
11 0 0 0 0 0
12 0 0 0 0 0
13 0 0 0 0 0
14 0 0 0 0 0
15 0 0 0 0 0
16 0 0 0 0 0
17 0 0 0 0 0
18 0 0 0 0 0
19 0 0 0 0 0

OSS: Sending message to worker 0 PID 33376 at time 91:375000000
OSS: Receiving message from worker 0 PID 33376 at time 91:375000000
OSS PID:33375 SysClockS:91 SysClockNano:375000000
Process Table:
Entry Occupied PID StartS StartN MessagesSent
0 1 33376 1 0 362
1 1 33377 2 0 358
2 0 0 0 0 0
3 0 0 0 0 0
4 0 0 0 0 0
5 0 0 0 0 0
6 0 0 0 0 0
7 0 0 0 0 0
8 0 0 0 0 0
9 0 0 0 0 0
10 0 0 0 0 0
11 0 0 0 0 0
12 0 0 0 0 0
13 0 0 0 0 0
14 0 0 0 0 0
15 0 0 0 0 0
16 0 0 0 0 0
17 0 0 0 0 0
18 0 0 0 0 0
19 0 0 0 0 0

OSS: Sending message to worker 1 PID 33377 at time 91:500000000
OSS: Receiving message from worker 1 PID 33377 at time 91:500000000
OSS PID:33375 SysClockS:91 SysClockNano:500000000
Process Table:
Entry Occupied PID StartS StartN MessagesSent
0 1 33376 1 0 362
1 1 33377 2 0 359
2 0 0 0 0 0
3 0 0 0 0 0
4 0 0 0 0 0
5 0 0 0 0 0
6 0 0 0 0 0
7 0 0 0 0 0
8 0 0 0 0 0
9 0 0 0 0 0
10 0 0 0 0 0
11 0 0 0 0 0
12 0 0 0 0 0
13 0 0 0 0 0
14 0 0 0 0 0
15 0 0 0 0 0
16 0 0 0 0 0
17 0 0 0 0 0
18 0 0 0 0 0
19 0 0 0 0 0

OSS: Sending message to worker 0 PID 33376 at time 91:625000000
OSS: Receiving message from worker 0 PID 33376 at time 91:625000000
OSS PID:33375 SysClockS:91 SysClockNano:625000000
Process Table:
Entry Occupied PID StartS StartN MessagesSent
0 1 33376 1 0 363
1 1 33377 2 0 359
2 0 0 0 0 0
3 0 0 0 0 0
4 0 0 0 0 0
5 0 0 0 0 0
6 0 0 0 0 0
7 0 0 0 0 0
8 0 0 0 0 0
9 0 0 0 0 0
10 0 0 0 0 0
11 0 0 0 0 0
12 0 0 0 0 0
13 0 0 0 0 0
14 0 0 0 0 0
15 0 0 0 0 0
16 0 0 0 0 0
17 0 0 0 0 0
18 0 0 0 0 0
19 0 0 0 0 0

OSS: Sending message to worker 1 PID 33377 at time 91:750000000
OSS: Receiving message from worker 1 PID 33377 at time 91:750000000
OSS PID:33375 SysClockS:91 SysClockNano:750000000
Process Table:
Entry Occupied PID StartS StartN MessagesSent
0 1 33376 1 0 363
1 1 33377 2 0 360
2 0 0 0 0 0
3 0 0 0 0 0
4 0 0 0 0 0
5 0 0 0 0 0
6 0 0 0 0 0
7 0 0 0 0 0
8 0 0 0 0 0
9 0 0 0 0 0
10 0 0 0 0 0
11 0 0 0 0 0
12 0 0 0 0 0
13 0 0 0 0 0
14 0 0 0 0 0
15 0 0 0 0 0
16 0 0 0 0 0
17 0 0 0 0 0
18 0 0 0 0 0
19 0 0 0 0 0

OSS: Sending message to worker 0 PID 33376 at time 91:875000000
OSS: Receiving message from worker 0 PID 33376 at time 91:875000000
OSS PID:33375 SysClockS:91 SysClockNano:875000000
Process Table:
Entry Occupied PID StartS StartN MessagesSent
0 1 33376 1 0 364
1 1 33377 2 0 360
2 0 0 0 0 0
3 0 0 0 0 0
4 0 0 0 0 0
5 0 0 0 0 0
6 0 0 0 0 0
7 0 0 0 0 0
8 0 0 0 0 0
9 0 0 0 0 0
10 0 0 0 0 0
11 0 0 0 0 0
12 0 0 0 0 0
13 0 0 0 0 0
14 0 0 0 0 0
15 0 0 0 0 0
16 0 0 0 0 0
17 0 0 0 0 0
18 0 0 0 0 0
19 0 0 0 0 0

OSS: Sending message to worker 1 PID 33377 at time 92:0
OSS: Receiving message from worker 1 PID 33377 at time 92:0
OSS PID:33375 SysClockS:92 SysClockNano:0
Process Table:
Entry Occupied PID StartS StartN MessagesSent
0 1 33376 1 0 364
1 1 33377 2 0 361
2 0 0 0 0 0
3 0 0 0 0 0
4 0 0 0 0 0
5 0 0 0 0 0
6 0 0 0 0 0
7 0 0 0 0 0
8 0 0 0 0 0
9 0 0 0 0 0
10 0 0 0 0 0
11 0 0 0 0 0
12 0 0 0 0 0
13 0 0 0 0 0
14 0 0 0 0 0
15 0 0 0 0 0
16 0 0 0 0 0
17 0 0 0 0 0
18 0 0 0 0 0
19 0 0 0 0 0

OSS: Sending message to worker 0 PID 33376 at time 92:125000000
OSS: Receiving message from worker 0 PID 33376 at time 92:125000000
OSS PID:33375 SysClockS:92 SysClockNano:125000000
Process Table:
Entry Occupied PID StartS StartN MessagesSent
0 1 33376 1 0 365
1 1 33377 2 0 361
2 0 0 0 0 0
3 0 0 0 0 0
4 0 0 0 0 0
5 0 0 0 0 0
6 0 0 0 0 0
7 0 0 0 0 0
8 0 0 0 0 0
9 0 0 0 0 0
10 0 0 0 0 0
11 0 0 0 0 0
12 0 0 0 0 0
13 0 0 0 0 0
14 0 0 0 0 0
15 0 0 0 0 0
16 0 0 0 0 0
17 0 0 0 0 0
18 0 0 0 0 0
19 0 0 0 0 0

OSS: Sending message to worker 1 PID 33377 at time 92:250000000
OSS: Receiving message from worker 1 PID 33377 at time 92:250000000
OSS PID:33375 SysClockS:92 SysClockNano:250000000
Process Table:
Entry Occupied PID StartS StartN MessagesSent
0 1 33376 1 0 365
1 1 33377 2 0 362
2 0 0 0 0 0
3 0 0 0 0 0
4 0 0 0 0 0
5 0 0 0 0 0
6 0 0 0 0 0
7 0 0 0 0 0
8 0 0 0 0 0
9 0 0 0 0 0
10 0 0 0 0 0
11 0 0 0 0 0
12 0 0 0 0 0
13 0 0 0 0 0
14 0 0 0 0 0
15 0 0 0 0 0
16 0 0 0 0 0
17 0 0 0 0 0
18 0 0 0 0 0
19 0 0 0 0 0

OSS: Sending message to worker 0 PID 33376 at time 92:375000000
OSS: Receiving message from worker 0 PID 33376 at time 92:375000000
OSS PID:33375 SysClockS:92 SysClockNano:375000000
Process Table:
Entry Occupied PID StartS StartN MessagesSent
0 1 33376 1 0 366
1 1 33377 2 0 362
2 0 0 0 0 0
3 0 0 0 0 0
4 0 0 0 0 0
5 0 0 0 0 0
6 0 0 0 0 0
7 0 0 0 0 0
8 0 0 0 0 0
9 0 0 0 0 0
10 0 0 0 0 0
11 0 0 0 0 0
12 0 0 0 0 0
13 0 0 0 0 0
14 0 0 0 0 0
15 0 0 0 0 0
16 0 0 0 0 0
17 0 0 0 0 0
18 0 0 0 0 0
19 0 0 0 0 0

OSS: Sending message to worker 1 PID 33377 at time 92:500000000
OSS: Receiving message from worker 1 PID 33377 at time 92:500000000
OSS PID:33375 SysClockS:92 SysClockNano:500000000
Process Table:
Entry Occupied PID StartS StartN MessagesSent
0 1 33376 1 0 366
1 1 33377 2 0 363
2 0 0 0 0 0
3 0 0 0 0 0
4 0 0 0 0 0
5 0 0 0 0 0
6 0 0 0 0 0
7 0 0 0 0 0
8 0 0 0 0 0
9 0 0 0 0 0
10 0 0 0 0 0
11 0 0 0 0 0
12 0 0 0 0 0
13 0 0 0 0 0
14 0 0 0 0 0
15 0 0 0 0 0
16 0 0 0 0 0
17 0 0 0 0 0
18 0 0 0 0 0
19 0 0 0 0 0

OSS: Sending message to worker 0 PID 33376 at time 92:625000000
OSS: Receiving message from worker 0 PID 33376 at time 92:625000000
OSS PID:33375 SysClockS:92 SysClockNano:625000000
Process Table:
Entry Occupied PID StartS StartN MessagesSent
0 1 33376 1 0 367
1 1 33377 2 0 363
2 0 0 0 0 0
3 0 0 0 0 0
4 0 0 0 0 0
5 0 0 0 0 0
6 0 0 0 0 0
7 0 0 0 0 0
8 0 0 0 0 0
9 0 0 0 0 0
10 0 0 0 0 0
11 0 0 0 0 0
12 0 0 0 0 0
13 0 0 0 0 0
14 0 0 0 0 0
15 0 0 0 0 0
16 0 0 0 0 0
17 0 0 0 0 0
18 0 0 0 0 0
19 0 0 0 0 0

OSS: Sending message to worker 1 PID 33377 at time 92:750000000
OSS: Receiving message from worker 1 PID 33377 at time 92:750000000
OSS PID:33375 SysClockS:92 SysClockNano:750000000
Process Table:
Entry Occupied PID StartS StartN MessagesSent
0 1 33376 1 0 367
1 1 33377 2 0 364
2 0 0 0 0 0
3 0 0 0 0 0
4 0 0 0 0 0
5 0 0 0 0 0
6 0 0 0 0 0
7 0 0 0 0 0
8 0 0 0 0 0
9 0 0 0 0 0
10 0 0 0 0 0
11 0 0 0 0 0
12 0 0 0 0 0
13 0 0 0 0 0
14 0 0 0 0 0
15 0 0 0 0 0
16 0 0 0 0 0
17 0 0 0 0 0
18 0 0 0 0 0
19 0 0 0 0 0

OSS: Sending message to worker 0 PID 33376 at time 92:875000000
OSS: Receiving message from worker 0 PID 33376 at time 92:875000000
OSS PID:33375 SysClockS:92 SysClockNano:875000000
Process Table:
Entry Occupied PID StartS StartN MessagesSent
0 1 33376 1 0 368
1 1 33377 2 0 364
2 0 0 0 0 0
3 0 0 0 0 0
4 0 0 0 0 0
5 0 0 0 0 0
6 0 0 0 0 0
7 0 0 0 0 0
8 0 0 0 0 0
9 0 0 0 0 0
10 0 0 0 0 0
11 0 0 0 0 0
12 0 0 0 0 0
13 0 0 0 0 0
14 0 0 0 0 0
15 0 0 0 0 0
16 0 0 0 0 0
17 0 0 0 0 0
18 0 0 0 0 0
19 0 0 0 0 0

OSS: Sending message to worker 1 PID 33377 at time 93:0
OSS: Receiving message from worker 1 PID 33377 at time 93:0
OSS PID:33375 SysClockS:93 SysClockNano:0
Process Table:
Entry Occupied PID StartS StartN MessagesSent
0 1 33376 1 0 368
1 1 33377 2 0 365
2 0 0 0 0 0
3 0 0 0 0 0
4 0 0 0 0 0
5 0 0 0 0 0
6 0 0 0 0 0
7 0 0 0 0 0
8 0 0 0 0 0
9 0 0 0 0 0
10 0 0 0 0 0
11 0 0 0 0 0
12 0 0 0 0 0
13 0 0 0 0 0
14 0 0 0 0 0
15 0 0 0 0 0
16 0 0 0 0 0
17 0 0 0 0 0
18 0 0 0 0 0
19 0 0 0 0 0

OSS: Sending message to worker 0 PID 33376 at time 93:125000000
OSS: Receiving message from worker 0 PID 33376 at time 93:125000000
OSS PID:33375 SysClockS:93 SysClockNano:125000000
Process Table:
Entry Occupied PID StartS StartN MessagesSent
0 1 33376 1 0 369
1 1 33377 2 0 365
2 0 0 0 0 0
3 0 0 0 0 0
4 0 0 0 0 0
5 0 0 0 0 0
6 0 0 0 0 0
7 0 0 0 0 0
8 0 0 0 0 0
9 0 0 0 0 0
10 0 0 0 0 0
11 0 0 0 0 0
12 0 0 0 0 0
13 0 0 0 0 0
14 0 0 0 0 0
15 0 0 0 0 0
16 0 0 0 0 0
17 0 0 0 0 0
18 0 0 0 0 0
19 0 0 0 0 0

OSS: Sending message to worker 1 PID 33377 at time 93:250000000
OSS: Receiving message from worker 1 PID 33377 at time 93:250000000
OSS PID:33375 SysClockS:93 SysClockNano:250000000
Process Table:
Entry Occupied PID StartS StartN MessagesSent
0 1 33376 1 0 369
1 1 33377 2 0 366
2 0 0 0 0 0
3 0 0 0 0 0
4 0 0 0 0 0
5 0 0 0 0 0
6 0 0 0 0 0
7 0 0 0 0 0
8 0 0 0 0 0
9 0 0 0 0 0
10 0 0 0 0 0
11 0 0 0 0 0
12 0 0 0 0 0
13 0 0 0 0 0
14 0 0 0 0 0
15 0 0 0 0 0
16 0 0 0 0 0
17 0 0 0 0 0
18 0 0 0 0 0
19 0 0 0 0 0

OSS: Sending message to worker 0 PID 33376 at time 93:375000000
OSS: Receiving message from worker 0 PID 33376 at time 93:375000000
OSS PID:33375 SysClockS:93 SysClockNano:375000000
Process Table:
Entry Occupied PID StartS StartN MessagesSent
0 1 33376 1 0 370
1 1 33377 2 0 366
2 0 0 0 0 0
3 0 0 0 0 0
4 0 0 0 0 0
5 0 0 0 0 0
6 0 0 0 0 0
7 0 0 0 0 0
8 0 0 0 0 0
9 0 0 0 0 0
10 0 0 0 0 0
11 0 0 0 0 0
12 0 0 0 0 0
13 0 0 0 0 0
14 0 0 0 0 0
15 0 0 0 0 0
16 0 0 0 0 0
17 0 0 0 0 0
18 0 0 0 0 0
19 0 0 0 0 0

OSS: Sending message to worker 1 PID 33377 at time 93:500000000
OSS: Receiving message from worker 1 PID 33377 at time 93:500000000
OSS PID:33375 SysClockS:93 SysClockNano:500000000
Process Table:
Entry Occupied PID StartS StartN MessagesSent
0 1 33376 1 0 370
1 1 33377 2 0 367
2 0 0 0 0 0
3 0 0 0 0 0
4 0 0 0 0 0
5 0 0 0 0 0
6 0 0 0 0 0
7 0 0 0 0 0
8 0 0 0 0 0
9 0 0 0 0 0
10 0 0 0 0 0
11 0 0 0 0 0
12 0 0 0 0 0
13 0 0 0 0 0
14 0 0 0 0 0
15 0 0 0 0 0
16 0 0 0 0 0
17 0 0 0 0 0
18 0 0 0 0 0
19 0 0 0 0 0

OSS: Sending message to worker 0 PID 33376 at time 93:625000000
OSS: Receiving message from worker 0 PID 33376 at time 93:625000000
OSS PID:33375 SysClockS:93 SysClockNano:625000000
Process Table:
Entry Occupied PID StartS StartN MessagesSent
0 1 33376 1 0 371
1 1 33377 2 0 367
2 0 0 0 0 0
3 0 0 0 0 0
4 0 0 0 0 0
5 0 0 0 0 0
6 0 0 0 0 0
7 0 0 0 0 0
8 0 0 0 0 0
9 0 0 0 0 0
10 0 0 0 0 0
11 0 0 0 0 0
12 0 0 0 0 0
13 0 0 0 0 0
14 0 0 0 0 0
15 0 0 0 0 0
16 0 0 0 0 0
17 0 0 0 0 0
18 0 0 0 0 0
19 0 0 0 0 0

OSS: Sending message to worker 1 PID 33377 at time 93:750000000
OSS: Receiving message from worker 1 PID 33377 at time 93:750000000
OSS PID:33375 SysClockS:93 SysClockNano:750000000
Process Table:
Entry Occupied PID StartS StartN MessagesSent
0 1 33376 1 0 371
1 1 33377 2 0 368
2 0 0 0 0 0
3 0 0 0 0 0
4 0 0 0 0 0
5 0 0 0 0 0
6 0 0 0 0 0
7 0 0 0 0 0
8 0 0 0 0 0
9 0 0 0 0 0
10 0 0 0 0 0
11 0 0 0 0 0
12 0 0 0 0 0
13 0 0 0 0 0
14 0 0 0 0 0
15 0 0 0 0 0
16 0 0 0 0 0
17 0 0 0 0 0
18 0 0 0 0 0
19 0 0 0 0 0

OSS: Sending message to worker 0 PID 33376 at time 93:875000000
OSS: Receiving message from worker 0 PID 33376 at time 93:875000000
OSS PID:33375 SysClockS:93 SysClockNano:875000000
Process Table:
Entry Occupied PID StartS StartN MessagesSent
0 1 33376 1 0 372
1 1 33377 2 0 368
2 0 0 0 0 0
3 0 0 0 0 0
4 0 0 0 0 0
5 0 0 0 0 0
6 0 0 0 0 0
7 0 0 0 0 0
8 0 0 0 0 0
9 0 0 0 0 0
10 0 0 0 0 0
11 0 0 0 0 0
12 0 0 0 0 0
13 0 0 0 0 0
14 0 0 0 0 0
15 0 0 0 0 0
16 0 0 0 0 0
17 0 0 0 0 0
18 0 0 0 0 0
19 0 0 0 0 0

OSS: Sending message to worker 1 PID 33377 at time 94:0
OSS: Receiving message from worker 1 PID 33377 at time 94:0
OSS PID:33375 SysClockS:94 SysClockNano:0
Process Table:
Entry Occupied PID StartS StartN MessagesSent
0 1 33376 1 0 372
1 1 33377 2 0 369
2 0 0 0 0 0
3 0 0 0 0 0
4 0 0 0 0 0
5 0 0 0 0 0
6 0 0 0 0 0
7 0 0 0 0 0
8 0 0 0 0 0
9 0 0 0 0 0
10 0 0 0 0 0
11 0 0 0 0 0
12 0 0 0 0 0
13 0 0 0 0 0
14 0 0 0 0 0
15 0 0 0 0 0
16 0 0 0 0 0
17 0 0 0 0 0
18 0 0 0 0 0
19 0 0 0 0 0

OSS: Sending message to worker 0 PID 33376 at time 94:125000000
OSS: Receiving message from worker 0 PID 33376 at time 94:125000000
OSS PID:33375 SysClockS:94 SysClockNano:125000000
Process Table:
Entry Occupied PID StartS StartN MessagesSent
0 1 33376 1 0 373
1 1 33377 2 0 369
2 0 0 0 0 0
3 0 0 0 0 0
4 0 0 0 0 0
5 0 0 0 0 0
6 0 0 0 0 0
7 0 0 0 0 0
8 0 0 0 0 0
9 0 0 0 0 0
10 0 0 0 0 0
11 0 0 0 0 0
12 0 0 0 0 0
13 0 0 0 0 0
14 0 0 0 0 0
15 0 0 0 0 0
16 0 0 0 0 0
17 0 0 0 0 0
18 0 0 0 0 0
19 0 0 0 0 0

OSS: Sending message to worker 1 PID 33377 at time 94:250000000
OSS: Receiving message from worker 1 PID 33377 at time 94:250000000
OSS PID:33375 SysClockS:94 SysClockNano:250000000
Process Table:
Entry Occupied PID StartS StartN MessagesSent
0 1 33376 1 0 373
1 1 33377 2 0 370
2 0 0 0 0 0
3 0 0 0 0 0
4 0 0 0 0 0
5 0 0 0 0 0
6 0 0 0 0 0
7 0 0 0 0 0
8 0 0 0 0 0
9 0 0 0 0 0
10 0 0 0 0 0
11 0 0 0 0 0
12 0 0 0 0 0
13 0 0 0 0 0
14 0 0 0 0 0
15 0 0 0 0 0
16 0 0 0 0 0
17 0 0 0 0 0
18 0 0 0 0 0
19 0 0 0 0 0

OSS: Sending message to worker 0 PID 33376 at time 94:375000000
OSS: Receiving message from worker 0 PID 33376 at time 94:375000000
OSS PID:33375 SysClockS:94 SysClockNano:375000000
Process Table:
Entry Occupied PID StartS StartN MessagesSent
0 1 33376 1 0 374
1 1 33377 2 0 370
2 0 0 0 0 0
3 0 0 0 0 0
4 0 0 0 0 0
5 0 0 0 0 0
6 0 0 0 0 0
7 0 0 0 0 0
8 0 0 0 0 0
9 0 0 0 0 0
10 0 0 0 0 0
11 0 0 0 0 0
12 0 0 0 0 0
13 0 0 0 0 0
14 0 0 0 0 0
15 0 0 0 0 0
16 0 0 0 0 0
17 0 0 0 0 0
18 0 0 0 0 0
19 0 0 0 0 0

OSS: Sending message to worker 1 PID 33377 at time 94:500000000
OSS: Receiving message from worker 1 PID 33377 at time 94:500000000
OSS PID:33375 SysClockS:94 SysClockNano:500000000
Process Table:
Entry Occupied PID StartS StartN MessagesSent
0 1 33376 1 0 374
1 1 33377 2 0 371
2 0 0 0 0 0
3 0 0 0 0 0
4 0 0 0 0 0
5 0 0 0 0 0
6 0 0 0 0 0
7 0 0 0 0 0
8 0 0 0 0 0
9 0 0 0 0 0
10 0 0 0 0 0
11 0 0 0 0 0
12 0 0 0 0 0
13 0 0 0 0 0
14 0 0 0 0 0
15 0 0 0 0 0
16 0 0 0 0 0
17 0 0 0 0 0
18 0 0 0 0 0
19 0 0 0 0 0

OSS: Sending message to worker 0 PID 33376 at time 94:625000000
OSS: Receiving message from worker 0 PID 33376 at time 94:625000000
OSS PID:33375 SysClockS:94 SysClockNano:625000000
Process Table:
Entry Occupied PID StartS StartN MessagesSent
0 1 33376 1 0 375
1 1 33377 2 0 371
2 0 0 0 0 0
3 0 0 0 0 0
4 0 0 0 0 0
5 0 0 0 0 0
6 0 0 0 0 0
7 0 0 0 0 0
8 0 0 0 0 0
9 0 0 0 0 0
10 0 0 0 0 0
11 0 0 0 0 0
12 0 0 0 0 0
13 0 0 0 0 0
14 0 0 0 0 0
15 0 0 0 0 0
16 0 0 0 0 0
17 0 0 0 0 0
18 0 0 0 0 0
19 0 0 0 0 0

OSS: Sending message to worker 1 PID 33377 at time 94:750000000
OSS: Receiving message from worker 1 PID 33377 at time 94:750000000
OSS PID:33375 SysClockS:94 SysClockNano:750000000
Process Table:
Entry Occupied PID StartS StartN MessagesSent
0 1 33376 1 0 375
1 1 33377 2 0 372
2 0 0 0 0 0
3 0 0 0 0 0
4 0 0 0 0 0
5 0 0 0 0 0
6 0 0 0 0 0
7 0 0 0 0 0
8 0 0 0 0 0
9 0 0 0 0 0
10 0 0 0 0 0
11 0 0 0 0 0
12 0 0 0 0 0
13 0 0 0 0 0
14 0 0 0 0 0
15 0 0 0 0 0
16 0 0 0 0 0
17 0 0 0 0 0
18 0 0 0 0 0
19 0 0 0 0 0

OSS: Sending message to worker 0 PID 33376 at time 94:875000000
OSS: Receiving message from worker 0 PID 33376 at time 94:875000000
OSS PID:33375 SysClockS:94 SysClockNano:875000000
Process Table:
Entry Occupied PID StartS StartN MessagesSent
0 1 33376 1 0 376
1 1 33377 2 0 372
2 0 0 0 0 0
3 0 0 0 0 0
4 0 0 0 0 0
5 0 0 0 0 0
6 0 0 0 0 0
7 0 0 0 0 0
8 0 0 0 0 0
9 0 0 0 0 0
10 0 0 0 0 0
11 0 0 0 0 0
12 0 0 0 0 0
13 0 0 0 0 0
14 0 0 0 0 0
15 0 0 0 0 0
16 0 0 0 0 0
17 0 0 0 0 0
18 0 0 0 0 0
19 0 0 0 0 0

OSS: Sending message to worker 1 PID 33377 at time 95:0
OSS: Receiving message from worker 1 PID 33377 at time 95:0
OSS PID:33375 SysClockS:95 SysClockNano:0
Process Table:
Entry Occupied PID StartS StartN MessagesSent
0 1 33376 1 0 376
1 1 33377 2 0 373
2 0 0 0 0 0
3 0 0 0 0 0
4 0 0 0 0 0
5 0 0 0 0 0
6 0 0 0 0 0
7 0 0 0 0 0
8 0 0 0 0 0
9 0 0 0 0 0
10 0 0 0 0 0
11 0 0 0 0 0
12 0 0 0 0 0
13 0 0 0 0 0
14 0 0 0 0 0
15 0 0 0 0 0
16 0 0 0 0 0
17 0 0 0 0 0
18 0 0 0 0 0
19 0 0 0 0 0

OSS: Sending message to worker 0 PID 33376 at time 95:125000000
OSS: Receiving message from worker 0 PID 33376 at time 95:125000000
OSS PID:33375 SysClockS:95 SysClockNano:125000000
Process Table:
Entry Occupied PID StartS StartN MessagesSent
0 1 33376 1 0 377
1 1 33377 2 0 373
2 0 0 0 0 0
3 0 0 0 0 0
4 0 0 0 0 0
5 0 0 0 0 0
6 0 0 0 0 0
7 0 0 0 0 0
8 0 0 0 0 0
9 0 0 0 0 0
10 0 0 0 0 0
11 0 0 0 0 0
12 0 0 0 0 0
13 0 0 0 0 0
14 0 0 0 0 0
15 0 0 0 0 0
16 0 0 0 0 0
17 0 0 0 0 0
18 0 0 0 0 0
19 0 0 0 0 0

OSS: Sending message to worker 1 PID 33377 at time 95:250000000
OSS: Receiving message from worker 1 PID 33377 at time 95:250000000
OSS PID:33375 SysClockS:95 SysClockNano:250000000
Process Table:
Entry Occupied PID StartS StartN MessagesSent
0 1 33376 1 0 377
1 1 33377 2 0 374
2 0 0 0 0 0
3 0 0 0 0 0
4 0 0 0 0 0
5 0 0 0 0 0
6 0 0 0 0 0
7 0 0 0 0 0
8 0 0 0 0 0
9 0 0 0 0 0
10 0 0 0 0 0
11 0 0 0 0 0
12 0 0 0 0 0
13 0 0 0 0 0
14 0 0 0 0 0
15 0 0 0 0 0
16 0 0 0 0 0
17 0 0 0 0 0
18 0 0 0 0 0
19 0 0 0 0 0

OSS: Sending message to worker 0 PID 33376 at time 95:375000000
OSS: Receiving message from worker 0 PID 33376 at time 95:375000000
OSS PID:33375 SysClockS:95 SysClockNano:375000000
Process Table:
Entry Occupied PID StartS StartN MessagesSent
0 1 33376 1 0 378
1 1 33377 2 0 374
2 0 0 0 0 0
3 0 0 0 0 0
4 0 0 0 0 0
5 0 0 0 0 0
6 0 0 0 0 0
7 0 0 0 0 0
8 0 0 0 0 0
9 0 0 0 0 0
10 0 0 0 0 0
11 0 0 0 0 0
12 0 0 0 0 0
13 0 0 0 0 0
14 0 0 0 0 0
15 0 0 0 0 0
16 0 0 0 0 0
17 0 0 0 0 0
18 0 0 0 0 0
19 0 0 0 0 0

OSS: Sending message to worker 1 PID 33377 at time 95:500000000
OSS: Receiving message from worker 1 PID 33377 at time 95:500000000
OSS PID:33375 SysClockS:95 SysClockNano:500000000
Process Table:
Entry Occupied PID StartS StartN MessagesSent
0 1 33376 1 0 378
1 1 33377 2 0 375
2 0 0 0 0 0
3 0 0 0 0 0
4 0 0 0 0 0
5 0 0 0 0 0
6 0 0 0 0 0
7 0 0 0 0 0
8 0 0 0 0 0
9 0 0 0 0 0
10 0 0 0 0 0
11 0 0 0 0 0
12 0 0 0 0 0
13 0 0 0 0 0
14 0 0 0 0 0
15 0 0 0 0 0
16 0 0 0 0 0
17 0 0 0 0 0
18 0 0 0 0 0
19 0 0 0 0 0

OSS: Sending message to worker 0 PID 33376 at time 95:625000000
OSS: Receiving message from worker 0 PID 33376 at time 95:625000000
OSS PID:33375 SysClockS:95 SysClockNano:625000000
Process Table:
Entry Occupied PID StartS StartN MessagesSent
0 1 33376 1 0 379
1 1 33377 2 0 375
2 0 0 0 0 0
3 0 0 0 0 0
4 0 0 0 0 0
5 0 0 0 0 0
6 0 0 0 0 0
7 0 0 0 0 0
8 0 0 0 0 0
9 0 0 0 0 0
10 0 0 0 0 0
11 0 0 0 0 0
12 0 0 0 0 0
13 0 0 0 0 0
14 0 0 0 0 0
15 0 0 0 0 0
16 0 0 0 0 0
17 0 0 0 0 0
18 0 0 0 0 0
19 0 0 0 0 0

OSS: Sending message to worker 1 PID 33377 at time 95:750000000
OSS: Receiving message from worker 1 PID 33377 at time 95:750000000
OSS PID:33375 SysClockS:95 SysClockNano:750000000
Process Table:
Entry Occupied PID StartS StartN MessagesSent
0 1 33376 1 0 379
1 1 33377 2 0 376
2 0 0 0 0 0
3 0 0 0 0 0
4 0 0 0 0 0
5 0 0 0 0 0
6 0 0 0 0 0
7 0 0 0 0 0
8 0 0 0 0 0
9 0 0 0 0 0
10 0 0 0 0 0
11 0 0 0 0 0
12 0 0 0 0 0
13 0 0 0 0 0
14 0 0 0 0 0
15 0 0 0 0 0
16 0 0 0 0 0
17 0 0 0 0 0
18 0 0 0 0 0
19 0 0 0 0 0

OSS: Sending message to worker 0 PID 33376 at time 95:875000000
OSS: Receiving message from worker 0 PID 33376 at time 95:875000000
OSS PID:33375 SysClockS:95 SysClockNano:875000000
Process Table:
Entry Occupied PID StartS StartN MessagesSent
0 1 33376 1 0 380
1 1 33377 2 0 376
2 0 0 0 0 0
3 0 0 0 0 0
4 0 0 0 0 0
5 0 0 0 0 0
6 0 0 0 0 0
7 0 0 0 0 0
8 0 0 0 0 0
9 0 0 0 0 0
10 0 0 0 0 0
11 0 0 0 0 0
12 0 0 0 0 0
13 0 0 0 0 0
14 0 0 0 0 0
15 0 0 0 0 0
16 0 0 0 0 0
17 0 0 0 0 0
18 0 0 0 0 0
19 0 0 0 0 0

OSS: Sending message to worker 1 PID 33377 at time 96:0
OSS: Receiving message from worker 1 PID 33377 at time 96:0
OSS PID:33375 SysClockS:96 SysClockNano:0
Process Table:
Entry Occupied PID StartS StartN MessagesSent
0 1 33376 1 0 380
1 1 33377 2 0 377
2 0 0 0 0 0
3 0 0 0 0 0
4 0 0 0 0 0
5 0 0 0 0 0
6 0 0 0 0 0
7 0 0 0 0 0
8 0 0 0 0 0
9 0 0 0 0 0
10 0 0 0 0 0
11 0 0 0 0 0
12 0 0 0 0 0
13 0 0 0 0 0
14 0 0 0 0 0
15 0 0 0 0 0
16 0 0 0 0 0
17 0 0 0 0 0
18 0 0 0 0 0
19 0 0 0 0 0

OSS: Sending message to worker 0 PID 33376 at time 96:125000000
OSS: Receiving message from worker 0 PID 33376 at time 96:125000000
OSS PID:33375 SysClockS:96 SysClockNano:125000000
Process Table:
Entry Occupied PID StartS StartN MessagesSent
0 1 33376 1 0 381
1 1 33377 2 0 377
2 0 0 0 0 0
3 0 0 0 0 0
4 0 0 0 0 0
5 0 0 0 0 0
6 0 0 0 0 0
7 0 0 0 0 0
8 0 0 0 0 0
9 0 0 0 0 0
10 0 0 0 0 0
11 0 0 0 0 0
12 0 0 0 0 0
13 0 0 0 0 0
14 0 0 0 0 0
15 0 0 0 0 0
16 0 0 0 0 0
17 0 0 0 0 0
18 0 0 0 0 0
19 0 0 0 0 0

OSS: Sending message to worker 1 PID 33377 at time 96:250000000
OSS: Receiving message from worker 1 PID 33377 at time 96:250000000
OSS PID:33375 SysClockS:96 SysClockNano:250000000
Process Table:
Entry Occupied PID StartS StartN MessagesSent
0 1 33376 1 0 381
1 1 33377 2 0 378
2 0 0 0 0 0
3 0 0 0 0 0
4 0 0 0 0 0
5 0 0 0 0 0
6 0 0 0 0 0
7 0 0 0 0 0
8 0 0 0 0 0
9 0 0 0 0 0
10 0 0 0 0 0
11 0 0 0 0 0
12 0 0 0 0 0
13 0 0 0 0 0
14 0 0 0 0 0
15 0 0 0 0 0
16 0 0 0 0 0
17 0 0 0 0 0
18 0 0 0 0 0
19 0 0 0 0 0

OSS: Sending message to worker 0 PID 33376 at time 96:375000000
OSS: Receiving message from worker 0 PID 33376 at time 96:375000000
OSS PID:33375 SysClockS:96 SysClockNano:375000000
Process Table:
Entry Occupied PID StartS StartN MessagesSent
0 1 33376 1 0 382
1 1 33377 2 0 378
2 0 0 0 0 0
3 0 0 0 0 0
4 0 0 0 0 0
5 0 0 0 0 0
6 0 0 0 0 0
7 0 0 0 0 0
8 0 0 0 0 0
9 0 0 0 0 0
10 0 0 0 0 0
11 0 0 0 0 0
12 0 0 0 0 0
13 0 0 0 0 0
14 0 0 0 0 0
15 0 0 0 0 0
16 0 0 0 0 0
17 0 0 0 0 0
18 0 0 0 0 0
19 0 0 0 0 0

OSS: Sending message to worker 1 PID 33377 at time 96:500000000
OSS: Receiving message from worker 1 PID 33377 at time 96:500000000
OSS PID:33375 SysClockS:96 SysClockNano:500000000
Process Table:
Entry Occupied PID StartS StartN MessagesSent
0 1 33376 1 0 382
1 1 33377 2 0 379
2 0 0 0 0 0
3 0 0 0 0 0
4 0 0 0 0 0
5 0 0 0 0 0
6 0 0 0 0 0
7 0 0 0 0 0
8 0 0 0 0 0
9 0 0 0 0 0
10 0 0 0 0 0
11 0 0 0 0 0
12 0 0 0 0 0
13 0 0 0 0 0
14 0 0 0 0 0
15 0 0 0 0 0
16 0 0 0 0 0
17 0 0 0 0 0
18 0 0 0 0 0
19 0 0 0 0 0

OSS: Sending message to worker 0 PID 33376 at time 96:625000000
OSS: Receiving message from worker 0 PID 33376 at time 96:625000000
OSS PID:33375 SysClockS:96 SysClockNano:625000000
Process Table:
Entry Occupied PID StartS StartN MessagesSent
0 1 33376 1 0 383
1 1 33377 2 0 379
2 0 0 0 0 0
3 0 0 0 0 0
4 0 0 0 0 0
5 0 0 0 0 0
6 0 0 0 0 0
7 0 0 0 0 0
8 0 0 0 0 0
9 0 0 0 0 0
10 0 0 0 0 0
11 0 0 0 0 0
12 0 0 0 0 0
13 0 0 0 0 0
14 0 0 0 0 0
15 0 0 0 0 0
16 0 0 0 0 0
17 0 0 0 0 0
18 0 0 0 0 0
19 0 0 0 0 0

OSS: Sending message to worker 1 PID 33377 at time 96:750000000
OSS: Receiving message from worker 1 PID 33377 at time 96:750000000
OSS PID:33375 SysClockS:96 SysClockNano:750000000
Process Table:
Entry Occupied PID StartS StartN MessagesSent
0 1 33376 1 0 383
1 1 33377 2 0 380
2 0 0 0 0 0
3 0 0 0 0 0
4 0 0 0 0 0
5 0 0 0 0 0
6 0 0 0 0 0
7 0 0 0 0 0
8 0 0 0 0 0
9 0 0 0 0 0
10 0 0 0 0 0
11 0 0 0 0 0
12 0 0 0 0 0
13 0 0 0 0 0
14 0 0 0 0 0
15 0 0 0 0 0
16 0 0 0 0 0
17 0 0 0 0 0
18 0 0 0 0 0
19 0 0 0 0 0

OSS: Sending message to worker 0 PID 33376 at time 96:875000000
OSS: Receiving message from worker 0 PID 33376 at time 96:875000000
OSS PID:33375 SysClockS:96 SysClockNano:875000000
Process Table:
Entry Occupied PID StartS StartN MessagesSent
0 1 33376 1 0 384
1 1 33377 2 0 380
2 0 0 0 0 0
3 0 0 0 0 0
4 0 0 0 0 0
5 0 0 0 0 0
6 0 0 0 0 0
7 0 0 0 0 0
8 0 0 0 0 0
9 0 0 0 0 0
10 0 0 0 0 0
11 0 0 0 0 0
12 0 0 0 0 0
13 0 0 0 0 0
14 0 0 0 0 0
15 0 0 0 0 0
16 0 0 0 0 0
17 0 0 0 0 0
18 0 0 0 0 0
19 0 0 0 0 0

OSS: Sending message to worker 1 PID 33377 at time 97:0
OSS: Receiving message from worker 1 PID 33377 at time 97:0
OSS PID:33375 SysClockS:97 SysClockNano:0
Process Table:
Entry Occupied PID StartS StartN MessagesSent
0 1 33376 1 0 384
1 1 33377 2 0 381
2 0 0 0 0 0
3 0 0 0 0 0
4 0 0 0 0 0
5 0 0 0 0 0
6 0 0 0 0 0
7 0 0 0 0 0
8 0 0 0 0 0
9 0 0 0 0 0
10 0 0 0 0 0
11 0 0 0 0 0
12 0 0 0 0 0
13 0 0 0 0 0
14 0 0 0 0 0
15 0 0 0 0 0
16 0 0 0 0 0
17 0 0 0 0 0
18 0 0 0 0 0
19 0 0 0 0 0

OSS: Sending message to worker 0 PID 33376 at time 97:125000000
OSS: Receiving message from worker 0 PID 33376 at time 97:125000000
OSS PID:33375 SysClockS:97 SysClockNano:125000000
Process Table:
Entry Occupied PID StartS StartN MessagesSent
0 1 33376 1 0 385
1 1 33377 2 0 381
2 0 0 0 0 0
3 0 0 0 0 0
4 0 0 0 0 0
5 0 0 0 0 0
6 0 0 0 0 0
7 0 0 0 0 0
8 0 0 0 0 0
9 0 0 0 0 0
10 0 0 0 0 0
11 0 0 0 0 0
12 0 0 0 0 0
13 0 0 0 0 0
14 0 0 0 0 0
15 0 0 0 0 0
16 0 0 0 0 0
17 0 0 0 0 0
18 0 0 0 0 0
19 0 0 0 0 0

OSS: Sending message to worker 1 PID 33377 at time 97:250000000
OSS: Receiving message from worker 1 PID 33377 at time 97:250000000
OSS PID:33375 SysClockS:97 SysClockNano:250000000
Process Table:
Entry Occupied PID StartS StartN MessagesSent
0 1 33376 1 0 385
1 1 33377 2 0 382
2 0 0 0 0 0
3 0 0 0 0 0
4 0 0 0 0 0
5 0 0 0 0 0
6 0 0 0 0 0
7 0 0 0 0 0
8 0 0 0 0 0
9 0 0 0 0 0
10 0 0 0 0 0
11 0 0 0 0 0
12 0 0 0 0 0
13 0 0 0 0 0
14 0 0 0 0 0
15 0 0 0 0 0
16 0 0 0 0 0
17 0 0 0 0 0
18 0 0 0 0 0
19 0 0 0 0 0

OSS: Sending message to worker 0 PID 33376 at time 97:375000000
OSS: Receiving message from worker 0 PID 33376 at time 97:375000000
OSS PID:33375 SysClockS:97 SysClockNano:375000000
Process Table:
Entry Occupied PID StartS StartN MessagesSent
0 1 33376 1 0 386
1 1 33377 2 0 382
2 0 0 0 0 0
3 0 0 0 0 0
4 0 0 0 0 0
5 0 0 0 0 0
6 0 0 0 0 0
7 0 0 0 0 0
8 0 0 0 0 0
9 0 0 0 0 0
10 0 0 0 0 0
11 0 0 0 0 0
12 0 0 0 0 0
13 0 0 0 0 0
14 0 0 0 0 0
15 0 0 0 0 0
16 0 0 0 0 0
17 0 0 0 0 0
18 0 0 0 0 0
19 0 0 0 0 0

OSS: Sending message to worker 1 PID 33377 at time 97:500000000
OSS: Receiving message from worker 1 PID 33377 at time 97:500000000
OSS PID:33375 SysClockS:97 SysClockNano:500000000
Process Table:
Entry Occupied PID StartS StartN MessagesSent
0 1 33376 1 0 386
1 1 33377 2 0 383
2 0 0 0 0 0
3 0 0 0 0 0
4 0 0 0 0 0
5 0 0 0 0 0
6 0 0 0 0 0
7 0 0 0 0 0
8 0 0 0 0 0
9 0 0 0 0 0
10 0 0 0 0 0
11 0 0 0 0 0
12 0 0 0 0 0
13 0 0 0 0 0
14 0 0 0 0 0
15 0 0 0 0 0
16 0 0 0 0 0
17 0 0 0 0 0
18 0 0 0 0 0
19 0 0 0 0 0

OSS: Sending message to worker 0 PID 33376 at time 97:625000000
OSS: Receiving message from worker 0 PID 33376 at time 97:625000000
OSS PID:33375 SysClockS:97 SysClockNano:625000000
Process Table:
Entry Occupied PID StartS StartN MessagesSent
0 1 33376 1 0 387
1 1 33377 2 0 383
2 0 0 0 0 0
3 0 0 0 0 0
4 0 0 0 0 0
5 0 0 0 0 0
6 0 0 0 0 0
7 0 0 0 0 0
8 0 0 0 0 0
9 0 0 0 0 0
10 0 0 0 0 0
11 0 0 0 0 0
12 0 0 0 0 0
13 0 0 0 0 0
14 0 0 0 0 0
15 0 0 0 0 0
16 0 0 0 0 0
17 0 0 0 0 0
18 0 0 0 0 0
19 0 0 0 0 0

OSS: Sending message to worker 1 PID 33377 at time 97:750000000
OSS: Receiving message from worker 1 PID 33377 at time 97:750000000
OSS PID:33375 SysClockS:97 SysClockNano:750000000
Process Table:
Entry Occupied PID StartS StartN MessagesSent
0 1 33376 1 0 387
1 1 33377 2 0 384
2 0 0 0 0 0
3 0 0 0 0 0
4 0 0 0 0 0
5 0 0 0 0 0
6 0 0 0 0 0
7 0 0 0 0 0
8 0 0 0 0 0
9 0 0 0 0 0
10 0 0 0 0 0
11 0 0 0 0 0
12 0 0 0 0 0
13 0 0 0 0 0
14 0 0 0 0 0
15 0 0 0 0 0
16 0 0 0 0 0
17 0 0 0 0 0
18 0 0 0 0 0
19 0 0 0 0 0

OSS: Sending message to worker 0 PID 33376 at time 97:875000000
OSS: Receiving message from worker 0 PID 33376 at time 97:875000000
OSS PID:33375 SysClockS:97 SysClockNano:875000000
Process Table:
Entry Occupied PID StartS StartN MessagesSent
0 1 33376 1 0 388
1 1 33377 2 0 384
2 0 0 0 0 0
3 0 0 0 0 0
4 0 0 0 0 0
5 0 0 0 0 0
6 0 0 0 0 0
7 0 0 0 0 0
8 0 0 0 0 0
9 0 0 0 0 0
10 0 0 0 0 0
11 0 0 0 0 0
12 0 0 0 0 0
13 0 0 0 0 0
14 0 0 0 0 0
15 0 0 0 0 0
16 0 0 0 0 0
17 0 0 0 0 0
18 0 0 0 0 0
19 0 0 0 0 0

OSS: Sending message to worker 1 PID 33377 at time 98:0
OSS: Receiving message from worker 1 PID 33377 at time 98:0
OSS PID:33375 SysClockS:98 SysClockNano:0
Process Table:
Entry Occupied PID StartS StartN MessagesSent
0 1 33376 1 0 388
1 1 33377 2 0 385
2 0 0 0 0 0
3 0 0 0 0 0
4 0 0 0 0 0
5 0 0 0 0 0
6 0 0 0 0 0
7 0 0 0 0 0
8 0 0 0 0 0
9 0 0 0 0 0
10 0 0 0 0 0
11 0 0 0 0 0
12 0 0 0 0 0
13 0 0 0 0 0
14 0 0 0 0 0
15 0 0 0 0 0
16 0 0 0 0 0
17 0 0 0 0 0
18 0 0 0 0 0
19 0 0 0 0 0

OSS: Sending message to worker 0 PID 33376 at time 98:125000000
OSS: Receiving message from worker 0 PID 33376 at time 98:125000000
OSS PID:33375 SysClockS:98 SysClockNano:125000000
Process Table:
Entry Occupied PID StartS StartN MessagesSent
0 1 33376 1 0 389
1 1 33377 2 0 385
2 0 0 0 0 0
3 0 0 0 0 0
4 0 0 0 0 0
5 0 0 0 0 0
6 0 0 0 0 0
7 0 0 0 0 0
8 0 0 0 0 0
9 0 0 0 0 0
10 0 0 0 0 0
11 0 0 0 0 0
12 0 0 0 0 0
13 0 0 0 0 0
14 0 0 0 0 0
15 0 0 0 0 0
16 0 0 0 0 0
17 0 0 0 0 0
18 0 0 0 0 0
19 0 0 0 0 0

OSS: Sending message to worker 1 PID 33377 at time 98:250000000
OSS: Receiving message from worker 1 PID 33377 at time 98:250000000
OSS PID:33375 SysClockS:98 SysClockNano:250000000
Process Table:
Entry Occupied PID StartS StartN MessagesSent
0 1 33376 1 0 389
1 1 33377 2 0 386
2 0 0 0 0 0
3 0 0 0 0 0
4 0 0 0 0 0
5 0 0 0 0 0
6 0 0 0 0 0
7 0 0 0 0 0
8 0 0 0 0 0
9 0 0 0 0 0
10 0 0 0 0 0
11 0 0 0 0 0
12 0 0 0 0 0
13 0 0 0 0 0
14 0 0 0 0 0
15 0 0 0 0 0
16 0 0 0 0 0
17 0 0 0 0 0
18 0 0 0 0 0
19 0 0 0 0 0

OSS: Sending message to worker 0 PID 33376 at time 98:375000000
OSS: Receiving message from worker 0 PID 33376 at time 98:375000000
OSS PID:33375 SysClockS:98 SysClockNano:375000000
Process Table:
Entry Occupied PID StartS StartN MessagesSent
0 1 33376 1 0 390
1 1 33377 2 0 386
2 0 0 0 0 0
3 0 0 0 0 0
4 0 0 0 0 0
5 0 0 0 0 0
6 0 0 0 0 0
7 0 0 0 0 0
8 0 0 0 0 0
9 0 0 0 0 0
10 0 0 0 0 0
11 0 0 0 0 0
12 0 0 0 0 0
13 0 0 0 0 0
14 0 0 0 0 0
15 0 0 0 0 0
16 0 0 0 0 0
17 0 0 0 0 0
18 0 0 0 0 0
19 0 0 0 0 0

OSS: Sending message to worker 1 PID 33377 at time 98:500000000
OSS: Receiving message from worker 1 PID 33377 at time 98:500000000
OSS PID:33375 SysClockS:98 SysClockNano:500000000
Process Table:
Entry Occupied PID StartS StartN MessagesSent
0 1 33376 1 0 390
1 1 33377 2 0 387
2 0 0 0 0 0
3 0 0 0 0 0
4 0 0 0 0 0
5 0 0 0 0 0
6 0 0 0 0 0
7 0 0 0 0 0
8 0 0 0 0 0
9 0 0 0 0 0
10 0 0 0 0 0
11 0 0 0 0 0
12 0 0 0 0 0
13 0 0 0 0 0
14 0 0 0 0 0
15 0 0 0 0 0
16 0 0 0 0 0
17 0 0 0 0 0
18 0 0 0 0 0
19 0 0 0 0 0

OSS: Sending message to worker 0 PID 33376 at time 98:625000000
OSS: Receiving message from worker 0 PID 33376 at time 98:625000000
OSS PID:33375 SysClockS:98 SysClockNano:625000000
Process Table:
Entry Occupied PID StartS StartN MessagesSent
0 1 33376 1 0 391
1 1 33377 2 0 387
2 0 0 0 0 0
3 0 0 0 0 0
4 0 0 0 0 0
5 0 0 0 0 0
6 0 0 0 0 0
7 0 0 0 0 0
8 0 0 0 0 0
9 0 0 0 0 0
10 0 0 0 0 0
11 0 0 0 0 0
12 0 0 0 0 0
13 0 0 0 0 0
14 0 0 0 0 0
15 0 0 0 0 0
16 0 0 0 0 0
17 0 0 0 0 0
18 0 0 0 0 0
19 0 0 0 0 0

OSS: Sending message to worker 1 PID 33377 at time 98:750000000
OSS: Receiving message from worker 1 PID 33377 at time 98:750000000
OSS PID:33375 SysClockS:98 SysClockNano:750000000
Process Table:
Entry Occupied PID StartS StartN MessagesSent
0 1 33376 1 0 391
1 1 33377 2 0 388
2 0 0 0 0 0
3 0 0 0 0 0
4 0 0 0 0 0
5 0 0 0 0 0
6 0 0 0 0 0
7 0 0 0 0 0
8 0 0 0 0 0
9 0 0 0 0 0
10 0 0 0 0 0
11 0 0 0 0 0
12 0 0 0 0 0
13 0 0 0 0 0
14 0 0 0 0 0
15 0 0 0 0 0
16 0 0 0 0 0
17 0 0 0 0 0
18 0 0 0 0 0
19 0 0 0 0 0

OSS: Sending message to worker 0 PID 33376 at time 98:875000000
OSS: Receiving message from worker 0 PID 33376 at time 98:875000000
OSS PID:33375 SysClockS:98 SysClockNano:875000000
Process Table:
Entry Occupied PID StartS StartN MessagesSent
0 1 33376 1 0 392
1 1 33377 2 0 388
2 0 0 0 0 0
3 0 0 0 0 0
4 0 0 0 0 0
5 0 0 0 0 0
6 0 0 0 0 0
7 0 0 0 0 0
8 0 0 0 0 0
9 0 0 0 0 0
10 0 0 0 0 0
11 0 0 0 0 0
12 0 0 0 0 0
13 0 0 0 0 0
14 0 0 0 0 0
15 0 0 0 0 0
16 0 0 0 0 0
17 0 0 0 0 0
18 0 0 0 0 0
19 0 0 0 0 0

OSS: Sending message to worker 1 PID 33377 at time 99:0
OSS: Receiving message from worker 1 PID 33377 at time 99:0
OSS PID:33375 SysClockS:99 SysClockNano:0
Process Table:
Entry Occupied PID StartS StartN MessagesSent
0 1 33376 1 0 392
1 1 33377 2 0 389
2 0 0 0 0 0
3 0 0 0 0 0
4 0 0 0 0 0
5 0 0 0 0 0
6 0 0 0 0 0
7 0 0 0 0 0
8 0 0 0 0 0
9 0 0 0 0 0
10 0 0 0 0 0
11 0 0 0 0 0
12 0 0 0 0 0
13 0 0 0 0 0
14 0 0 0 0 0
15 0 0 0 0 0
16 0 0 0 0 0
17 0 0 0 0 0
18 0 0 0 0 0
19 0 0 0 0 0

OSS: Sending message to worker 0 PID 33376 at time 99:125000000
OSS: Receiving message from worker 0 PID 33376 at time 99:125000000
OSS PID:33375 SysClockS:99 SysClockNano:125000000
Process Table:
Entry Occupied PID StartS StartN MessagesSent
0 1 33376 1 0 393
1 1 33377 2 0 389
2 0 0 0 0 0
3 0 0 0 0 0
4 0 0 0 0 0
5 0 0 0 0 0
6 0 0 0 0 0
7 0 0 0 0 0
8 0 0 0 0 0
9 0 0 0 0 0
10 0 0 0 0 0
11 0 0 0 0 0
12 0 0 0 0 0
13 0 0 0 0 0
14 0 0 0 0 0
15 0 0 0 0 0
16 0 0 0 0 0
17 0 0 0 0 0
18 0 0 0 0 0
19 0 0 0 0 0

OSS: Sending message to worker 1 PID 33377 at time 99:250000000
OSS: Receiving message from worker 1 PID 33377 at time 99:250000000
OSS PID:33375 SysClockS:99 SysClockNano:250000000
Process Table:
Entry Occupied PID StartS StartN MessagesSent
0 1 33376 1 0 393
1 1 33377 2 0 390
2 0 0 0 0 0
3 0 0 0 0 0
4 0 0 0 0 0
5 0 0 0 0 0
6 0 0 0 0 0
7 0 0 0 0 0
8 0 0 0 0 0
9 0 0 0 0 0
10 0 0 0 0 0
11 0 0 0 0 0
12 0 0 0 0 0
13 0 0 0 0 0
14 0 0 0 0 0
15 0 0 0 0 0
16 0 0 0 0 0
17 0 0 0 0 0
18 0 0 0 0 0
19 0 0 0 0 0

OSS: Sending message to worker 0 PID 33376 at time 99:375000000
OSS: Receiving message from worker 0 PID 33376 at time 99:375000000
OSS PID:33375 SysClockS:99 SysClockNano:375000000
Process Table:
Entry Occupied PID StartS StartN MessagesSent
0 1 33376 1 0 394
1 1 33377 2 0 390
2 0 0 0 0 0
3 0 0 0 0 0
4 0 0 0 0 0
5 0 0 0 0 0
6 0 0 0 0 0
7 0 0 0 0 0
8 0 0 0 0 0
9 0 0 0 0 0
10 0 0 0 0 0
11 0 0 0 0 0
12 0 0 0 0 0
13 0 0 0 0 0
14 0 0 0 0 0
15 0 0 0 0 0
16 0 0 0 0 0
17 0 0 0 0 0
18 0 0 0 0 0
19 0 0 0 0 0

OSS: Sending message to worker 1 PID 33377 at time 99:500000000
OSS: Receiving message from worker 1 PID 33377 at time 99:500000000
OSS PID:33375 SysClockS:99 SysClockNano:500000000
Process Table:
Entry Occupied PID StartS StartN MessagesSent
0 1 33376 1 0 394
1 1 33377 2 0 391
2 0 0 0 0 0
3 0 0 0 0 0
4 0 0 0 0 0
5 0 0 0 0 0
6 0 0 0 0 0
7 0 0 0 0 0
8 0 0 0 0 0
9 0 0 0 0 0
10 0 0 0 0 0
11 0 0 0 0 0
12 0 0 0 0 0
13 0 0 0 0 0
14 0 0 0 0 0
15 0 0 0 0 0
16 0 0 0 0 0
17 0 0 0 0 0
18 0 0 0 0 0
19 0 0 0 0 0

OSS: Sending message to worker 0 PID 33376 at time 99:625000000
OSS: Receiving message from worker 0 PID 33376 at time 99:625000000
OSS PID:33375 SysClockS:99 SysClockNano:625000000
Process Table:
Entry Occupied PID StartS StartN MessagesSent
0 1 33376 1 0 395
1 1 33377 2 0 391
2 0 0 0 0 0
3 0 0 0 0 0
4 0 0 0 0 0
5 0 0 0 0 0
6 0 0 0 0 0
7 0 0 0 0 0
8 0 0 0 0 0
9 0 0 0 0 0
10 0 0 0 0 0
11 0 0 0 0 0
12 0 0 0 0 0
13 0 0 0 0 0
14 0 0 0 0 0
15 0 0 0 0 0
16 0 0 0 0 0
17 0 0 0 0 0
18 0 0 0 0 0
19 0 0 0 0 0

OSS: Sending message to worker 1 PID 33377 at time 99:750000000
OSS: Receiving message from worker 1 PID 33377 at time 99:750000000
OSS PID:33375 SysClockS:99 SysClockNano:750000000
Process Table:
Entry Occupied PID StartS StartN MessagesSent
0 1 33376 1 0 395
1 1 33377 2 0 392
2 0 0 0 0 0
3 0 0 0 0 0
4 0 0 0 0 0
5 0 0 0 0 0
6 0 0 0 0 0
7 0 0 0 0 0
8 0 0 0 0 0
9 0 0 0 0 0
10 0 0 0 0 0
11 0 0 0 0 0
12 0 0 0 0 0
13 0 0 0 0 0
14 0 0 0 0 0
15 0 0 0 0 0
16 0 0 0 0 0
17 0 0 0 0 0
18 0 0 0 0 0
19 0 0 0 0 0

OSS: Sending message to worker 0 PID 33376 at time 99:875000000
OSS: Receiving message from worker 0 PID 33376 at time 99:875000000
OSS PID:33375 SysClockS:99 SysClockNano:875000000
Process Table:
Entry Occupied PID StartS StartN MessagesSent
0 1 33376 1 0 396
1 1 33377 2 0 392
2 0 0 0 0 0
3 0 0 0 0 0
4 0 0 0 0 0
5 0 0 0 0 0
6 0 0 0 0 0
7 0 0 0 0 0
8 0 0 0 0 0
9 0 0 0 0 0
10 0 0 0 0 0
11 0 0 0 0 0
12 0 0 0 0 0
13 0 0 0 0 0
14 0 0 0 0 0
15 0 0 0 0 0
16 0 0 0 0 0
17 0 0 0 0 0
18 0 0 0 0 0
19 0 0 0 0 0

OSS: Sending message to worker 1 PID 33377 at time 100:0
OSS: Receiving message from worker 1 PID 33377 at time 100:0
OSS PID:33375 SysClockS:100 SysClockNano:0
Process Table:
Entry Occupied PID StartS StartN MessagesSent
0 1 33376 1 0 396
1 1 33377 2 0 393
2 0 0 0 0 0
3 0 0 0 0 0
4 0 0 0 0 0
5 0 0 0 0 0
6 0 0 0 0 0
7 0 0 0 0 0
8 0 0 0 0 0
9 0 0 0 0 0
10 0 0 0 0 0
11 0 0 0 0 0
12 0 0 0 0 0
13 0 0 0 0 0
14 0 0 0 0 0
15 0 0 0 0 0
16 0 0 0 0 0
17 0 0 0 0 0
18 0 0 0 0 0
19 0 0 0 0 0

OSS: Sending message to worker 0 PID 33376 at time 100:125000000
OSS: Receiving message from worker 0 PID 33376 at time 100:125000000
OSS PID:33375 SysClockS:100 SysClockNano:125000000
Process Table:
Entry Occupied PID StartS StartN MessagesSent
0 1 33376 1 0 397
1 1 33377 2 0 393
2 0 0 0 0 0
3 0 0 0 0 0
4 0 0 0 0 0
5 0 0 0 0 0
6 0 0 0 0 0
7 0 0 0 0 0
8 0 0 0 0 0
9 0 0 0 0 0
10 0 0 0 0 0
11 0 0 0 0 0
12 0 0 0 0 0
13 0 0 0 0 0
14 0 0 0 0 0
15 0 0 0 0 0
16 0 0 0 0 0
17 0 0 0 0 0
18 0 0 0 0 0
19 0 0 0 0 0

OSS: Sending message to worker 1 PID 33377 at time 100:250000000
OSS: Receiving message from worker 1 PID 33377 at time 100:250000000
OSS PID:33375 SysClockS:100 SysClockNano:250000000
Process Table:
Entry Occupied PID StartS StartN MessagesSent
0 1 33376 1 0 397
1 1 33377 2 0 394
2 0 0 0 0 0
3 0 0 0 0 0
4 0 0 0 0 0
5 0 0 0 0 0
6 0 0 0 0 0
7 0 0 0 0 0
8 0 0 0 0 0
9 0 0 0 0 0
10 0 0 0 0 0
11 0 0 0 0 0
12 0 0 0 0 0
13 0 0 0 0 0
14 0 0 0 0 0
15 0 0 0 0 0
16 0 0 0 0 0
17 0 0 0 0 0
18 0 0 0 0 0
19 0 0 0 0 0

OSS: Sending message to worker 0 PID 33376 at time 100:375000000
OSS: Receiving message from worker 0 PID 33376 at time 100:375000000
OSS PID:33375 SysClockS:100 SysClockNano:375000000
Process Table:
Entry Occupied PID StartS StartN MessagesSent
0 1 33376 1 0 398
1 1 33377 2 0 394
2 0 0 0 0 0
3 0 0 0 0 0
4 0 0 0 0 0
5 0 0 0 0 0
6 0 0 0 0 0
7 0 0 0 0 0
8 0 0 0 0 0
9 0 0 0 0 0
10 0 0 0 0 0
11 0 0 0 0 0
12 0 0 0 0 0
13 0 0 0 0 0
14 0 0 0 0 0
15 0 0 0 0 0
16 0 0 0 0 0
17 0 0 0 0 0
18 0 0 0 0 0
19 0 0 0 0 0

OSS: Sending message to worker 1 PID 33377 at time 100:500000000
OSS: Receiving message from worker 1 PID 33377 at time 100:500000000
OSS PID:33375 SysClockS:100 SysClockNano:500000000
Process Table:
Entry Occupied PID StartS StartN MessagesSent
0 1 33376 1 0 398
1 1 33377 2 0 395
2 0 0 0 0 0
3 0 0 0 0 0
4 0 0 0 0 0
5 0 0 0 0 0
6 0 0 0 0 0
7 0 0 0 0 0
8 0 0 0 0 0
9 0 0 0 0 0
10 0 0 0 0 0
11 0 0 0 0 0
12 0 0 0 0 0
13 0 0 0 0 0
14 0 0 0 0 0
15 0 0 0 0 0
16 0 0 0 0 0
17 0 0 0 0 0
18 0 0 0 0 0
19 0 0 0 0 0

OSS: Sending message to worker 0 PID 33376 at time 100:625000000
OSS: Receiving message from worker 0 PID 33376 at time 100:625000000
OSS PID:33375 SysClockS:100 SysClockNano:625000000
Process Table:
Entry Occupied PID StartS StartN MessagesSent
0 1 33376 1 0 399
1 1 33377 2 0 395
2 0 0 0 0 0
3 0 0 0 0 0
4 0 0 0 0 0
5 0 0 0 0 0
6 0 0 0 0 0
7 0 0 0 0 0
8 0 0 0 0 0
9 0 0 0 0 0
10 0 0 0 0 0
11 0 0 0 0 0
12 0 0 0 0 0
13 0 0 0 0 0
14 0 0 0 0 0
15 0 0 0 0 0
16 0 0 0 0 0
17 0 0 0 0 0
18 0 0 0 0 0
19 0 0 0 0 0

OSS: Sending message to worker 1 PID 33377 at time 100:750000000
OSS: Receiving message from worker 1 PID 33377 at time 100:750000000
OSS PID:33375 SysClockS:100 SysClockNano:750000000
Process Table:
Entry Occupied PID StartS StartN MessagesSent
0 1 33376 1 0 399
1 1 33377 2 0 396
2 0 0 0 0 0
3 0 0 0 0 0
4 0 0 0 0 0
5 0 0 0 0 0
6 0 0 0 0 0
7 0 0 0 0 0
8 0 0 0 0 0
9 0 0 0 0 0
10 0 0 0 0 0
11 0 0 0 0 0
12 0 0 0 0 0
13 0 0 0 0 0
14 0 0 0 0 0
15 0 0 0 0 0
16 0 0 0 0 0
17 0 0 0 0 0
18 0 0 0 0 0
19 0 0 0 0 0

OSS: Sending message to worker 0 PID 33376 at time 100:875000000
OSS: Receiving message from worker 0 PID 33376 at time 100:875000000
OSS PID:33375 SysClockS:100 SysClockNano:875000000
Process Table:
Entry Occupied PID StartS StartN MessagesSent
0 1 33376 1 0 400
1 1 33377 2 0 396
2 0 0 0 0 0
3 0 0 0 0 0
4 0 0 0 0 0
5 0 0 0 0 0
6 0 0 0 0 0
7 0 0 0 0 0
8 0 0 0 0 0
9 0 0 0 0 0
10 0 0 0 0 0
11 0 0 0 0 0
12 0 0 0 0 0
13 0 0 0 0 0
14 0 0 0 0 0
15 0 0 0 0 0
16 0 0 0 0 0
17 0 0 0 0 0
18 0 0 0 0 0
19 0 0 0 0 0

OSS: Sending message to worker 1 PID 33377 at time 101:0
OSS: Receiving message from worker 1 PID 33377 at time 101:0
OSS PID:33375 SysClockS:101 SysClockNano:0
Process Table:
Entry Occupied PID StartS StartN MessagesSent
0 1 33376 1 0 400
1 1 33377 2 0 397
2 0 0 0 0 0
3 0 0 0 0 0
4 0 0 0 0 0
5 0 0 0 0 0
6 0 0 0 0 0
7 0 0 0 0 0
8 0 0 0 0 0
9 0 0 0 0 0
10 0 0 0 0 0
11 0 0 0 0 0
12 0 0 0 0 0
13 0 0 0 0 0
14 0 0 0 0 0
15 0 0 0 0 0
16 0 0 0 0 0
17 0 0 0 0 0
18 0 0 0 0 0
19 0 0 0 0 0

OSS: Sending message to worker 0 PID 33376 at time 101:125000000
OSS: Receiving message from worker 0 PID 33376 at time 101:125000000
OSS PID:33375 SysClockS:101 SysClockNano:125000000
Process Table:
Entry Occupied PID StartS StartN MessagesSent
0 1 33376 1 0 401
1 1 33377 2 0 397
2 0 0 0 0 0
3 0 0 0 0 0
4 0 0 0 0 0
5 0 0 0 0 0
6 0 0 0 0 0
7 0 0 0 0 0
8 0 0 0 0 0
9 0 0 0 0 0
10 0 0 0 0 0
11 0 0 0 0 0
12 0 0 0 0 0
13 0 0 0 0 0
14 0 0 0 0 0
15 0 0 0 0 0
16 0 0 0 0 0
17 0 0 0 0 0
18 0 0 0 0 0
19 0 0 0 0 0

OSS: Sending message to worker 1 PID 33377 at time 101:250000000
OSS: Receiving message from worker 1 PID 33377 at time 101:250000000
OSS PID:33375 SysClockS:101 SysClockNano:250000000
Process Table:
Entry Occupied PID StartS StartN MessagesSent
0 1 33376 1 0 401
1 1 33377 2 0 398
2 0 0 0 0 0
3 0 0 0 0 0
4 0 0 0 0 0
5 0 0 0 0 0
6 0 0 0 0 0
7 0 0 0 0 0
8 0 0 0 0 0
9 0 0 0 0 0
10 0 0 0 0 0
11 0 0 0 0 0
12 0 0 0 0 0
13 0 0 0 0 0
14 0 0 0 0 0
15 0 0 0 0 0
16 0 0 0 0 0
17 0 0 0 0 0
18 0 0 0 0 0
19 0 0 0 0 0

OSS: Sending message to worker 0 PID 33376 at time 101:375000000
OSS: Receiving message from worker 0 PID 33376 at time 101:375000000
OSS PID:33375 SysClockS:101 SysClockNano:375000000
Process Table:
Entry Occupied PID StartS StartN MessagesSent
0 1 33376 1 0 402
1 1 33377 2 0 398
2 0 0 0 0 0
3 0 0 0 0 0
4 0 0 0 0 0
5 0 0 0 0 0
6 0 0 0 0 0
7 0 0 0 0 0
8 0 0 0 0 0
9 0 0 0 0 0
10 0 0 0 0 0
11 0 0 0 0 0
12 0 0 0 0 0
13 0 0 0 0 0
14 0 0 0 0 0
15 0 0 0 0 0
16 0 0 0 0 0
17 0 0 0 0 0
18 0 0 0 0 0
19 0 0 0 0 0

OSS: Sending message to worker 1 PID 33377 at time 101:500000000
OSS: Receiving message from worker 1 PID 33377 at time 101:500000000
OSS PID:33375 SysClockS:101 SysClockNano:500000000
Process Table:
Entry Occupied PID StartS StartN MessagesSent
0 1 33376 1 0 402
1 1 33377 2 0 399
2 0 0 0 0 0
3 0 0 0 0 0
4 0 0 0 0 0
5 0 0 0 0 0
6 0 0 0 0 0
7 0 0 0 0 0
8 0 0 0 0 0
9 0 0 0 0 0
10 0 0 0 0 0
11 0 0 0 0 0
12 0 0 0 0 0
13 0 0 0 0 0
14 0 0 0 0 0
15 0 0 0 0 0
16 0 0 0 0 0
17 0 0 0 0 0
18 0 0 0 0 0
19 0 0 0 0 0

OSS: Sending message to worker 0 PID 33376 at time 101:625000000
OSS: Receiving message from worker 0 PID 33376 at time 101:625000000
OSS PID:33375 SysClockS:101 SysClockNano:625000000
Process Table:
Entry Occupied PID StartS StartN MessagesSent
0 1 33376 1 0 403
1 1 33377 2 0 399
2 0 0 0 0 0
3 0 0 0 0 0
4 0 0 0 0 0
5 0 0 0 0 0
6 0 0 0 0 0
7 0 0 0 0 0
8 0 0 0 0 0
9 0 0 0 0 0
10 0 0 0 0 0
11 0 0 0 0 0
12 0 0 0 0 0
13 0 0 0 0 0
14 0 0 0 0 0
15 0 0 0 0 0
16 0 0 0 0 0
17 0 0 0 0 0
18 0 0 0 0 0
19 0 0 0 0 0

OSS: Sending message to worker 1 PID 33377 at time 101:750000000
OSS: Receiving message from worker 1 PID 33377 at time 101:750000000
OSS PID:33375 SysClockS:101 SysClockNano:750000000
Process Table:
Entry Occupied PID StartS StartN MessagesSent
0 1 33376 1 0 403
1 1 33377 2 0 400
2 0 0 0 0 0
3 0 0 0 0 0
4 0 0 0 0 0
5 0 0 0 0 0
6 0 0 0 0 0
7 0 0 0 0 0
8 0 0 0 0 0
9 0 0 0 0 0
10 0 0 0 0 0
11 0 0 0 0 0
12 0 0 0 0 0
13 0 0 0 0 0
14 0 0 0 0 0
15 0 0 0 0 0
16 0 0 0 0 0
17 0 0 0 0 0
18 0 0 0 0 0
19 0 0 0 0 0

OSS: Sending message to worker 0 PID 33376 at time 101:875000000
OSS: Receiving message from worker 0 PID 33376 at time 101:875000000
OSS PID:33375 SysClockS:101 SysClockNano:875000000
Process Table:
Entry Occupied PID StartS StartN MessagesSent
0 1 33376 1 0 404
1 1 33377 2 0 400
2 0 0 0 0 0
3 0 0 0 0 0
4 0 0 0 0 0
5 0 0 0 0 0
6 0 0 0 0 0
7 0 0 0 0 0
8 0 0 0 0 0
9 0 0 0 0 0
10 0 0 0 0 0
11 0 0 0 0 0
12 0 0 0 0 0
13 0 0 0 0 0
14 0 0 0 0 0
15 0 0 0 0 0
16 0 0 0 0 0
17 0 0 0 0 0
18 0 0 0 0 0
19 0 0 0 0 0

OSS: Sending message to worker 1 PID 33377 at time 102:0
OSS: Receiving message from worker 1 PID 33377 at time 102:0
OSS PID:33375 SysClockS:102 SysClockNano:0
Process Table:
Entry Occupied PID StartS StartN MessagesSent
0 1 33376 1 0 404
1 1 33377 2 0 401
2 0 0 0 0 0
3 0 0 0 0 0
4 0 0 0 0 0
5 0 0 0 0 0
6 0 0 0 0 0
7 0 0 0 0 0
8 0 0 0 0 0
9 0 0 0 0 0
10 0 0 0 0 0
11 0 0 0 0 0
12 0 0 0 0 0
13 0 0 0 0 0
14 0 0 0 0 0
15 0 0 0 0 0
16 0 0 0 0 0
17 0 0 0 0 0
18 0 0 0 0 0
19 0 0 0 0 0

OSS: Sending message to worker 0 PID 33376 at time 102:125000000
OSS: Receiving message from worker 0 PID 33376 at time 102:125000000
OSS PID:33375 SysClockS:102 SysClockNano:125000000
Process Table:
Entry Occupied PID StartS StartN MessagesSent
0 1 33376 1 0 405
1 1 33377 2 0 401
2 0 0 0 0 0
3 0 0 0 0 0
4 0 0 0 0 0
5 0 0 0 0 0
6 0 0 0 0 0
7 0 0 0 0 0
8 0 0 0 0 0
9 0 0 0 0 0
10 0 0 0 0 0
11 0 0 0 0 0
12 0 0 0 0 0
13 0 0 0 0 0
14 0 0 0 0 0
15 0 0 0 0 0
16 0 0 0 0 0
17 0 0 0 0 0
18 0 0 0 0 0
19 0 0 0 0 0

OSS: Sending message to worker 1 PID 33377 at time 102:250000000
OSS: Receiving message from worker 1 PID 33377 at time 102:250000000
OSS PID:33375 SysClockS:102 SysClockNano:250000000
Process Table:
Entry Occupied PID StartS StartN MessagesSent
0 1 33376 1 0 405
1 1 33377 2 0 402
2 0 0 0 0 0
3 0 0 0 0 0
4 0 0 0 0 0
5 0 0 0 0 0
6 0 0 0 0 0
7 0 0 0 0 0
8 0 0 0 0 0
9 0 0 0 0 0
10 0 0 0 0 0
11 0 0 0 0 0
12 0 0 0 0 0
13 0 0 0 0 0
14 0 0 0 0 0
15 0 0 0 0 0
16 0 0 0 0 0
17 0 0 0 0 0
18 0 0 0 0 0
19 0 0 0 0 0

OSS: Sending message to worker 0 PID 33376 at time 102:375000000
OSS: Receiving message from worker 0 PID 33376 at time 102:375000000
OSS PID:33375 SysClockS:102 SysClockNano:375000000
Process Table:
Entry Occupied PID StartS StartN MessagesSent
0 1 33376 1 0 406
1 1 33377 2 0 402
2 0 0 0 0 0
3 0 0 0 0 0
4 0 0 0 0 0
5 0 0 0 0 0
6 0 0 0 0 0
7 0 0 0 0 0
8 0 0 0 0 0
9 0 0 0 0 0
10 0 0 0 0 0
11 0 0 0 0 0
12 0 0 0 0 0
13 0 0 0 0 0
14 0 0 0 0 0
15 0 0 0 0 0
16 0 0 0 0 0
17 0 0 0 0 0
18 0 0 0 0 0
19 0 0 0 0 0

OSS: Sending message to worker 1 PID 33377 at time 102:500000000
OSS: Receiving message from worker 1 PID 33377 at time 102:500000000
OSS PID:33375 SysClockS:102 SysClockNano:500000000
Process Table:
Entry Occupied PID StartS StartN MessagesSent
0 1 33376 1 0 406
1 1 33377 2 0 403
2 0 0 0 0 0
3 0 0 0 0 0
4 0 0 0 0 0
5 0 0 0 0 0
6 0 0 0 0 0
7 0 0 0 0 0
8 0 0 0 0 0
9 0 0 0 0 0
10 0 0 0 0 0
11 0 0 0 0 0
12 0 0 0 0 0
13 0 0 0 0 0
14 0 0 0 0 0
15 0 0 0 0 0
16 0 0 0 0 0
17 0 0 0 0 0
18 0 0 0 0 0
19 0 0 0 0 0

OSS: Sending message to worker 0 PID 33376 at time 102:625000000
OSS: Receiving message from worker 0 PID 33376 at time 102:625000000
OSS PID:33375 SysClockS:102 SysClockNano:625000000
Process Table:
Entry Occupied PID StartS StartN MessagesSent
0 1 33376 1 0 407
1 1 33377 2 0 403
2 0 0 0 0 0
3 0 0 0 0 0
4 0 0 0 0 0
5 0 0 0 0 0
6 0 0 0 0 0
7 0 0 0 0 0
8 0 0 0 0 0
9 0 0 0 0 0
10 0 0 0 0 0
11 0 0 0 0 0
12 0 0 0 0 0
13 0 0 0 0 0
14 0 0 0 0 0
15 0 0 0 0 0
16 0 0 0 0 0
17 0 0 0 0 0
18 0 0 0 0 0
19 0 0 0 0 0

OSS: Sending message to worker 1 PID 33377 at time 102:750000000
OSS: Receiving message from worker 1 PID 33377 at time 102:750000000
OSS PID:33375 SysClockS:102 SysClockNano:750000000
Process Table:
Entry Occupied PID StartS StartN MessagesSent
0 1 33376 1 0 407
1 1 33377 2 0 404
2 0 0 0 0 0
3 0 0 0 0 0
4 0 0 0 0 0
5 0 0 0 0 0
6 0 0 0 0 0
7 0 0 0 0 0
8 0 0 0 0 0
9 0 0 0 0 0
10 0 0 0 0 0
11 0 0 0 0 0
12 0 0 0 0 0
13 0 0 0 0 0
14 0 0 0 0 0
15 0 0 0 0 0
16 0 0 0 0 0
17 0 0 0 0 0
18 0 0 0 0 0
19 0 0 0 0 0

OSS: Sending message to worker 0 PID 33376 at time 102:875000000
OSS: Receiving message from worker 0 PID 33376 at time 102:875000000
OSS PID:33375 SysClockS:102 SysClockNano:875000000
Process Table:
Entry Occupied PID StartS StartN MessagesSent
0 1 33376 1 0 408
1 1 33377 2 0 404
2 0 0 0 0 0
3 0 0 0 0 0
4 0 0 0 0 0
5 0 0 0 0 0
6 0 0 0 0 0
7 0 0 0 0 0
8 0 0 0 0 0
9 0 0 0 0 0
10 0 0 0 0 0
11 0 0 0 0 0
12 0 0 0 0 0
13 0 0 0 0 0
14 0 0 0 0 0
15 0 0 0 0 0
16 0 0 0 0 0
17 0 0 0 0 0
18 0 0 0 0 0
19 0 0 0 0 0

OSS: Sending message to worker 1 PID 33377 at time 103:0
OSS: Receiving message from worker 1 PID 33377 at time 103:0
OSS PID:33375 SysClockS:103 SysClockNano:0
Process Table:
Entry Occupied PID StartS StartN MessagesSent
0 1 33376 1 0 408
1 1 33377 2 0 405
2 0 0 0 0 0
3 0 0 0 0 0
4 0 0 0 0 0
5 0 0 0 0 0
6 0 0 0 0 0
7 0 0 0 0 0
8 0 0 0 0 0
9 0 0 0 0 0
10 0 0 0 0 0
11 0 0 0 0 0
12 0 0 0 0 0
13 0 0 0 0 0
14 0 0 0 0 0
15 0 0 0 0 0
16 0 0 0 0 0
17 0 0 0 0 0
18 0 0 0 0 0
19 0 0 0 0 0

OSS: Sending message to worker 0 PID 33376 at time 103:125000000
OSS: Receiving message from worker 0 PID 33376 at time 103:125000000
OSS PID:33375 SysClockS:103 SysClockNano:125000000
Process Table:
Entry Occupied PID StartS StartN MessagesSent
0 1 33376 1 0 409
1 1 33377 2 0 405
2 0 0 0 0 0
3 0 0 0 0 0
4 0 0 0 0 0
5 0 0 0 0 0
6 0 0 0 0 0
7 0 0 0 0 0
8 0 0 0 0 0
9 0 0 0 0 0
10 0 0 0 0 0
11 0 0 0 0 0
12 0 0 0 0 0
13 0 0 0 0 0
14 0 0 0 0 0
15 0 0 0 0 0
16 0 0 0 0 0
17 0 0 0 0 0
18 0 0 0 0 0
19 0 0 0 0 0

OSS: Sending message to worker 1 PID 33377 at time 103:250000000
OSS: Receiving message from worker 1 PID 33377 at time 103:250000000
OSS PID:33375 SysClockS:103 SysClockNano:250000000
Process Table:
Entry Occupied PID StartS StartN MessagesSent
0 1 33376 1 0 409
1 1 33377 2 0 406
2 0 0 0 0 0
3 0 0 0 0 0
4 0 0 0 0 0
5 0 0 0 0 0
6 0 0 0 0 0
7 0 0 0 0 0
8 0 0 0 0 0
9 0 0 0 0 0
10 0 0 0 0 0
11 0 0 0 0 0
12 0 0 0 0 0
13 0 0 0 0 0
14 0 0 0 0 0
15 0 0 0 0 0
16 0 0 0 0 0
17 0 0 0 0 0
18 0 0 0 0 0
19 0 0 0 0 0

OSS: Sending message to worker 0 PID 33376 at time 103:375000000
OSS: Receiving message from worker 0 PID 33376 at time 103:375000000
OSS PID:33375 SysClockS:103 SysClockNano:375000000
Process Table:
Entry Occupied PID StartS StartN MessagesSent
0 1 33376 1 0 410
1 1 33377 2 0 406
2 0 0 0 0 0
3 0 0 0 0 0
4 0 0 0 0 0
5 0 0 0 0 0
6 0 0 0 0 0
7 0 0 0 0 0
8 0 0 0 0 0
9 0 0 0 0 0
10 0 0 0 0 0
11 0 0 0 0 0
12 0 0 0 0 0
13 0 0 0 0 0
14 0 0 0 0 0
15 0 0 0 0 0
16 0 0 0 0 0
17 0 0 0 0 0
18 0 0 0 0 0
19 0 0 0 0 0

OSS: Sending message to worker 1 PID 33377 at time 103:500000000
OSS: Receiving message from worker 1 PID 33377 at time 103:500000000
OSS PID:33375 SysClockS:103 SysClockNano:500000000
Process Table:
Entry Occupied PID StartS StartN MessagesSent
0 1 33376 1 0 410
1 1 33377 2 0 407
2 0 0 0 0 0
3 0 0 0 0 0
4 0 0 0 0 0
5 0 0 0 0 0
6 0 0 0 0 0
7 0 0 0 0 0
8 0 0 0 0 0
9 0 0 0 0 0
10 0 0 0 0 0
11 0 0 0 0 0
12 0 0 0 0 0
13 0 0 0 0 0
14 0 0 0 0 0
15 0 0 0 0 0
16 0 0 0 0 0
17 0 0 0 0 0
18 0 0 0 0 0
19 0 0 0 0 0

OSS: Sending message to worker 0 PID 33376 at time 103:625000000
OSS: Receiving message from worker 0 PID 33376 at time 103:625000000
OSS PID:33375 SysClockS:103 SysClockNano:625000000
Process Table:
Entry Occupied PID StartS StartN MessagesSent
0 1 33376 1 0 411
1 1 33377 2 0 407
2 0 0 0 0 0
3 0 0 0 0 0
4 0 0 0 0 0
5 0 0 0 0 0
6 0 0 0 0 0
7 0 0 0 0 0
8 0 0 0 0 0
9 0 0 0 0 0
10 0 0 0 0 0
11 0 0 0 0 0
12 0 0 0 0 0
13 0 0 0 0 0
14 0 0 0 0 0
15 0 0 0 0 0
16 0 0 0 0 0
17 0 0 0 0 0
18 0 0 0 0 0
19 0 0 0 0 0

OSS: Sending message to worker 1 PID 33377 at time 103:750000000
OSS: Receiving message from worker 1 PID 33377 at time 103:750000000
OSS PID:33375 SysClockS:103 SysClockNano:750000000
Process Table:
Entry Occupied PID StartS StartN MessagesSent
0 1 33376 1 0 411
1 1 33377 2 0 408
2 0 0 0 0 0
3 0 0 0 0 0
4 0 0 0 0 0
5 0 0 0 0 0
6 0 0 0 0 0
7 0 0 0 0 0
8 0 0 0 0 0
9 0 0 0 0 0
10 0 0 0 0 0
11 0 0 0 0 0
12 0 0 0 0 0
13 0 0 0 0 0
14 0 0 0 0 0
15 0 0 0 0 0
16 0 0 0 0 0
17 0 0 0 0 0
18 0 0 0 0 0
19 0 0 0 0 0

OSS: Sending message to worker 0 PID 33376 at time 103:875000000
OSS: Receiving message from worker 0 PID 33376 at time 103:875000000
OSS PID:33375 SysClockS:103 SysClockNano:875000000
Process Table:
Entry Occupied PID StartS StartN MessagesSent
0 1 33376 1 0 412
1 1 33377 2 0 408
2 0 0 0 0 0
3 0 0 0 0 0
4 0 0 0 0 0
5 0 0 0 0 0
6 0 0 0 0 0
7 0 0 0 0 0
8 0 0 0 0 0
9 0 0 0 0 0
10 0 0 0 0 0
11 0 0 0 0 0
12 0 0 0 0 0
13 0 0 0 0 0
14 0 0 0 0 0
15 0 0 0 0 0
16 0 0 0 0 0
17 0 0 0 0 0
18 0 0 0 0 0
19 0 0 0 0 0

OSS: Sending message to worker 1 PID 33377 at time 104:0
OSS: Receiving message from worker 1 PID 33377 at time 104:0
OSS PID:33375 SysClockS:104 SysClockNano:0
Process Table:
Entry Occupied PID StartS StartN MessagesSent
0 1 33376 1 0 412
1 1 33377 2 0 409
2 0 0 0 0 0
3 0 0 0 0 0
4 0 0 0 0 0
5 0 0 0 0 0
6 0 0 0 0 0
7 0 0 0 0 0
8 0 0 0 0 0
9 0 0 0 0 0
10 0 0 0 0 0
11 0 0 0 0 0
12 0 0 0 0 0
13 0 0 0 0 0
14 0 0 0 0 0
15 0 0 0 0 0
16 0 0 0 0 0
17 0 0 0 0 0
18 0 0 0 0 0
19 0 0 0 0 0

OSS: Sending message to worker 0 PID 33376 at time 104:125000000
OSS: Receiving message from worker 0 PID 33376 at time 104:125000000
OSS PID:33375 SysClockS:104 SysClockNano:125000000
Process Table:
Entry Occupied PID StartS StartN MessagesSent
0 1 33376 1 0 413
1 1 33377 2 0 409
2 0 0 0 0 0
3 0 0 0 0 0
4 0 0 0 0 0
5 0 0 0 0 0
6 0 0 0 0 0
7 0 0 0 0 0
8 0 0 0 0 0
9 0 0 0 0 0
10 0 0 0 0 0
11 0 0 0 0 0
12 0 0 0 0 0
13 0 0 0 0 0
14 0 0 0 0 0
15 0 0 0 0 0
16 0 0 0 0 0
17 0 0 0 0 0
18 0 0 0 0 0
19 0 0 0 0 0

OSS: Sending message to worker 1 PID 33377 at time 104:250000000
OSS: Receiving message from worker 1 PID 33377 at time 104:250000000
OSS PID:33375 SysClockS:104 SysClockNano:250000000
Process Table:
Entry Occupied PID StartS StartN MessagesSent
0 1 33376 1 0 413
1 1 33377 2 0 410
2 0 0 0 0 0
3 0 0 0 0 0
4 0 0 0 0 0
5 0 0 0 0 0
6 0 0 0 0 0
7 0 0 0 0 0
8 0 0 0 0 0
9 0 0 0 0 0
10 0 0 0 0 0
11 0 0 0 0 0
12 0 0 0 0 0
13 0 0 0 0 0
14 0 0 0 0 0
15 0 0 0 0 0
16 0 0 0 0 0
17 0 0 0 0 0
18 0 0 0 0 0
19 0 0 0 0 0

OSS: Sending message to worker 0 PID 33376 at time 104:375000000
OSS: Receiving message from worker 0 PID 33376 at time 104:375000000
OSS PID:33375 SysClockS:104 SysClockNano:375000000
Process Table:
Entry Occupied PID StartS StartN MessagesSent
0 1 33376 1 0 414
1 1 33377 2 0 410
2 0 0 0 0 0
3 0 0 0 0 0
4 0 0 0 0 0
5 0 0 0 0 0
6 0 0 0 0 0
7 0 0 0 0 0
8 0 0 0 0 0
9 0 0 0 0 0
10 0 0 0 0 0
11 0 0 0 0 0
12 0 0 0 0 0
13 0 0 0 0 0
14 0 0 0 0 0
15 0 0 0 0 0
16 0 0 0 0 0
17 0 0 0 0 0
18 0 0 0 0 0
19 0 0 0 0 0

OSS: Sending message to worker 1 PID 33377 at time 104:500000000
OSS: Receiving message from worker 1 PID 33377 at time 104:500000000
OSS PID:33375 SysClockS:104 SysClockNano:500000000
Process Table:
Entry Occupied PID StartS StartN MessagesSent
0 1 33376 1 0 414
1 1 33377 2 0 411
2 0 0 0 0 0
3 0 0 0 0 0
4 0 0 0 0 0
5 0 0 0 0 0
6 0 0 0 0 0
7 0 0 0 0 0
8 0 0 0 0 0
9 0 0 0 0 0
10 0 0 0 0 0
11 0 0 0 0 0
12 0 0 0 0 0
13 0 0 0 0 0
14 0 0 0 0 0
15 0 0 0 0 0
16 0 0 0 0 0
17 0 0 0 0 0
18 0 0 0 0 0
19 0 0 0 0 0

OSS: Sending message to worker 0 PID 33376 at time 104:625000000
OSS: Receiving message from worker 0 PID 33376 at time 104:625000000
OSS PID:33375 SysClockS:104 SysClockNano:625000000
Process Table:
Entry Occupied PID StartS StartN MessagesSent
0 1 33376 1 0 415
1 1 33377 2 0 411
2 0 0 0 0 0
3 0 0 0 0 0
4 0 0 0 0 0
5 0 0 0 0 0
6 0 0 0 0 0
7 0 0 0 0 0
8 0 0 0 0 0
9 0 0 0 0 0
10 0 0 0 0 0
11 0 0 0 0 0
12 0 0 0 0 0
13 0 0 0 0 0
14 0 0 0 0 0
15 0 0 0 0 0
16 0 0 0 0 0
17 0 0 0 0 0
18 0 0 0 0 0
19 0 0 0 0 0

OSS: Sending message to worker 1 PID 33377 at time 104:750000000
OSS: Receiving message from worker 1 PID 33377 at time 104:750000000
OSS PID:33375 SysClockS:104 SysClockNano:750000000
Process Table:
Entry Occupied PID StartS StartN MessagesSent
0 1 33376 1 0 415
1 1 33377 2 0 412
2 0 0 0 0 0
3 0 0 0 0 0
4 0 0 0 0 0
5 0 0 0 0 0
6 0 0 0 0 0
7 0 0 0 0 0
8 0 0 0 0 0
9 0 0 0 0 0
10 0 0 0 0 0
11 0 0 0 0 0
12 0 0 0 0 0
13 0 0 0 0 0
14 0 0 0 0 0
15 0 0 0 0 0
16 0 0 0 0 0
17 0 0 0 0 0
18 0 0 0 0 0
19 0 0 0 0 0

OSS: Sending message to worker 0 PID 33376 at time 104:875000000
OSS: Receiving message from worker 0 PID 33376 at time 104:875000000
OSS PID:33375 SysClockS:104 SysClockNano:875000000
Process Table:
Entry Occupied PID StartS StartN MessagesSent
0 1 33376 1 0 416
1 1 33377 2 0 412
2 0 0 0 0 0
3 0 0 0 0 0
4 0 0 0 0 0
5 0 0 0 0 0
6 0 0 0 0 0
7 0 0 0 0 0
8 0 0 0 0 0
9 0 0 0 0 0
10 0 0 0 0 0
11 0 0 0 0 0
12 0 0 0 0 0
13 0 0 0 0 0
14 0 0 0 0 0
15 0 0 0 0 0
16 0 0 0 0 0
17 0 0 0 0 0
18 0 0 0 0 0
19 0 0 0 0 0

OSS: Sending message to worker 1 PID 33377 at time 105:0
OSS: Receiving message from worker 1 PID 33377 at time 105:0
OSS PID:33375 SysClockS:105 SysClockNano:0
Process Table:
Entry Occupied PID StartS StartN MessagesSent
0 1 33376 1 0 416
1 1 33377 2 0 413
2 0 0 0 0 0
3 0 0 0 0 0
4 0 0 0 0 0
5 0 0 0 0 0
6 0 0 0 0 0
7 0 0 0 0 0
8 0 0 0 0 0
9 0 0 0 0 0
10 0 0 0 0 0
11 0 0 0 0 0
12 0 0 0 0 0
13 0 0 0 0 0
14 0 0 0 0 0
15 0 0 0 0 0
16 0 0 0 0 0
17 0 0 0 0 0
18 0 0 0 0 0
19 0 0 0 0 0

OSS: Sending message to worker 0 PID 33376 at time 105:125000000
OSS: Receiving message from worker 0 PID 33376 at time 105:125000000
OSS PID:33375 SysClockS:105 SysClockNano:125000000
Process Table:
Entry Occupied PID StartS StartN MessagesSent
0 1 33376 1 0 417
1 1 33377 2 0 413
2 0 0 0 0 0
3 0 0 0 0 0
4 0 0 0 0 0
5 0 0 0 0 0
6 0 0 0 0 0
7 0 0 0 0 0
8 0 0 0 0 0
9 0 0 0 0 0
10 0 0 0 0 0
11 0 0 0 0 0
12 0 0 0 0 0
13 0 0 0 0 0
14 0 0 0 0 0
15 0 0 0 0 0
16 0 0 0 0 0
17 0 0 0 0 0
18 0 0 0 0 0
19 0 0 0 0 0

OSS: Sending message to worker 1 PID 33377 at time 105:250000000
OSS: Receiving message from worker 1 PID 33377 at time 105:250000000
OSS PID:33375 SysClockS:105 SysClockNano:250000000
Process Table:
Entry Occupied PID StartS StartN MessagesSent
0 1 33376 1 0 417
1 1 33377 2 0 414
2 0 0 0 0 0
3 0 0 0 0 0
4 0 0 0 0 0
5 0 0 0 0 0
6 0 0 0 0 0
7 0 0 0 0 0
8 0 0 0 0 0
9 0 0 0 0 0
10 0 0 0 0 0
11 0 0 0 0 0
12 0 0 0 0 0
13 0 0 0 0 0
14 0 0 0 0 0
15 0 0 0 0 0
16 0 0 0 0 0
17 0 0 0 0 0
18 0 0 0 0 0
19 0 0 0 0 0

OSS: Sending message to worker 0 PID 33376 at time 105:375000000
OSS: Receiving message from worker 0 PID 33376 at time 105:375000000
OSS PID:33375 SysClockS:105 SysClockNano:375000000
Process Table:
Entry Occupied PID StartS StartN MessagesSent
0 1 33376 1 0 418
1 1 33377 2 0 414
2 0 0 0 0 0
3 0 0 0 0 0
4 0 0 0 0 0
5 0 0 0 0 0
6 0 0 0 0 0
7 0 0 0 0 0
8 0 0 0 0 0
9 0 0 0 0 0
10 0 0 0 0 0
11 0 0 0 0 0
12 0 0 0 0 0
13 0 0 0 0 0
14 0 0 0 0 0
15 0 0 0 0 0
16 0 0 0 0 0
17 0 0 0 0 0
18 0 0 0 0 0
19 0 0 0 0 0

OSS: Sending message to worker 1 PID 33377 at time 105:500000000
OSS: Receiving message from worker 1 PID 33377 at time 105:500000000
OSS PID:33375 SysClockS:105 SysClockNano:500000000
Process Table:
Entry Occupied PID StartS StartN MessagesSent
0 1 33376 1 0 418
1 1 33377 2 0 415
2 0 0 0 0 0
3 0 0 0 0 0
4 0 0 0 0 0
5 0 0 0 0 0
6 0 0 0 0 0
7 0 0 0 0 0
8 0 0 0 0 0
9 0 0 0 0 0
10 0 0 0 0 0
11 0 0 0 0 0
12 0 0 0 0 0
13 0 0 0 0 0
14 0 0 0 0 0
15 0 0 0 0 0
16 0 0 0 0 0
17 0 0 0 0 0
18 0 0 0 0 0
19 0 0 0 0 0

OSS: Sending message to worker 0 PID 33376 at time 105:625000000
OSS: Receiving message from worker 0 PID 33376 at time 105:625000000
OSS PID:33375 SysClockS:105 SysClockNano:625000000
Process Table:
Entry Occupied PID StartS StartN MessagesSent
0 1 33376 1 0 419
1 1 33377 2 0 415
2 0 0 0 0 0
3 0 0 0 0 0
4 0 0 0 0 0
5 0 0 0 0 0
6 0 0 0 0 0
7 0 0 0 0 0
8 0 0 0 0 0
9 0 0 0 0 0
10 0 0 0 0 0
11 0 0 0 0 0
12 0 0 0 0 0
13 0 0 0 0 0
14 0 0 0 0 0
15 0 0 0 0 0
16 0 0 0 0 0
17 0 0 0 0 0
18 0 0 0 0 0
19 0 0 0 0 0

OSS: Sending message to worker 1 PID 33377 at time 105:750000000
OSS: Receiving message from worker 1 PID 33377 at time 105:750000000
OSS PID:33375 SysClockS:105 SysClockNano:750000000
Process Table:
Entry Occupied PID StartS StartN MessagesSent
0 1 33376 1 0 419
1 1 33377 2 0 416
2 0 0 0 0 0
3 0 0 0 0 0
4 0 0 0 0 0
5 0 0 0 0 0
6 0 0 0 0 0
7 0 0 0 0 0
8 0 0 0 0 0
9 0 0 0 0 0
10 0 0 0 0 0
11 0 0 0 0 0
12 0 0 0 0 0
13 0 0 0 0 0
14 0 0 0 0 0
15 0 0 0 0 0
16 0 0 0 0 0
17 0 0 0 0 0
18 0 0 0 0 0
19 0 0 0 0 0

OSS: Sending message to worker 0 PID 33376 at time 105:875000000
OSS: Receiving message from worker 0 PID 33376 at time 105:875000000
OSS PID:33375 SysClockS:105 SysClockNano:875000000
Process Table:
Entry Occupied PID StartS StartN MessagesSent
0 1 33376 1 0 420
1 1 33377 2 0 416
2 0 0 0 0 0
3 0 0 0 0 0
4 0 0 0 0 0
5 0 0 0 0 0
6 0 0 0 0 0
7 0 0 0 0 0
8 0 0 0 0 0
9 0 0 0 0 0
10 0 0 0 0 0
11 0 0 0 0 0
12 0 0 0 0 0
13 0 0 0 0 0
14 0 0 0 0 0
15 0 0 0 0 0
16 0 0 0 0 0
17 0 0 0 0 0
18 0 0 0 0 0
19 0 0 0 0 0

OSS: Sending message to worker 1 PID 33377 at time 106:0
OSS: Receiving message from worker 1 PID 33377 at time 106:0
OSS PID:33375 SysClockS:106 SysClockNano:0
Process Table:
Entry Occupied PID StartS StartN MessagesSent
0 1 33376 1 0 420
1 1 33377 2 0 417
2 0 0 0 0 0
3 0 0 0 0 0
4 0 0 0 0 0
5 0 0 0 0 0
6 0 0 0 0 0
7 0 0 0 0 0
8 0 0 0 0 0
9 0 0 0 0 0
10 0 0 0 0 0
11 0 0 0 0 0
12 0 0 0 0 0
13 0 0 0 0 0
14 0 0 0 0 0
15 0 0 0 0 0
16 0 0 0 0 0
17 0 0 0 0 0
18 0 0 0 0 0
19 0 0 0 0 0

OSS: Sending message to worker 0 PID 33376 at time 106:125000000
OSS: Receiving message from worker 0 PID 33376 at time 106:125000000
OSS PID:33375 SysClockS:106 SysClockNano:125000000
Process Table:
Entry Occupied PID StartS StartN MessagesSent
0 1 33376 1 0 421
1 1 33377 2 0 417
2 0 0 0 0 0
3 0 0 0 0 0
4 0 0 0 0 0
5 0 0 0 0 0
6 0 0 0 0 0
7 0 0 0 0 0
8 0 0 0 0 0
9 0 0 0 0 0
10 0 0 0 0 0
11 0 0 0 0 0
12 0 0 0 0 0
13 0 0 0 0 0
14 0 0 0 0 0
15 0 0 0 0 0
16 0 0 0 0 0
17 0 0 0 0 0
18 0 0 0 0 0
19 0 0 0 0 0

OSS: Sending message to worker 1 PID 33377 at time 106:250000000
OSS: Receiving message from worker 1 PID 33377 at time 106:250000000
OSS PID:33375 SysClockS:106 SysClockNano:250000000
Process Table:
Entry Occupied PID StartS StartN MessagesSent
0 1 33376 1 0 421
1 1 33377 2 0 418
2 0 0 0 0 0
3 0 0 0 0 0
4 0 0 0 0 0
5 0 0 0 0 0
6 0 0 0 0 0
7 0 0 0 0 0
8 0 0 0 0 0
9 0 0 0 0 0
10 0 0 0 0 0
11 0 0 0 0 0
12 0 0 0 0 0
13 0 0 0 0 0
14 0 0 0 0 0
15 0 0 0 0 0
16 0 0 0 0 0
17 0 0 0 0 0
18 0 0 0 0 0
19 0 0 0 0 0

OSS: Sending message to worker 0 PID 33376 at time 106:375000000
OSS: Receiving message from worker 0 PID 33376 at time 106:375000000
OSS PID:33375 SysClockS:106 SysClockNano:375000000
Process Table:
Entry Occupied PID StartS StartN MessagesSent
0 1 33376 1 0 422
1 1 33377 2 0 418
2 0 0 0 0 0
3 0 0 0 0 0
4 0 0 0 0 0
5 0 0 0 0 0
6 0 0 0 0 0
7 0 0 0 0 0
8 0 0 0 0 0
9 0 0 0 0 0
10 0 0 0 0 0
11 0 0 0 0 0
12 0 0 0 0 0
13 0 0 0 0 0
14 0 0 0 0 0
15 0 0 0 0 0
16 0 0 0 0 0
17 0 0 0 0 0
18 0 0 0 0 0
19 0 0 0 0 0

OSS: Sending message to worker 1 PID 33377 at time 106:500000000
OSS: Receiving message from worker 1 PID 33377 at time 106:500000000
OSS PID:33375 SysClockS:106 SysClockNano:500000000
Process Table:
Entry Occupied PID StartS StartN MessagesSent
0 1 33376 1 0 422
1 1 33377 2 0 419
2 0 0 0 0 0
3 0 0 0 0 0
4 0 0 0 0 0
5 0 0 0 0 0
6 0 0 0 0 0
7 0 0 0 0 0
8 0 0 0 0 0
9 0 0 0 0 0
10 0 0 0 0 0
11 0 0 0 0 0
12 0 0 0 0 0
13 0 0 0 0 0
14 0 0 0 0 0
15 0 0 0 0 0
16 0 0 0 0 0
17 0 0 0 0 0
18 0 0 0 0 0
19 0 0 0 0 0

OSS: Sending message to worker 0 PID 33376 at time 106:625000000
OSS: Receiving message from worker 0 PID 33376 at time 106:625000000
OSS PID:33375 SysClockS:106 SysClockNano:625000000
Process Table:
Entry Occupied PID StartS StartN MessagesSent
0 1 33376 1 0 423
1 1 33377 2 0 419
2 0 0 0 0 0
3 0 0 0 0 0
4 0 0 0 0 0
5 0 0 0 0 0
6 0 0 0 0 0
7 0 0 0 0 0
8 0 0 0 0 0
9 0 0 0 0 0
10 0 0 0 0 0
11 0 0 0 0 0
12 0 0 0 0 0
13 0 0 0 0 0
14 0 0 0 0 0
15 0 0 0 0 0
16 0 0 0 0 0
17 0 0 0 0 0
18 0 0 0 0 0
19 0 0 0 0 0

OSS: Sending message to worker 1 PID 33377 at time 106:750000000
OSS: Receiving message from worker 1 PID 33377 at time 106:750000000
OSS PID:33375 SysClockS:106 SysClockNano:750000000
Process Table:
Entry Occupied PID StartS StartN MessagesSent
0 1 33376 1 0 423
1 1 33377 2 0 420
2 0 0 0 0 0
3 0 0 0 0 0
4 0 0 0 0 0
5 0 0 0 0 0
6 0 0 0 0 0
7 0 0 0 0 0
8 0 0 0 0 0
9 0 0 0 0 0
10 0 0 0 0 0
11 0 0 0 0 0
12 0 0 0 0 0
13 0 0 0 0 0
14 0 0 0 0 0
15 0 0 0 0 0
16 0 0 0 0 0
17 0 0 0 0 0
18 0 0 0 0 0
19 0 0 0 0 0

OSS: Sending message to worker 0 PID 33376 at time 106:875000000
OSS: Receiving message from worker 0 PID 33376 at time 106:875000000
OSS PID:33375 SysClockS:106 SysClockNano:875000000
Process Table:
Entry Occupied PID StartS StartN MessagesSent
0 1 33376 1 0 424
1 1 33377 2 0 420
2 0 0 0 0 0
3 0 0 0 0 0
4 0 0 0 0 0
5 0 0 0 0 0
6 0 0 0 0 0
7 0 0 0 0 0
8 0 0 0 0 0
9 0 0 0 0 0
10 0 0 0 0 0
11 0 0 0 0 0
12 0 0 0 0 0
13 0 0 0 0 0
14 0 0 0 0 0
15 0 0 0 0 0
16 0 0 0 0 0
17 0 0 0 0 0
18 0 0 0 0 0
19 0 0 0 0 0

OSS: Sending message to worker 1 PID 33377 at time 107:0
OSS: Receiving message from worker 1 PID 33377 at time 107:0
OSS PID:33375 SysClockS:107 SysClockNano:0
Process Table:
Entry Occupied PID StartS StartN MessagesSent
0 1 33376 1 0 424
1 1 33377 2 0 421
2 0 0 0 0 0
3 0 0 0 0 0
4 0 0 0 0 0
5 0 0 0 0 0
6 0 0 0 0 0
7 0 0 0 0 0
8 0 0 0 0 0
9 0 0 0 0 0
10 0 0 0 0 0
11 0 0 0 0 0
12 0 0 0 0 0
13 0 0 0 0 0
14 0 0 0 0 0
15 0 0 0 0 0
16 0 0 0 0 0
17 0 0 0 0 0
18 0 0 0 0 0
19 0 0 0 0 0

OSS: Sending message to worker 0 PID 33376 at time 107:125000000
OSS: Receiving message from worker 0 PID 33376 at time 107:125000000
OSS PID:33375 SysClockS:107 SysClockNano:125000000
Process Table:
Entry Occupied PID StartS StartN MessagesSent
0 1 33376 1 0 425
1 1 33377 2 0 421
2 0 0 0 0 0
3 0 0 0 0 0
4 0 0 0 0 0
5 0 0 0 0 0
6 0 0 0 0 0
7 0 0 0 0 0
8 0 0 0 0 0
9 0 0 0 0 0
10 0 0 0 0 0
11 0 0 0 0 0
12 0 0 0 0 0
13 0 0 0 0 0
14 0 0 0 0 0
15 0 0 0 0 0
16 0 0 0 0 0
17 0 0 0 0 0
18 0 0 0 0 0
19 0 0 0 0 0

OSS: Sending message to worker 1 PID 33377 at time 107:250000000
OSS: Receiving message from worker 1 PID 33377 at time 107:250000000
OSS PID:33375 SysClockS:107 SysClockNano:250000000
Process Table:
Entry Occupied PID StartS StartN MessagesSent
0 1 33376 1 0 425
1 1 33377 2 0 422
2 0 0 0 0 0
3 0 0 0 0 0
4 0 0 0 0 0
5 0 0 0 0 0
6 0 0 0 0 0
7 0 0 0 0 0
8 0 0 0 0 0
9 0 0 0 0 0
10 0 0 0 0 0
11 0 0 0 0 0
12 0 0 0 0 0
13 0 0 0 0 0
14 0 0 0 0 0
15 0 0 0 0 0
16 0 0 0 0 0
17 0 0 0 0 0
18 0 0 0 0 0
19 0 0 0 0 0

OSS: Sending message to worker 0 PID 33376 at time 107:375000000
OSS: Receiving message from worker 0 PID 33376 at time 107:375000000
OSS PID:33375 SysClockS:107 SysClockNano:375000000
Process Table:
Entry Occupied PID StartS StartN MessagesSent
0 1 33376 1 0 426
1 1 33377 2 0 422
2 0 0 0 0 0
3 0 0 0 0 0
4 0 0 0 0 0
5 0 0 0 0 0
6 0 0 0 0 0
7 0 0 0 0 0
8 0 0 0 0 0
9 0 0 0 0 0
10 0 0 0 0 0
11 0 0 0 0 0
12 0 0 0 0 0
13 0 0 0 0 0
14 0 0 0 0 0
15 0 0 0 0 0
16 0 0 0 0 0
17 0 0 0 0 0
18 0 0 0 0 0
19 0 0 0 0 0

OSS: Sending message to worker 1 PID 33377 at time 107:500000000
OSS: Receiving message from worker 1 PID 33377 at time 107:500000000
OSS PID:33375 SysClockS:107 SysClockNano:500000000
Process Table:
Entry Occupied PID StartS StartN MessagesSent
0 1 33376 1 0 426
1 1 33377 2 0 423
2 0 0 0 0 0
3 0 0 0 0 0
4 0 0 0 0 0
5 0 0 0 0 0
6 0 0 0 0 0
7 0 0 0 0 0
8 0 0 0 0 0
9 0 0 0 0 0
10 0 0 0 0 0
11 0 0 0 0 0
12 0 0 0 0 0
13 0 0 0 0 0
14 0 0 0 0 0
15 0 0 0 0 0
16 0 0 0 0 0
17 0 0 0 0 0
18 0 0 0 0 0
19 0 0 0 0 0

OSS: Sending message to worker 0 PID 33376 at time 107:625000000
OSS: Receiving message from worker 0 PID 33376 at time 107:625000000
OSS PID:33375 SysClockS:107 SysClockNano:625000000
Process Table:
Entry Occupied PID StartS StartN MessagesSent
0 1 33376 1 0 427
1 1 33377 2 0 423
2 0 0 0 0 0
3 0 0 0 0 0
4 0 0 0 0 0
5 0 0 0 0 0
6 0 0 0 0 0
7 0 0 0 0 0
8 0 0 0 0 0
9 0 0 0 0 0
10 0 0 0 0 0
11 0 0 0 0 0
12 0 0 0 0 0
13 0 0 0 0 0
14 0 0 0 0 0
15 0 0 0 0 0
16 0 0 0 0 0
17 0 0 0 0 0
18 0 0 0 0 0
19 0 0 0 0 0

OSS: Sending message to worker 1 PID 33377 at time 107:750000000
OSS: Receiving message from worker 1 PID 33377 at time 107:750000000
OSS PID:33375 SysClockS:107 SysClockNano:750000000
Process Table:
Entry Occupied PID StartS StartN MessagesSent
0 1 33376 1 0 427
1 1 33377 2 0 424
2 0 0 0 0 0
3 0 0 0 0 0
4 0 0 0 0 0
5 0 0 0 0 0
6 0 0 0 0 0
7 0 0 0 0 0
8 0 0 0 0 0
9 0 0 0 0 0
10 0 0 0 0 0
11 0 0 0 0 0
12 0 0 0 0 0
13 0 0 0 0 0
14 0 0 0 0 0
15 0 0 0 0 0
16 0 0 0 0 0
17 0 0 0 0 0
18 0 0 0 0 0
19 0 0 0 0 0

OSS: Sending message to worker 0 PID 33376 at time 107:875000000
OSS: Receiving message from worker 0 PID 33376 at time 107:875000000
OSS PID:33375 SysClockS:107 SysClockNano:875000000
Process Table:
Entry Occupied PID StartS StartN MessagesSent
0 1 33376 1 0 428
1 1 33377 2 0 424
2 0 0 0 0 0
3 0 0 0 0 0
4 0 0 0 0 0
5 0 0 0 0 0
6 0 0 0 0 0
7 0 0 0 0 0
8 0 0 0 0 0
9 0 0 0 0 0
10 0 0 0 0 0
11 0 0 0 0 0
12 0 0 0 0 0
13 0 0 0 0 0
14 0 0 0 0 0
15 0 0 0 0 0
16 0 0 0 0 0
17 0 0 0 0 0
18 0 0 0 0 0
19 0 0 0 0 0

OSS: Sending message to worker 1 PID 33377 at time 108:0
OSS: Receiving message from worker 1 PID 33377 at time 108:0
OSS PID:33375 SysClockS:108 SysClockNano:0
Process Table:
Entry Occupied PID StartS StartN MessagesSent
0 1 33376 1 0 428
1 1 33377 2 0 425
2 0 0 0 0 0
3 0 0 0 0 0
4 0 0 0 0 0
5 0 0 0 0 0
6 0 0 0 0 0
7 0 0 0 0 0
8 0 0 0 0 0
9 0 0 0 0 0
10 0 0 0 0 0
11 0 0 0 0 0
12 0 0 0 0 0
13 0 0 0 0 0
14 0 0 0 0 0
15 0 0 0 0 0
16 0 0 0 0 0
17 0 0 0 0 0
18 0 0 0 0 0
19 0 0 0 0 0

OSS: Sending message to worker 0 PID 33376 at time 108:125000000
OSS: Receiving message from worker 0 PID 33376 at time 108:125000000
OSS PID:33375 SysClockS:108 SysClockNano:125000000
Process Table:
Entry Occupied PID StartS StartN MessagesSent
0 1 33376 1 0 429
1 1 33377 2 0 425
2 0 0 0 0 0
3 0 0 0 0 0
4 0 0 0 0 0
5 0 0 0 0 0
6 0 0 0 0 0
7 0 0 0 0 0
8 0 0 0 0 0
9 0 0 0 0 0
10 0 0 0 0 0
11 0 0 0 0 0
12 0 0 0 0 0
13 0 0 0 0 0
14 0 0 0 0 0
15 0 0 0 0 0
16 0 0 0 0 0
17 0 0 0 0 0
18 0 0 0 0 0
19 0 0 0 0 0

OSS: Sending message to worker 1 PID 33377 at time 108:250000000
OSS: Receiving message from worker 1 PID 33377 at time 108:250000000
OSS PID:33375 SysClockS:108 SysClockNano:250000000
Process Table:
Entry Occupied PID StartS StartN MessagesSent
0 1 33376 1 0 429
1 1 33377 2 0 426
2 0 0 0 0 0
3 0 0 0 0 0
4 0 0 0 0 0
5 0 0 0 0 0
6 0 0 0 0 0
7 0 0 0 0 0
8 0 0 0 0 0
9 0 0 0 0 0
10 0 0 0 0 0
11 0 0 0 0 0
12 0 0 0 0 0
13 0 0 0 0 0
14 0 0 0 0 0
15 0 0 0 0 0
16 0 0 0 0 0
17 0 0 0 0 0
18 0 0 0 0 0
19 0 0 0 0 0

OSS: Sending message to worker 0 PID 33376 at time 108:375000000
OSS: Receiving message from worker 0 PID 33376 at time 108:375000000
OSS PID:33375 SysClockS:108 SysClockNano:375000000
Process Table:
Entry Occupied PID StartS StartN MessagesSent
0 1 33376 1 0 430
1 1 33377 2 0 426
2 0 0 0 0 0
3 0 0 0 0 0
4 0 0 0 0 0
5 0 0 0 0 0
6 0 0 0 0 0
7 0 0 0 0 0
8 0 0 0 0 0
9 0 0 0 0 0
10 0 0 0 0 0
11 0 0 0 0 0
12 0 0 0 0 0
13 0 0 0 0 0
14 0 0 0 0 0
15 0 0 0 0 0
16 0 0 0 0 0
17 0 0 0 0 0
18 0 0 0 0 0
19 0 0 0 0 0

OSS: Sending message to worker 1 PID 33377 at time 108:500000000
OSS: Receiving message from worker 1 PID 33377 at time 108:500000000
OSS PID:33375 SysClockS:108 SysClockNano:500000000
Process Table:
Entry Occupied PID StartS StartN MessagesSent
0 1 33376 1 0 430
1 1 33377 2 0 427
2 0 0 0 0 0
3 0 0 0 0 0
4 0 0 0 0 0
5 0 0 0 0 0
6 0 0 0 0 0
7 0 0 0 0 0
8 0 0 0 0 0
9 0 0 0 0 0
10 0 0 0 0 0
11 0 0 0 0 0
12 0 0 0 0 0
13 0 0 0 0 0
14 0 0 0 0 0
15 0 0 0 0 0
16 0 0 0 0 0
17 0 0 0 0 0
18 0 0 0 0 0
19 0 0 0 0 0

OSS: Sending message to worker 0 PID 33376 at time 108:625000000
OSS: Receiving message from worker 0 PID 33376 at time 108:625000000
OSS PID:33375 SysClockS:108 SysClockNano:625000000
Process Table:
Entry Occupied PID StartS StartN MessagesSent
0 1 33376 1 0 431
1 1 33377 2 0 427
2 0 0 0 0 0
3 0 0 0 0 0
4 0 0 0 0 0
5 0 0 0 0 0
6 0 0 0 0 0
7 0 0 0 0 0
8 0 0 0 0 0
9 0 0 0 0 0
10 0 0 0 0 0
11 0 0 0 0 0
12 0 0 0 0 0
13 0 0 0 0 0
14 0 0 0 0 0
15 0 0 0 0 0
16 0 0 0 0 0
17 0 0 0 0 0
18 0 0 0 0 0
19 0 0 0 0 0

OSS: Sending message to worker 1 PID 33377 at time 108:750000000
OSS: Receiving message from worker 1 PID 33377 at time 108:750000000
OSS PID:33375 SysClockS:108 SysClockNano:750000000
Process Table:
Entry Occupied PID StartS StartN MessagesSent
0 1 33376 1 0 431
1 1 33377 2 0 428
2 0 0 0 0 0
3 0 0 0 0 0
4 0 0 0 0 0
5 0 0 0 0 0
6 0 0 0 0 0
7 0 0 0 0 0
8 0 0 0 0 0
9 0 0 0 0 0
10 0 0 0 0 0
11 0 0 0 0 0
12 0 0 0 0 0
13 0 0 0 0 0
14 0 0 0 0 0
15 0 0 0 0 0
16 0 0 0 0 0
17 0 0 0 0 0
18 0 0 0 0 0
19 0 0 0 0 0

OSS: Sending message to worker 0 PID 33376 at time 108:875000000
OSS: Receiving message from worker 0 PID 33376 at time 108:875000000
OSS PID:33375 SysClockS:108 SysClockNano:875000000
Process Table:
Entry Occupied PID StartS StartN MessagesSent
0 1 33376 1 0 432
1 1 33377 2 0 428
2 0 0 0 0 0
3 0 0 0 0 0
4 0 0 0 0 0
5 0 0 0 0 0
6 0 0 0 0 0
7 0 0 0 0 0
8 0 0 0 0 0
9 0 0 0 0 0
10 0 0 0 0 0
11 0 0 0 0 0
12 0 0 0 0 0
13 0 0 0 0 0
14 0 0 0 0 0
15 0 0 0 0 0
16 0 0 0 0 0
17 0 0 0 0 0
18 0 0 0 0 0
19 0 0 0 0 0

OSS: Sending message to worker 1 PID 33377 at time 109:0
OSS: Receiving message from worker 1 PID 33377 at time 109:0
OSS PID:33375 SysClockS:109 SysClockNano:0
Process Table:
Entry Occupied PID StartS StartN MessagesSent
0 1 33376 1 0 432
1 1 33377 2 0 429
2 0 0 0 0 0
3 0 0 0 0 0
4 0 0 0 0 0
5 0 0 0 0 0
6 0 0 0 0 0
7 0 0 0 0 0
8 0 0 0 0 0
9 0 0 0 0 0
10 0 0 0 0 0
11 0 0 0 0 0
12 0 0 0 0 0
13 0 0 0 0 0
14 0 0 0 0 0
15 0 0 0 0 0
16 0 0 0 0 0
17 0 0 0 0 0
18 0 0 0 0 0
19 0 0 0 0 0

OSS: Sending message to worker 0 PID 33376 at time 109:125000000
OSS: Receiving message from worker 0 PID 33376 at time 109:125000000
OSS PID:33375 SysClockS:109 SysClockNano:125000000
Process Table:
Entry Occupied PID StartS StartN MessagesSent
0 1 33376 1 0 433
1 1 33377 2 0 429
2 0 0 0 0 0
3 0 0 0 0 0
4 0 0 0 0 0
5 0 0 0 0 0
6 0 0 0 0 0
7 0 0 0 0 0
8 0 0 0 0 0
9 0 0 0 0 0
10 0 0 0 0 0
11 0 0 0 0 0
12 0 0 0 0 0
13 0 0 0 0 0
14 0 0 0 0 0
15 0 0 0 0 0
16 0 0 0 0 0
17 0 0 0 0 0
18 0 0 0 0 0
19 0 0 0 0 0

OSS: Sending message to worker 1 PID 33377 at time 109:250000000
OSS: Receiving message from worker 1 PID 33377 at time 109:250000000
OSS PID:33375 SysClockS:109 SysClockNano:250000000
Process Table:
Entry Occupied PID StartS StartN MessagesSent
0 1 33376 1 0 433
1 1 33377 2 0 430
2 0 0 0 0 0
3 0 0 0 0 0
4 0 0 0 0 0
5 0 0 0 0 0
6 0 0 0 0 0
7 0 0 0 0 0
8 0 0 0 0 0
9 0 0 0 0 0
10 0 0 0 0 0
11 0 0 0 0 0
12 0 0 0 0 0
13 0 0 0 0 0
14 0 0 0 0 0
15 0 0 0 0 0
16 0 0 0 0 0
17 0 0 0 0 0
18 0 0 0 0 0
19 0 0 0 0 0

OSS: Sending message to worker 0 PID 33376 at time 109:375000000
OSS: Receiving message from worker 0 PID 33376 at time 109:375000000
OSS PID:33375 SysClockS:109 SysClockNano:375000000
Process Table:
Entry Occupied PID StartS StartN MessagesSent
0 1 33376 1 0 434
1 1 33377 2 0 430
2 0 0 0 0 0
3 0 0 0 0 0
4 0 0 0 0 0
5 0 0 0 0 0
6 0 0 0 0 0
7 0 0 0 0 0
8 0 0 0 0 0
9 0 0 0 0 0
10 0 0 0 0 0
11 0 0 0 0 0
12 0 0 0 0 0
13 0 0 0 0 0
14 0 0 0 0 0
15 0 0 0 0 0
16 0 0 0 0 0
17 0 0 0 0 0
18 0 0 0 0 0
19 0 0 0 0 0

OSS: Sending message to worker 1 PID 33377 at time 109:500000000
OSS: Receiving message from worker 1 PID 33377 at time 109:500000000
OSS PID:33375 SysClockS:109 SysClockNano:500000000
Process Table:
Entry Occupied PID StartS StartN MessagesSent
0 1 33376 1 0 434
1 1 33377 2 0 431
2 0 0 0 0 0
3 0 0 0 0 0
4 0 0 0 0 0
5 0 0 0 0 0
6 0 0 0 0 0
7 0 0 0 0 0
8 0 0 0 0 0
9 0 0 0 0 0
10 0 0 0 0 0
11 0 0 0 0 0
12 0 0 0 0 0
13 0 0 0 0 0
14 0 0 0 0 0
15 0 0 0 0 0
16 0 0 0 0 0
17 0 0 0 0 0
18 0 0 0 0 0
19 0 0 0 0 0

OSS: Sending message to worker 0 PID 33376 at time 109:625000000
OSS: Receiving message from worker 0 PID 33376 at time 109:625000000
OSS PID:33375 SysClockS:109 SysClockNano:625000000
Process Table:
Entry Occupied PID StartS StartN MessagesSent
0 1 33376 1 0 435
1 1 33377 2 0 431
2 0 0 0 0 0
3 0 0 0 0 0
4 0 0 0 0 0
5 0 0 0 0 0
6 0 0 0 0 0
7 0 0 0 0 0
8 0 0 0 0 0
9 0 0 0 0 0
10 0 0 0 0 0
11 0 0 0 0 0
12 0 0 0 0 0
13 0 0 0 0 0
14 0 0 0 0 0
15 0 0 0 0 0
16 0 0 0 0 0
17 0 0 0 0 0
18 0 0 0 0 0
19 0 0 0 0 0

OSS: Sending message to worker 1 PID 33377 at time 109:750000000
OSS: Receiving message from worker 1 PID 33377 at time 109:750000000
OSS PID:33375 SysClockS:109 SysClockNano:750000000
Process Table:
Entry Occupied PID StartS StartN MessagesSent
0 1 33376 1 0 435
1 1 33377 2 0 432
2 0 0 0 0 0
3 0 0 0 0 0
4 0 0 0 0 0
5 0 0 0 0 0
6 0 0 0 0 0
7 0 0 0 0 0
8 0 0 0 0 0
9 0 0 0 0 0
10 0 0 0 0 0
11 0 0 0 0 0
12 0 0 0 0 0
13 0 0 0 0 0
14 0 0 0 0 0
15 0 0 0 0 0
16 0 0 0 0 0
17 0 0 0 0 0
18 0 0 0 0 0
19 0 0 0 0 0

OSS: Sending message to worker 0 PID 33376 at time 109:875000000
OSS: Receiving message from worker 0 PID 33376 at time 109:875000000
OSS PID:33375 SysClockS:109 SysClockNano:875000000
Process Table:
Entry Occupied PID StartS StartN MessagesSent
0 1 33376 1 0 436
1 1 33377 2 0 432
2 0 0 0 0 0
3 0 0 0 0 0
4 0 0 0 0 0
5 0 0 0 0 0
6 0 0 0 0 0
7 0 0 0 0 0
8 0 0 0 0 0
9 0 0 0 0 0
10 0 0 0 0 0
11 0 0 0 0 0
12 0 0 0 0 0
13 0 0 0 0 0
14 0 0 0 0 0
15 0 0 0 0 0
16 0 0 0 0 0
17 0 0 0 0 0
18 0 0 0 0 0
19 0 0 0 0 0

OSS: Sending message to worker 1 PID 33377 at time 110:0
OSS: Receiving message from worker 1 PID 33377 at time 110:0
OSS PID:33375 SysClockS:110 SysClockNano:0
Process Table:
Entry Occupied PID StartS StartN MessagesSent
0 1 33376 1 0 436
1 1 33377 2 0 433
2 0 0 0 0 0
3 0 0 0 0 0
4 0 0 0 0 0
5 0 0 0 0 0
6 0 0 0 0 0
7 0 0 0 0 0
8 0 0 0 0 0
9 0 0 0 0 0
10 0 0 0 0 0
11 0 0 0 0 0
12 0 0 0 0 0
13 0 0 0 0 0
14 0 0 0 0 0
15 0 0 0 0 0
16 0 0 0 0 0
17 0 0 0 0 0
18 0 0 0 0 0
19 0 0 0 0 0

OSS: Sending message to worker 0 PID 33376 at time 110:125000000
OSS: Receiving message from worker 0 PID 33376 at time 110:125000000
OSS PID:33375 SysClockS:110 SysClockNano:125000000
Process Table:
Entry Occupied PID StartS StartN MessagesSent
0 1 33376 1 0 437
1 1 33377 2 0 433
2 0 0 0 0 0
3 0 0 0 0 0
4 0 0 0 0 0
5 0 0 0 0 0
6 0 0 0 0 0
7 0 0 0 0 0
8 0 0 0 0 0
9 0 0 0 0 0
10 0 0 0 0 0
11 0 0 0 0 0
12 0 0 0 0 0
13 0 0 0 0 0
14 0 0 0 0 0
15 0 0 0 0 0
16 0 0 0 0 0
17 0 0 0 0 0
18 0 0 0 0 0
19 0 0 0 0 0

OSS: Sending message to worker 1 PID 33377 at time 110:250000000
OSS: Receiving message from worker 1 PID 33377 at time 110:250000000
OSS PID:33375 SysClockS:110 SysClockNano:250000000
Process Table:
Entry Occupied PID StartS StartN MessagesSent
0 1 33376 1 0 437
1 1 33377 2 0 434
2 0 0 0 0 0
3 0 0 0 0 0
4 0 0 0 0 0
5 0 0 0 0 0
6 0 0 0 0 0
7 0 0 0 0 0
8 0 0 0 0 0
9 0 0 0 0 0
10 0 0 0 0 0
11 0 0 0 0 0
12 0 0 0 0 0
13 0 0 0 0 0
14 0 0 0 0 0
15 0 0 0 0 0
16 0 0 0 0 0
17 0 0 0 0 0
18 0 0 0 0 0
19 0 0 0 0 0

OSS: Sending message to worker 0 PID 33376 at time 110:375000000
OSS: Receiving message from worker 0 PID 33376 at time 110:375000000
OSS PID:33375 SysClockS:110 SysClockNano:375000000
Process Table:
Entry Occupied PID StartS StartN MessagesSent
0 1 33376 1 0 438
1 1 33377 2 0 434
2 0 0 0 0 0
3 0 0 0 0 0
4 0 0 0 0 0
5 0 0 0 0 0
6 0 0 0 0 0
7 0 0 0 0 0
8 0 0 0 0 0
9 0 0 0 0 0
10 0 0 0 0 0
11 0 0 0 0 0
12 0 0 0 0 0
13 0 0 0 0 0
14 0 0 0 0 0
15 0 0 0 0 0
16 0 0 0 0 0
17 0 0 0 0 0
18 0 0 0 0 0
19 0 0 0 0 0

OSS: Sending message to worker 1 PID 33377 at time 110:500000000
OSS: Receiving message from worker 1 PID 33377 at time 110:500000000
OSS PID:33375 SysClockS:110 SysClockNano:500000000
Process Table:
Entry Occupied PID StartS StartN MessagesSent
0 1 33376 1 0 438
1 1 33377 2 0 435
2 0 0 0 0 0
3 0 0 0 0 0
4 0 0 0 0 0
5 0 0 0 0 0
6 0 0 0 0 0
7 0 0 0 0 0
8 0 0 0 0 0
9 0 0 0 0 0
10 0 0 0 0 0
11 0 0 0 0 0
12 0 0 0 0 0
13 0 0 0 0 0
14 0 0 0 0 0
15 0 0 0 0 0
16 0 0 0 0 0
17 0 0 0 0 0
18 0 0 0 0 0
19 0 0 0 0 0

OSS: Sending message to worker 0 PID 33376 at time 110:625000000
OSS: Receiving message from worker 0 PID 33376 at time 110:625000000
OSS PID:33375 SysClockS:110 SysClockNano:625000000
Process Table:
Entry Occupied PID StartS StartN MessagesSent
0 1 33376 1 0 439
1 1 33377 2 0 435
2 0 0 0 0 0
3 0 0 0 0 0
4 0 0 0 0 0
5 0 0 0 0 0
6 0 0 0 0 0
7 0 0 0 0 0
8 0 0 0 0 0
9 0 0 0 0 0
10 0 0 0 0 0
11 0 0 0 0 0
12 0 0 0 0 0
13 0 0 0 0 0
14 0 0 0 0 0
15 0 0 0 0 0
16 0 0 0 0 0
17 0 0 0 0 0
18 0 0 0 0 0
19 0 0 0 0 0

OSS: Sending message to worker 1 PID 33377 at time 110:750000000
OSS: Receiving message from worker 1 PID 33377 at time 110:750000000
OSS PID:33375 SysClockS:110 SysClockNano:750000000
Process Table:
Entry Occupied PID StartS StartN MessagesSent
0 1 33376 1 0 439
1 1 33377 2 0 436
2 0 0 0 0 0
3 0 0 0 0 0
4 0 0 0 0 0
5 0 0 0 0 0
6 0 0 0 0 0
7 0 0 0 0 0
8 0 0 0 0 0
9 0 0 0 0 0
10 0 0 0 0 0
11 0 0 0 0 0
12 0 0 0 0 0
13 0 0 0 0 0
14 0 0 0 0 0
15 0 0 0 0 0
16 0 0 0 0 0
17 0 0 0 0 0
18 0 0 0 0 0
19 0 0 0 0 0

OSS: Sending message to worker 0 PID 33376 at time 110:875000000
OSS: Receiving message from worker 0 PID 33376 at time 110:875000000
OSS PID:33375 SysClockS:110 SysClockNano:875000000
Process Table:
Entry Occupied PID StartS StartN MessagesSent
0 1 33376 1 0 440
1 1 33377 2 0 436
2 0 0 0 0 0
3 0 0 0 0 0
4 0 0 0 0 0
5 0 0 0 0 0
6 0 0 0 0 0
7 0 0 0 0 0
8 0 0 0 0 0
9 0 0 0 0 0
10 0 0 0 0 0
11 0 0 0 0 0
12 0 0 0 0 0
13 0 0 0 0 0
14 0 0 0 0 0
15 0 0 0 0 0
16 0 0 0 0 0
17 0 0 0 0 0
18 0 0 0 0 0
19 0 0 0 0 0

OSS: Sending message to worker 1 PID 33377 at time 111:0
OSS: Receiving message from worker 1 PID 33377 at time 111:0
OSS PID:33375 SysClockS:111 SysClockNano:0
Process Table:
Entry Occupied PID StartS StartN MessagesSent
0 1 33376 1 0 440
1 1 33377 2 0 437
2 0 0 0 0 0
3 0 0 0 0 0
4 0 0 0 0 0
5 0 0 0 0 0
6 0 0 0 0 0
7 0 0 0 0 0
8 0 0 0 0 0
9 0 0 0 0 0
10 0 0 0 0 0
11 0 0 0 0 0
12 0 0 0 0 0
13 0 0 0 0 0
14 0 0 0 0 0
15 0 0 0 0 0
16 0 0 0 0 0
17 0 0 0 0 0
18 0 0 0 0 0
19 0 0 0 0 0

OSS: Sending message to worker 0 PID 33376 at time 111:125000000
OSS: Receiving message from worker 0 PID 33376 at time 111:125000000
OSS PID:33375 SysClockS:111 SysClockNano:125000000
Process Table:
Entry Occupied PID StartS StartN MessagesSent
0 1 33376 1 0 441
1 1 33377 2 0 437
2 0 0 0 0 0
3 0 0 0 0 0
4 0 0 0 0 0
5 0 0 0 0 0
6 0 0 0 0 0
7 0 0 0 0 0
8 0 0 0 0 0
9 0 0 0 0 0
10 0 0 0 0 0
11 0 0 0 0 0
12 0 0 0 0 0
13 0 0 0 0 0
14 0 0 0 0 0
15 0 0 0 0 0
16 0 0 0 0 0
17 0 0 0 0 0
18 0 0 0 0 0
19 0 0 0 0 0

OSS: Sending message to worker 1 PID 33377 at time 111:250000000
OSS: Receiving message from worker 1 PID 33377 at time 111:250000000
OSS PID:33375 SysClockS:111 SysClockNano:250000000
Process Table:
Entry Occupied PID StartS StartN MessagesSent
0 1 33376 1 0 441
1 1 33377 2 0 438
2 0 0 0 0 0
3 0 0 0 0 0
4 0 0 0 0 0
5 0 0 0 0 0
6 0 0 0 0 0
7 0 0 0 0 0
8 0 0 0 0 0
9 0 0 0 0 0
10 0 0 0 0 0
11 0 0 0 0 0
12 0 0 0 0 0
13 0 0 0 0 0
14 0 0 0 0 0
15 0 0 0 0 0
16 0 0 0 0 0
17 0 0 0 0 0
18 0 0 0 0 0
19 0 0 0 0 0

OSS: Sending message to worker 0 PID 33376 at time 111:375000000
OSS: Receiving message from worker 0 PID 33376 at time 111:375000000
OSS PID:33375 SysClockS:111 SysClockNano:375000000
Process Table:
Entry Occupied PID StartS StartN MessagesSent
0 1 33376 1 0 442
1 1 33377 2 0 438
2 0 0 0 0 0
3 0 0 0 0 0
4 0 0 0 0 0
5 0 0 0 0 0
6 0 0 0 0 0
7 0 0 0 0 0
8 0 0 0 0 0
9 0 0 0 0 0
10 0 0 0 0 0
11 0 0 0 0 0
12 0 0 0 0 0
13 0 0 0 0 0
14 0 0 0 0 0
15 0 0 0 0 0
16 0 0 0 0 0
17 0 0 0 0 0
18 0 0 0 0 0
19 0 0 0 0 0

OSS: Sending message to worker 1 PID 33377 at time 111:500000000
OSS: Receiving message from worker 1 PID 33377 at time 111:500000000
OSS PID:33375 SysClockS:111 SysClockNano:500000000
Process Table:
Entry Occupied PID StartS StartN MessagesSent
0 1 33376 1 0 442
1 1 33377 2 0 439
2 0 0 0 0 0
3 0 0 0 0 0
4 0 0 0 0 0
5 0 0 0 0 0
6 0 0 0 0 0
7 0 0 0 0 0
8 0 0 0 0 0
9 0 0 0 0 0
10 0 0 0 0 0
11 0 0 0 0 0
12 0 0 0 0 0
13 0 0 0 0 0
14 0 0 0 0 0
15 0 0 0 0 0
16 0 0 0 0 0
17 0 0 0 0 0
18 0 0 0 0 0
19 0 0 0 0 0

OSS: Sending message to worker 0 PID 33376 at time 111:625000000
OSS: Receiving message from worker 0 PID 33376 at time 111:625000000
OSS PID:33375 SysClockS:111 SysClockNano:625000000
Process Table:
Entry Occupied PID StartS StartN MessagesSent
0 1 33376 1 0 443
1 1 33377 2 0 439
2 0 0 0 0 0
3 0 0 0 0 0
4 0 0 0 0 0
5 0 0 0 0 0
6 0 0 0 0 0
7 0 0 0 0 0
8 0 0 0 0 0
9 0 0 0 0 0
10 0 0 0 0 0
11 0 0 0 0 0
12 0 0 0 0 0
13 0 0 0 0 0
14 0 0 0 0 0
15 0 0 0 0 0
16 0 0 0 0 0
17 0 0 0 0 0
18 0 0 0 0 0
19 0 0 0 0 0

OSS: Sending message to worker 1 PID 33377 at time 111:750000000
OSS: Receiving message from worker 1 PID 33377 at time 111:750000000
OSS PID:33375 SysClockS:111 SysClockNano:750000000
Process Table:
Entry Occupied PID StartS StartN MessagesSent
0 1 33376 1 0 443
1 1 33377 2 0 440
2 0 0 0 0 0
3 0 0 0 0 0
4 0 0 0 0 0
5 0 0 0 0 0
6 0 0 0 0 0
7 0 0 0 0 0
8 0 0 0 0 0
9 0 0 0 0 0
10 0 0 0 0 0
11 0 0 0 0 0
12 0 0 0 0 0
13 0 0 0 0 0
14 0 0 0 0 0
15 0 0 0 0 0
16 0 0 0 0 0
17 0 0 0 0 0
18 0 0 0 0 0
19 0 0 0 0 0

OSS: Sending message to worker 0 PID 33376 at time 111:875000000
OSS: Receiving message from worker 0 PID 33376 at time 111:875000000
OSS PID:33375 SysClockS:111 SysClockNano:875000000
Process Table:
Entry Occupied PID StartS StartN MessagesSent
0 1 33376 1 0 444
1 1 33377 2 0 440
2 0 0 0 0 0
3 0 0 0 0 0
4 0 0 0 0 0
5 0 0 0 0 0
6 0 0 0 0 0
7 0 0 0 0 0
8 0 0 0 0 0
9 0 0 0 0 0
10 0 0 0 0 0
11 0 0 0 0 0
12 0 0 0 0 0
13 0 0 0 0 0
14 0 0 0 0 0
15 0 0 0 0 0
16 0 0 0 0 0
17 0 0 0 0 0
18 0 0 0 0 0
19 0 0 0 0 0

OSS: Sending message to worker 1 PID 33377 at time 112:0
OSS: Receiving message from worker 1 PID 33377 at time 112:0
OSS PID:33375 SysClockS:112 SysClockNano:0
Process Table:
Entry Occupied PID StartS StartN MessagesSent
0 1 33376 1 0 444
1 1 33377 2 0 441
2 0 0 0 0 0
3 0 0 0 0 0
4 0 0 0 0 0
5 0 0 0 0 0
6 0 0 0 0 0
7 0 0 0 0 0
8 0 0 0 0 0
9 0 0 0 0 0
10 0 0 0 0 0
11 0 0 0 0 0
12 0 0 0 0 0
13 0 0 0 0 0
14 0 0 0 0 0
15 0 0 0 0 0
16 0 0 0 0 0
17 0 0 0 0 0
18 0 0 0 0 0
19 0 0 0 0 0

OSS: Sending message to worker 0 PID 33376 at time 112:125000000
OSS: Receiving message from worker 0 PID 33376 at time 112:125000000
OSS PID:33375 SysClockS:112 SysClockNano:125000000
Process Table:
Entry Occupied PID StartS StartN MessagesSent
0 1 33376 1 0 445
1 1 33377 2 0 441
2 0 0 0 0 0
3 0 0 0 0 0
4 0 0 0 0 0
5 0 0 0 0 0
6 0 0 0 0 0
7 0 0 0 0 0
8 0 0 0 0 0
9 0 0 0 0 0
10 0 0 0 0 0
11 0 0 0 0 0
12 0 0 0 0 0
13 0 0 0 0 0
14 0 0 0 0 0
15 0 0 0 0 0
16 0 0 0 0 0
17 0 0 0 0 0
18 0 0 0 0 0
19 0 0 0 0 0

OSS: Sending message to worker 1 PID 33377 at time 112:250000000
OSS: Receiving message from worker 1 PID 33377 at time 112:250000000
OSS PID:33375 SysClockS:112 SysClockNano:250000000
Process Table:
Entry Occupied PID StartS StartN MessagesSent
0 1 33376 1 0 445
1 1 33377 2 0 442
2 0 0 0 0 0
3 0 0 0 0 0
4 0 0 0 0 0
5 0 0 0 0 0
6 0 0 0 0 0
7 0 0 0 0 0
8 0 0 0 0 0
9 0 0 0 0 0
10 0 0 0 0 0
11 0 0 0 0 0
12 0 0 0 0 0
13 0 0 0 0 0
14 0 0 0 0 0
15 0 0 0 0 0
16 0 0 0 0 0
17 0 0 0 0 0
18 0 0 0 0 0
19 0 0 0 0 0

OSS: Sending message to worker 0 PID 33376 at time 112:375000000
OSS: Receiving message from worker 0 PID 33376 at time 112:375000000
OSS PID:33375 SysClockS:112 SysClockNano:375000000
Process Table:
Entry Occupied PID StartS StartN MessagesSent
0 1 33376 1 0 446
1 1 33377 2 0 442
2 0 0 0 0 0
3 0 0 0 0 0
4 0 0 0 0 0
5 0 0 0 0 0
6 0 0 0 0 0
7 0 0 0 0 0
8 0 0 0 0 0
9 0 0 0 0 0
10 0 0 0 0 0
11 0 0 0 0 0
12 0 0 0 0 0
13 0 0 0 0 0
14 0 0 0 0 0
15 0 0 0 0 0
16 0 0 0 0 0
17 0 0 0 0 0
18 0 0 0 0 0
19 0 0 0 0 0

OSS: Sending message to worker 1 PID 33377 at time 112:500000000
OSS: Receiving message from worker 1 PID 33377 at time 112:500000000
OSS PID:33375 SysClockS:112 SysClockNano:500000000
Process Table:
Entry Occupied PID StartS StartN MessagesSent
0 1 33376 1 0 446
1 1 33377 2 0 443
2 0 0 0 0 0
3 0 0 0 0 0
4 0 0 0 0 0
5 0 0 0 0 0
6 0 0 0 0 0
7 0 0 0 0 0
8 0 0 0 0 0
9 0 0 0 0 0
10 0 0 0 0 0
11 0 0 0 0 0
12 0 0 0 0 0
13 0 0 0 0 0
14 0 0 0 0 0
15 0 0 0 0 0
16 0 0 0 0 0
17 0 0 0 0 0
18 0 0 0 0 0
19 0 0 0 0 0

OSS: Sending message to worker 0 PID 33376 at time 112:625000000
OSS: Receiving message from worker 0 PID 33376 at time 112:625000000
OSS PID:33375 SysClockS:112 SysClockNano:625000000
Process Table:
Entry Occupied PID StartS StartN MessagesSent
0 1 33376 1 0 447
1 1 33377 2 0 443
2 0 0 0 0 0
3 0 0 0 0 0
4 0 0 0 0 0
5 0 0 0 0 0
6 0 0 0 0 0
7 0 0 0 0 0
8 0 0 0 0 0
9 0 0 0 0 0
10 0 0 0 0 0
11 0 0 0 0 0
12 0 0 0 0 0
13 0 0 0 0 0
14 0 0 0 0 0
15 0 0 0 0 0
16 0 0 0 0 0
17 0 0 0 0 0
18 0 0 0 0 0
19 0 0 0 0 0

OSS: Sending message to worker 1 PID 33377 at time 112:750000000
OSS: Receiving message from worker 1 PID 33377 at time 112:750000000
OSS PID:33375 SysClockS:112 SysClockNano:750000000
Process Table:
Entry Occupied PID StartS StartN MessagesSent
0 1 33376 1 0 447
1 1 33377 2 0 444
2 0 0 0 0 0
3 0 0 0 0 0
4 0 0 0 0 0
5 0 0 0 0 0
6 0 0 0 0 0
7 0 0 0 0 0
8 0 0 0 0 0
9 0 0 0 0 0
10 0 0 0 0 0
11 0 0 0 0 0
12 0 0 0 0 0
13 0 0 0 0 0
14 0 0 0 0 0
15 0 0 0 0 0
16 0 0 0 0 0
17 0 0 0 0 0
18 0 0 0 0 0
19 0 0 0 0 0

OSS: Sending message to worker 0 PID 33376 at time 112:875000000
OSS: Receiving message from worker 0 PID 33376 at time 112:875000000
OSS PID:33375 SysClockS:112 SysClockNano:875000000
Process Table:
Entry Occupied PID StartS StartN MessagesSent
0 1 33376 1 0 448
1 1 33377 2 0 444
2 0 0 0 0 0
3 0 0 0 0 0
4 0 0 0 0 0
5 0 0 0 0 0
6 0 0 0 0 0
7 0 0 0 0 0
8 0 0 0 0 0
9 0 0 0 0 0
10 0 0 0 0 0
11 0 0 0 0 0
12 0 0 0 0 0
13 0 0 0 0 0
14 0 0 0 0 0
15 0 0 0 0 0
16 0 0 0 0 0
17 0 0 0 0 0
18 0 0 0 0 0
19 0 0 0 0 0

OSS: Sending message to worker 1 PID 33377 at time 113:0
OSS: Receiving message from worker 1 PID 33377 at time 113:0
OSS PID:33375 SysClockS:113 SysClockNano:0
Process Table:
Entry Occupied PID StartS StartN MessagesSent
0 1 33376 1 0 448
1 1 33377 2 0 445
2 0 0 0 0 0
3 0 0 0 0 0
4 0 0 0 0 0
5 0 0 0 0 0
6 0 0 0 0 0
7 0 0 0 0 0
8 0 0 0 0 0
9 0 0 0 0 0
10 0 0 0 0 0
11 0 0 0 0 0
12 0 0 0 0 0
13 0 0 0 0 0
14 0 0 0 0 0
15 0 0 0 0 0
16 0 0 0 0 0
17 0 0 0 0 0
18 0 0 0 0 0
19 0 0 0 0 0

OSS: Sending message to worker 0 PID 33376 at time 113:125000000
OSS: Receiving message from worker 0 PID 33376 at time 113:125000000
OSS PID:33375 SysClockS:113 SysClockNano:125000000
Process Table:
Entry Occupied PID StartS StartN MessagesSent
0 1 33376 1 0 449
1 1 33377 2 0 445
2 0 0 0 0 0
3 0 0 0 0 0
4 0 0 0 0 0
5 0 0 0 0 0
6 0 0 0 0 0
7 0 0 0 0 0
8 0 0 0 0 0
9 0 0 0 0 0
10 0 0 0 0 0
11 0 0 0 0 0
12 0 0 0 0 0
13 0 0 0 0 0
14 0 0 0 0 0
15 0 0 0 0 0
16 0 0 0 0 0
17 0 0 0 0 0
18 0 0 0 0 0
19 0 0 0 0 0

OSS: Sending message to worker 1 PID 33377 at time 113:250000000
OSS: Receiving message from worker 1 PID 33377 at time 113:250000000
OSS PID:33375 SysClockS:113 SysClockNano:250000000
Process Table:
Entry Occupied PID StartS StartN MessagesSent
0 1 33376 1 0 449
1 1 33377 2 0 446
2 0 0 0 0 0
3 0 0 0 0 0
4 0 0 0 0 0
5 0 0 0 0 0
6 0 0 0 0 0
7 0 0 0 0 0
8 0 0 0 0 0
9 0 0 0 0 0
10 0 0 0 0 0
11 0 0 0 0 0
12 0 0 0 0 0
13 0 0 0 0 0
14 0 0 0 0 0
15 0 0 0 0 0
16 0 0 0 0 0
17 0 0 0 0 0
18 0 0 0 0 0
19 0 0 0 0 0

OSS: Sending message to worker 0 PID 33376 at time 113:375000000
OSS: Receiving message from worker 0 PID 33376 at time 113:375000000
OSS PID:33375 SysClockS:113 SysClockNano:375000000
Process Table:
Entry Occupied PID StartS StartN MessagesSent
0 1 33376 1 0 450
1 1 33377 2 0 446
2 0 0 0 0 0
3 0 0 0 0 0
4 0 0 0 0 0
5 0 0 0 0 0
6 0 0 0 0 0
7 0 0 0 0 0
8 0 0 0 0 0
9 0 0 0 0 0
10 0 0 0 0 0
11 0 0 0 0 0
12 0 0 0 0 0
13 0 0 0 0 0
14 0 0 0 0 0
15 0 0 0 0 0
16 0 0 0 0 0
17 0 0 0 0 0
18 0 0 0 0 0
19 0 0 0 0 0

OSS: Sending message to worker 1 PID 33377 at time 113:500000000
OSS: Receiving message from worker 1 PID 33377 at time 113:500000000
OSS PID:33375 SysClockS:113 SysClockNano:500000000
Process Table:
Entry Occupied PID StartS StartN MessagesSent
0 1 33376 1 0 450
1 1 33377 2 0 447
2 0 0 0 0 0
3 0 0 0 0 0
4 0 0 0 0 0
5 0 0 0 0 0
6 0 0 0 0 0
7 0 0 0 0 0
8 0 0 0 0 0
9 0 0 0 0 0
10 0 0 0 0 0
11 0 0 0 0 0
12 0 0 0 0 0
13 0 0 0 0 0
14 0 0 0 0 0
15 0 0 0 0 0
16 0 0 0 0 0
17 0 0 0 0 0
18 0 0 0 0 0
19 0 0 0 0 0

OSS: Sending message to worker 0 PID 33376 at time 113:625000000
OSS: Receiving message from worker 0 PID 33376 at time 113:625000000
OSS PID:33375 SysClockS:113 SysClockNano:625000000
Process Table:
Entry Occupied PID StartS StartN MessagesSent
0 1 33376 1 0 451
1 1 33377 2 0 447
2 0 0 0 0 0
3 0 0 0 0 0
4 0 0 0 0 0
5 0 0 0 0 0
6 0 0 0 0 0
7 0 0 0 0 0
8 0 0 0 0 0
9 0 0 0 0 0
10 0 0 0 0 0
11 0 0 0 0 0
12 0 0 0 0 0
13 0 0 0 0 0
14 0 0 0 0 0
15 0 0 0 0 0
16 0 0 0 0 0
17 0 0 0 0 0
18 0 0 0 0 0
19 0 0 0 0 0

OSS: Sending message to worker 1 PID 33377 at time 113:750000000
OSS: Receiving message from worker 1 PID 33377 at time 113:750000000
OSS PID:33375 SysClockS:113 SysClockNano:750000000
Process Table:
Entry Occupied PID StartS StartN MessagesSent
0 1 33376 1 0 451
1 1 33377 2 0 448
2 0 0 0 0 0
3 0 0 0 0 0
4 0 0 0 0 0
5 0 0 0 0 0
6 0 0 0 0 0
7 0 0 0 0 0
8 0 0 0 0 0
9 0 0 0 0 0
10 0 0 0 0 0
11 0 0 0 0 0
12 0 0 0 0 0
13 0 0 0 0 0
14 0 0 0 0 0
15 0 0 0 0 0
16 0 0 0 0 0
17 0 0 0 0 0
18 0 0 0 0 0
19 0 0 0 0 0

OSS: Sending message to worker 0 PID 33376 at time 113:875000000
OSS: Receiving message from worker 0 PID 33376 at time 113:875000000
OSS PID:33375 SysClockS:113 SysClockNano:875000000
Process Table:
Entry Occupied PID StartS StartN MessagesSent
0 1 33376 1 0 452
1 1 33377 2 0 448
2 0 0 0 0 0
3 0 0 0 0 0
4 0 0 0 0 0
5 0 0 0 0 0
6 0 0 0 0 0
7 0 0 0 0 0
8 0 0 0 0 0
9 0 0 0 0 0
10 0 0 0 0 0
11 0 0 0 0 0
12 0 0 0 0 0
13 0 0 0 0 0
14 0 0 0 0 0
15 0 0 0 0 0
16 0 0 0 0 0
17 0 0 0 0 0
18 0 0 0 0 0
19 0 0 0 0 0

OSS: Sending message to worker 1 PID 33377 at time 114:0
OSS: Receiving message from worker 1 PID 33377 at time 114:0
OSS PID:33375 SysClockS:114 SysClockNano:0
Process Table:
Entry Occupied PID StartS StartN MessagesSent
0 1 33376 1 0 452
1 1 33377 2 0 449
2 0 0 0 0 0
3 0 0 0 0 0
4 0 0 0 0 0
5 0 0 0 0 0
6 0 0 0 0 0
7 0 0 0 0 0
8 0 0 0 0 0
9 0 0 0 0 0
10 0 0 0 0 0
11 0 0 0 0 0
12 0 0 0 0 0
13 0 0 0 0 0
14 0 0 0 0 0
15 0 0 0 0 0
16 0 0 0 0 0
17 0 0 0 0 0
18 0 0 0 0 0
19 0 0 0 0 0

OSS: Sending message to worker 0 PID 33376 at time 114:125000000
OSS: Receiving message from worker 0 PID 33376 at time 114:125000000
OSS PID:33375 SysClockS:114 SysClockNano:125000000
Process Table:
Entry Occupied PID StartS StartN MessagesSent
0 1 33376 1 0 453
1 1 33377 2 0 449
2 0 0 0 0 0
3 0 0 0 0 0
4 0 0 0 0 0
5 0 0 0 0 0
6 0 0 0 0 0
7 0 0 0 0 0
8 0 0 0 0 0
9 0 0 0 0 0
10 0 0 0 0 0
11 0 0 0 0 0
12 0 0 0 0 0
13 0 0 0 0 0
14 0 0 0 0 0
15 0 0 0 0 0
16 0 0 0 0 0
17 0 0 0 0 0
18 0 0 0 0 0
19 0 0 0 0 0

OSS: Sending message to worker 1 PID 33377 at time 114:250000000
OSS: Receiving message from worker 1 PID 33377 at time 114:250000000
OSS PID:33375 SysClockS:114 SysClockNano:250000000
Process Table:
Entry Occupied PID StartS StartN MessagesSent
0 1 33376 1 0 453
1 1 33377 2 0 450
2 0 0 0 0 0
3 0 0 0 0 0
4 0 0 0 0 0
5 0 0 0 0 0
6 0 0 0 0 0
7 0 0 0 0 0
8 0 0 0 0 0
9 0 0 0 0 0
10 0 0 0 0 0
11 0 0 0 0 0
12 0 0 0 0 0
13 0 0 0 0 0
14 0 0 0 0 0
15 0 0 0 0 0
16 0 0 0 0 0
17 0 0 0 0 0
18 0 0 0 0 0
19 0 0 0 0 0

OSS: Sending message to worker 0 PID 33376 at time 114:375000000
OSS: Receiving message from worker 0 PID 33376 at time 114:375000000
OSS PID:33375 SysClockS:114 SysClockNano:375000000
Process Table:
Entry Occupied PID StartS StartN MessagesSent
0 1 33376 1 0 454
1 1 33377 2 0 450
2 0 0 0 0 0
3 0 0 0 0 0
4 0 0 0 0 0
5 0 0 0 0 0
6 0 0 0 0 0
7 0 0 0 0 0
8 0 0 0 0 0
9 0 0 0 0 0
10 0 0 0 0 0
11 0 0 0 0 0
12 0 0 0 0 0
13 0 0 0 0 0
14 0 0 0 0 0
15 0 0 0 0 0
16 0 0 0 0 0
17 0 0 0 0 0
18 0 0 0 0 0
19 0 0 0 0 0

OSS: Sending message to worker 1 PID 33377 at time 114:500000000
OSS: Receiving message from worker 1 PID 33377 at time 114:500000000
OSS PID:33375 SysClockS:114 SysClockNano:500000000
Process Table:
Entry Occupied PID StartS StartN MessagesSent
0 1 33376 1 0 454
1 1 33377 2 0 451
2 0 0 0 0 0
3 0 0 0 0 0
4 0 0 0 0 0
5 0 0 0 0 0
6 0 0 0 0 0
7 0 0 0 0 0
8 0 0 0 0 0
9 0 0 0 0 0
10 0 0 0 0 0
11 0 0 0 0 0
12 0 0 0 0 0
13 0 0 0 0 0
14 0 0 0 0 0
15 0 0 0 0 0
16 0 0 0 0 0
17 0 0 0 0 0
18 0 0 0 0 0
19 0 0 0 0 0

OSS: Sending message to worker 0 PID 33376 at time 114:625000000
OSS: Receiving message from worker 0 PID 33376 at time 114:625000000
OSS PID:33375 SysClockS:114 SysClockNano:625000000
Process Table:
Entry Occupied PID StartS StartN MessagesSent
0 1 33376 1 0 455
1 1 33377 2 0 451
2 0 0 0 0 0
3 0 0 0 0 0
4 0 0 0 0 0
5 0 0 0 0 0
6 0 0 0 0 0
7 0 0 0 0 0
8 0 0 0 0 0
9 0 0 0 0 0
10 0 0 0 0 0
11 0 0 0 0 0
12 0 0 0 0 0
13 0 0 0 0 0
14 0 0 0 0 0
15 0 0 0 0 0
16 0 0 0 0 0
17 0 0 0 0 0
18 0 0 0 0 0
19 0 0 0 0 0

OSS: Sending message to worker 1 PID 33377 at time 114:750000000
OSS: Receiving message from worker 1 PID 33377 at time 114:750000000
OSS PID:33375 SysClockS:114 SysClockNano:750000000
Process Table:
Entry Occupied PID StartS StartN MessagesSent
0 1 33376 1 0 455
1 1 33377 2 0 452
2 0 0 0 0 0
3 0 0 0 0 0
4 0 0 0 0 0
5 0 0 0 0 0
6 0 0 0 0 0
7 0 0 0 0 0
8 0 0 0 0 0
9 0 0 0 0 0
10 0 0 0 0 0
11 0 0 0 0 0
12 0 0 0 0 0
13 0 0 0 0 0
14 0 0 0 0 0
15 0 0 0 0 0
16 0 0 0 0 0
17 0 0 0 0 0
18 0 0 0 0 0
19 0 0 0 0 0

OSS: Sending message to worker 0 PID 33376 at time 114:875000000
OSS: Receiving message from worker 0 PID 33376 at time 114:875000000
OSS PID:33375 SysClockS:114 SysClockNano:875000000
Process Table:
Entry Occupied PID StartS StartN MessagesSent
0 1 33376 1 0 456
1 1 33377 2 0 452
2 0 0 0 0 0
3 0 0 0 0 0
4 0 0 0 0 0
5 0 0 0 0 0
6 0 0 0 0 0
7 0 0 0 0 0
8 0 0 0 0 0
9 0 0 0 0 0
10 0 0 0 0 0
11 0 0 0 0 0
12 0 0 0 0 0
13 0 0 0 0 0
14 0 0 0 0 0
15 0 0 0 0 0
16 0 0 0 0 0
17 0 0 0 0 0
18 0 0 0 0 0
19 0 0 0 0 0

OSS: Sending message to worker 1 PID 33377 at time 115:0
OSS: Receiving message from worker 1 PID 33377 at time 115:0
OSS PID:33375 SysClockS:115 SysClockNano:0
Process Table:
Entry Occupied PID StartS StartN MessagesSent
0 1 33376 1 0 456
1 1 33377 2 0 453
2 0 0 0 0 0
3 0 0 0 0 0
4 0 0 0 0 0
5 0 0 0 0 0
6 0 0 0 0 0
7 0 0 0 0 0
8 0 0 0 0 0
9 0 0 0 0 0
10 0 0 0 0 0
11 0 0 0 0 0
12 0 0 0 0 0
13 0 0 0 0 0
14 0 0 0 0 0
15 0 0 0 0 0
16 0 0 0 0 0
17 0 0 0 0 0
18 0 0 0 0 0
19 0 0 0 0 0

OSS: Sending message to worker 0 PID 33376 at time 115:125000000
OSS: Receiving message from worker 0 PID 33376 at time 115:125000000
OSS PID:33375 SysClockS:115 SysClockNano:125000000
Process Table:
Entry Occupied PID StartS StartN MessagesSent
0 1 33376 1 0 457
1 1 33377 2 0 453
2 0 0 0 0 0
3 0 0 0 0 0
4 0 0 0 0 0
5 0 0 0 0 0
6 0 0 0 0 0
7 0 0 0 0 0
8 0 0 0 0 0
9 0 0 0 0 0
10 0 0 0 0 0
11 0 0 0 0 0
12 0 0 0 0 0
13 0 0 0 0 0
14 0 0 0 0 0
15 0 0 0 0 0
16 0 0 0 0 0
17 0 0 0 0 0
18 0 0 0 0 0
19 0 0 0 0 0

OSS: Sending message to worker 1 PID 33377 at time 115:250000000
OSS: Receiving message from worker 1 PID 33377 at time 115:250000000
OSS PID:33375 SysClockS:115 SysClockNano:250000000
Process Table:
Entry Occupied PID StartS StartN MessagesSent
0 1 33376 1 0 457
1 1 33377 2 0 454
2 0 0 0 0 0
3 0 0 0 0 0
4 0 0 0 0 0
5 0 0 0 0 0
6 0 0 0 0 0
7 0 0 0 0 0
8 0 0 0 0 0
9 0 0 0 0 0
10 0 0 0 0 0
11 0 0 0 0 0
12 0 0 0 0 0
13 0 0 0 0 0
14 0 0 0 0 0
15 0 0 0 0 0
16 0 0 0 0 0
17 0 0 0 0 0
18 0 0 0 0 0
19 0 0 0 0 0

OSS: Sending message to worker 0 PID 33376 at time 115:375000000
OSS: Receiving message from worker 0 PID 33376 at time 115:375000000
OSS PID:33375 SysClockS:115 SysClockNano:375000000
Process Table:
Entry Occupied PID StartS StartN MessagesSent
0 1 33376 1 0 458
1 1 33377 2 0 454
2 0 0 0 0 0
3 0 0 0 0 0
4 0 0 0 0 0
5 0 0 0 0 0
6 0 0 0 0 0
7 0 0 0 0 0
8 0 0 0 0 0
9 0 0 0 0 0
10 0 0 0 0 0
11 0 0 0 0 0
12 0 0 0 0 0
13 0 0 0 0 0
14 0 0 0 0 0
15 0 0 0 0 0
16 0 0 0 0 0
17 0 0 0 0 0
18 0 0 0 0 0
19 0 0 0 0 0

OSS: Sending message to worker 1 PID 33377 at time 115:500000000
OSS: Receiving message from worker 1 PID 33377 at time 115:500000000
OSS PID:33375 SysClockS:115 SysClockNano:500000000
Process Table:
Entry Occupied PID StartS StartN MessagesSent
0 1 33376 1 0 458
1 1 33377 2 0 455
2 0 0 0 0 0
3 0 0 0 0 0
4 0 0 0 0 0
5 0 0 0 0 0
6 0 0 0 0 0
7 0 0 0 0 0
8 0 0 0 0 0
9 0 0 0 0 0
10 0 0 0 0 0
11 0 0 0 0 0
12 0 0 0 0 0
13 0 0 0 0 0
14 0 0 0 0 0
15 0 0 0 0 0
16 0 0 0 0 0
17 0 0 0 0 0
18 0 0 0 0 0
19 0 0 0 0 0

OSS: Sending message to worker 0 PID 33376 at time 115:625000000
OSS: Receiving message from worker 0 PID 33376 at time 115:625000000
OSS PID:33375 SysClockS:115 SysClockNano:625000000
Process Table:
Entry Occupied PID StartS StartN MessagesSent
0 1 33376 1 0 459
1 1 33377 2 0 455
2 0 0 0 0 0
3 0 0 0 0 0
4 0 0 0 0 0
5 0 0 0 0 0
6 0 0 0 0 0
7 0 0 0 0 0
8 0 0 0 0 0
9 0 0 0 0 0
10 0 0 0 0 0
11 0 0 0 0 0
12 0 0 0 0 0
13 0 0 0 0 0
14 0 0 0 0 0
15 0 0 0 0 0
16 0 0 0 0 0
17 0 0 0 0 0
18 0 0 0 0 0
19 0 0 0 0 0

OSS: Sending message to worker 1 PID 33377 at time 115:750000000
OSS: Receiving message from worker 1 PID 33377 at time 115:750000000
OSS PID:33375 SysClockS:115 SysClockNano:750000000
Process Table:
Entry Occupied PID StartS StartN MessagesSent
0 1 33376 1 0 459
1 1 33377 2 0 456
2 0 0 0 0 0
3 0 0 0 0 0
4 0 0 0 0 0
5 0 0 0 0 0
6 0 0 0 0 0
7 0 0 0 0 0
8 0 0 0 0 0
9 0 0 0 0 0
10 0 0 0 0 0
11 0 0 0 0 0
12 0 0 0 0 0
13 0 0 0 0 0
14 0 0 0 0 0
15 0 0 0 0 0
16 0 0 0 0 0
17 0 0 0 0 0
18 0 0 0 0 0
19 0 0 0 0 0

OSS: Sending message to worker 0 PID 33376 at time 115:875000000
OSS: Receiving message from worker 0 PID 33376 at time 115:875000000
OSS PID:33375 SysClockS:115 SysClockNano:875000000
Process Table:
Entry Occupied PID StartS StartN MessagesSent
0 1 33376 1 0 460
1 1 33377 2 0 456
2 0 0 0 0 0
3 0 0 0 0 0
4 0 0 0 0 0
5 0 0 0 0 0
6 0 0 0 0 0
7 0 0 0 0 0
8 0 0 0 0 0
9 0 0 0 0 0
10 0 0 0 0 0
11 0 0 0 0 0
12 0 0 0 0 0
13 0 0 0 0 0
14 0 0 0 0 0
15 0 0 0 0 0
16 0 0 0 0 0
17 0 0 0 0 0
18 0 0 0 0 0
19 0 0 0 0 0

OSS: Sending message to worker 1 PID 33377 at time 116:0
OSS: Receiving message from worker 1 PID 33377 at time 116:0
OSS PID:33375 SysClockS:116 SysClockNano:0
Process Table:
Entry Occupied PID StartS StartN MessagesSent
0 1 33376 1 0 460
1 1 33377 2 0 457
2 0 0 0 0 0
3 0 0 0 0 0
4 0 0 0 0 0
5 0 0 0 0 0
6 0 0 0 0 0
7 0 0 0 0 0
8 0 0 0 0 0
9 0 0 0 0 0
10 0 0 0 0 0
11 0 0 0 0 0
12 0 0 0 0 0
13 0 0 0 0 0
14 0 0 0 0 0
15 0 0 0 0 0
16 0 0 0 0 0
17 0 0 0 0 0
18 0 0 0 0 0
19 0 0 0 0 0

OSS: Sending message to worker 0 PID 33376 at time 116:125000000
OSS: Receiving message from worker 0 PID 33376 at time 116:125000000
OSS PID:33375 SysClockS:116 SysClockNano:125000000
Process Table:
Entry Occupied PID StartS StartN MessagesSent
0 1 33376 1 0 461
1 1 33377 2 0 457
2 0 0 0 0 0
3 0 0 0 0 0
4 0 0 0 0 0
5 0 0 0 0 0
6 0 0 0 0 0
7 0 0 0 0 0
8 0 0 0 0 0
9 0 0 0 0 0
10 0 0 0 0 0
11 0 0 0 0 0
12 0 0 0 0 0
13 0 0 0 0 0
14 0 0 0 0 0
15 0 0 0 0 0
16 0 0 0 0 0
17 0 0 0 0 0
18 0 0 0 0 0
19 0 0 0 0 0

OSS: Sending message to worker 1 PID 33377 at time 116:250000000
OSS: Receiving message from worker 1 PID 33377 at time 116:250000000
OSS PID:33375 SysClockS:116 SysClockNano:250000000
Process Table:
Entry Occupied PID StartS StartN MessagesSent
0 1 33376 1 0 461
1 1 33377 2 0 458
2 0 0 0 0 0
3 0 0 0 0 0
4 0 0 0 0 0
5 0 0 0 0 0
6 0 0 0 0 0
7 0 0 0 0 0
8 0 0 0 0 0
9 0 0 0 0 0
10 0 0 0 0 0
11 0 0 0 0 0
12 0 0 0 0 0
13 0 0 0 0 0
14 0 0 0 0 0
15 0 0 0 0 0
16 0 0 0 0 0
17 0 0 0 0 0
18 0 0 0 0 0
19 0 0 0 0 0

OSS: Sending message to worker 0 PID 33376 at time 116:375000000
OSS: Receiving message from worker 0 PID 33376 at time 116:375000000
OSS PID:33375 SysClockS:116 SysClockNano:375000000
Process Table:
Entry Occupied PID StartS StartN MessagesSent
0 1 33376 1 0 462
1 1 33377 2 0 458
2 0 0 0 0 0
3 0 0 0 0 0
4 0 0 0 0 0
5 0 0 0 0 0
6 0 0 0 0 0
7 0 0 0 0 0
8 0 0 0 0 0
9 0 0 0 0 0
10 0 0 0 0 0
11 0 0 0 0 0
12 0 0 0 0 0
13 0 0 0 0 0
14 0 0 0 0 0
15 0 0 0 0 0
16 0 0 0 0 0
17 0 0 0 0 0
18 0 0 0 0 0
19 0 0 0 0 0

OSS: Sending message to worker 1 PID 33377 at time 116:500000000
OSS: Receiving message from worker 1 PID 33377 at time 116:500000000
OSS PID:33375 SysClockS:116 SysClockNano:500000000
Process Table:
Entry Occupied PID StartS StartN MessagesSent
0 1 33376 1 0 462
1 1 33377 2 0 459
2 0 0 0 0 0
3 0 0 0 0 0
4 0 0 0 0 0
5 0 0 0 0 0
6 0 0 0 0 0
7 0 0 0 0 0
8 0 0 0 0 0
9 0 0 0 0 0
10 0 0 0 0 0
11 0 0 0 0 0
12 0 0 0 0 0
13 0 0 0 0 0
14 0 0 0 0 0
15 0 0 0 0 0
16 0 0 0 0 0
17 0 0 0 0 0
18 0 0 0 0 0
19 0 0 0 0 0

OSS: Sending message to worker 0 PID 33376 at time 116:625000000
OSS: Receiving message from worker 0 PID 33376 at time 116:625000000
OSS PID:33375 SysClockS:116 SysClockNano:625000000
Process Table:
Entry Occupied PID StartS StartN MessagesSent
0 1 33376 1 0 463
1 1 33377 2 0 459
2 0 0 0 0 0
3 0 0 0 0 0
4 0 0 0 0 0
5 0 0 0 0 0
6 0 0 0 0 0
7 0 0 0 0 0
8 0 0 0 0 0
9 0 0 0 0 0
10 0 0 0 0 0
11 0 0 0 0 0
12 0 0 0 0 0
13 0 0 0 0 0
14 0 0 0 0 0
15 0 0 0 0 0
16 0 0 0 0 0
17 0 0 0 0 0
18 0 0 0 0 0
19 0 0 0 0 0

OSS: Sending message to worker 1 PID 33377 at time 116:750000000
OSS: Receiving message from worker 1 PID 33377 at time 116:750000000
OSS PID:33375 SysClockS:116 SysClockNano:750000000
Process Table:
Entry Occupied PID StartS StartN MessagesSent
0 1 33376 1 0 463
1 1 33377 2 0 460
2 0 0 0 0 0
3 0 0 0 0 0
4 0 0 0 0 0
5 0 0 0 0 0
6 0 0 0 0 0
7 0 0 0 0 0
8 0 0 0 0 0
9 0 0 0 0 0
10 0 0 0 0 0
11 0 0 0 0 0
12 0 0 0 0 0
13 0 0 0 0 0
14 0 0 0 0 0
15 0 0 0 0 0
16 0 0 0 0 0
17 0 0 0 0 0
18 0 0 0 0 0
19 0 0 0 0 0

OSS: Sending message to worker 0 PID 33376 at time 116:875000000
OSS: Receiving message from worker 0 PID 33376 at time 116:875000000
OSS PID:33375 SysClockS:116 SysClockNano:875000000
Process Table:
Entry Occupied PID StartS StartN MessagesSent
0 1 33376 1 0 464
1 1 33377 2 0 460
2 0 0 0 0 0
3 0 0 0 0 0
4 0 0 0 0 0
5 0 0 0 0 0
6 0 0 0 0 0
7 0 0 0 0 0
8 0 0 0 0 0
9 0 0 0 0 0
10 0 0 0 0 0
11 0 0 0 0 0
12 0 0 0 0 0
13 0 0 0 0 0
14 0 0 0 0 0
15 0 0 0 0 0
16 0 0 0 0 0
17 0 0 0 0 0
18 0 0 0 0 0
19 0 0 0 0 0

OSS: Sending message to worker 1 PID 33377 at time 117:0
OSS: Receiving message from worker 1 PID 33377 at time 117:0
OSS PID:33375 SysClockS:117 SysClockNano:0
Process Table:
Entry Occupied PID StartS StartN MessagesSent
0 1 33376 1 0 464
1 1 33377 2 0 461
2 0 0 0 0 0
3 0 0 0 0 0
4 0 0 0 0 0
5 0 0 0 0 0
6 0 0 0 0 0
7 0 0 0 0 0
8 0 0 0 0 0
9 0 0 0 0 0
10 0 0 0 0 0
11 0 0 0 0 0
12 0 0 0 0 0
13 0 0 0 0 0
14 0 0 0 0 0
15 0 0 0 0 0
16 0 0 0 0 0
17 0 0 0 0 0
18 0 0 0 0 0
19 0 0 0 0 0

OSS: Sending message to worker 0 PID 33376 at time 117:125000000
OSS: Receiving message from worker 0 PID 33376 at time 117:125000000
OSS PID:33375 SysClockS:117 SysClockNano:125000000
Process Table:
Entry Occupied PID StartS StartN MessagesSent
0 1 33376 1 0 465
1 1 33377 2 0 461
2 0 0 0 0 0
3 0 0 0 0 0
4 0 0 0 0 0
5 0 0 0 0 0
6 0 0 0 0 0
7 0 0 0 0 0
8 0 0 0 0 0
9 0 0 0 0 0
10 0 0 0 0 0
11 0 0 0 0 0
12 0 0 0 0 0
13 0 0 0 0 0
14 0 0 0 0 0
15 0 0 0 0 0
16 0 0 0 0 0
17 0 0 0 0 0
18 0 0 0 0 0
19 0 0 0 0 0

OSS: Sending message to worker 1 PID 33377 at time 117:250000000
OSS: Receiving message from worker 1 PID 33377 at time 117:250000000
OSS PID:33375 SysClockS:117 SysClockNano:250000000
Process Table:
Entry Occupied PID StartS StartN MessagesSent
0 1 33376 1 0 465
1 1 33377 2 0 462
2 0 0 0 0 0
3 0 0 0 0 0
4 0 0 0 0 0
5 0 0 0 0 0
6 0 0 0 0 0
7 0 0 0 0 0
8 0 0 0 0 0
9 0 0 0 0 0
10 0 0 0 0 0
11 0 0 0 0 0
12 0 0 0 0 0
13 0 0 0 0 0
14 0 0 0 0 0
15 0 0 0 0 0
16 0 0 0 0 0
17 0 0 0 0 0
18 0 0 0 0 0
19 0 0 0 0 0

OSS: Sending message to worker 0 PID 33376 at time 117:375000000
OSS: Receiving message from worker 0 PID 33376 at time 117:375000000
OSS PID:33375 SysClockS:117 SysClockNano:375000000
Process Table:
Entry Occupied PID StartS StartN MessagesSent
0 1 33376 1 0 466
1 1 33377 2 0 462
2 0 0 0 0 0
3 0 0 0 0 0
4 0 0 0 0 0
5 0 0 0 0 0
6 0 0 0 0 0
7 0 0 0 0 0
8 0 0 0 0 0
9 0 0 0 0 0
10 0 0 0 0 0
11 0 0 0 0 0
12 0 0 0 0 0
13 0 0 0 0 0
14 0 0 0 0 0
15 0 0 0 0 0
16 0 0 0 0 0
17 0 0 0 0 0
18 0 0 0 0 0
19 0 0 0 0 0

OSS: Sending message to worker 1 PID 33377 at time 117:500000000
OSS: Receiving message from worker 1 PID 33377 at time 117:500000000
OSS PID:33375 SysClockS:117 SysClockNano:500000000
Process Table:
Entry Occupied PID StartS StartN MessagesSent
0 1 33376 1 0 466
1 1 33377 2 0 463
2 0 0 0 0 0
3 0 0 0 0 0
4 0 0 0 0 0
5 0 0 0 0 0
6 0 0 0 0 0
7 0 0 0 0 0
8 0 0 0 0 0
9 0 0 0 0 0
10 0 0 0 0 0
11 0 0 0 0 0
12 0 0 0 0 0
13 0 0 0 0 0
14 0 0 0 0 0
15 0 0 0 0 0
16 0 0 0 0 0
17 0 0 0 0 0
18 0 0 0 0 0
19 0 0 0 0 0

OSS: Sending message to worker 0 PID 33376 at time 117:625000000
OSS: Receiving message from worker 0 PID 33376 at time 117:625000000
OSS PID:33375 SysClockS:117 SysClockNano:625000000
Process Table:
Entry Occupied PID StartS StartN MessagesSent
0 1 33376 1 0 467
1 1 33377 2 0 463
2 0 0 0 0 0
3 0 0 0 0 0
4 0 0 0 0 0
5 0 0 0 0 0
6 0 0 0 0 0
7 0 0 0 0 0
8 0 0 0 0 0
9 0 0 0 0 0
10 0 0 0 0 0
11 0 0 0 0 0
12 0 0 0 0 0
13 0 0 0 0 0
14 0 0 0 0 0
15 0 0 0 0 0
16 0 0 0 0 0
17 0 0 0 0 0
18 0 0 0 0 0
19 0 0 0 0 0

OSS: Sending message to worker 1 PID 33377 at time 117:750000000
OSS: Receiving message from worker 1 PID 33377 at time 117:750000000
OSS PID:33375 SysClockS:117 SysClockNano:750000000
Process Table:
Entry Occupied PID StartS StartN MessagesSent
0 1 33376 1 0 467
1 1 33377 2 0 464
2 0 0 0 0 0
3 0 0 0 0 0
4 0 0 0 0 0
5 0 0 0 0 0
6 0 0 0 0 0
7 0 0 0 0 0
8 0 0 0 0 0
9 0 0 0 0 0
10 0 0 0 0 0
11 0 0 0 0 0
12 0 0 0 0 0
13 0 0 0 0 0
14 0 0 0 0 0
15 0 0 0 0 0
16 0 0 0 0 0
17 0 0 0 0 0
18 0 0 0 0 0
19 0 0 0 0 0

OSS: Sending message to worker 0 PID 33376 at time 117:875000000
OSS: Receiving message from worker 0 PID 33376 at time 117:875000000
OSS PID:33375 SysClockS:117 SysClockNano:875000000
Process Table:
Entry Occupied PID StartS StartN MessagesSent
0 1 33376 1 0 468
1 1 33377 2 0 464
2 0 0 0 0 0
3 0 0 0 0 0
4 0 0 0 0 0
5 0 0 0 0 0
6 0 0 0 0 0
7 0 0 0 0 0
8 0 0 0 0 0
9 0 0 0 0 0
10 0 0 0 0 0
11 0 0 0 0 0
12 0 0 0 0 0
13 0 0 0 0 0
14 0 0 0 0 0
15 0 0 0 0 0
16 0 0 0 0 0
17 0 0 0 0 0
18 0 0 0 0 0
19 0 0 0 0 0

OSS: Sending message to worker 1 PID 33377 at time 118:0
OSS: Receiving message from worker 1 PID 33377 at time 118:0
OSS PID:33375 SysClockS:118 SysClockNano:0
Process Table:
Entry Occupied PID StartS StartN MessagesSent
0 1 33376 1 0 468
1 1 33377 2 0 465
2 0 0 0 0 0
3 0 0 0 0 0
4 0 0 0 0 0
5 0 0 0 0 0
6 0 0 0 0 0
7 0 0 0 0 0
8 0 0 0 0 0
9 0 0 0 0 0
10 0 0 0 0 0
11 0 0 0 0 0
12 0 0 0 0 0
13 0 0 0 0 0
14 0 0 0 0 0
15 0 0 0 0 0
16 0 0 0 0 0
17 0 0 0 0 0
18 0 0 0 0 0
19 0 0 0 0 0

OSS: Sending message to worker 0 PID 33376 at time 118:125000000
OSS: Receiving message from worker 0 PID 33376 at time 118:125000000
OSS PID:33375 SysClockS:118 SysClockNano:125000000
Process Table:
Entry Occupied PID StartS StartN MessagesSent
0 1 33376 1 0 469
1 1 33377 2 0 465
2 0 0 0 0 0
3 0 0 0 0 0
4 0 0 0 0 0
5 0 0 0 0 0
6 0 0 0 0 0
7 0 0 0 0 0
8 0 0 0 0 0
9 0 0 0 0 0
10 0 0 0 0 0
11 0 0 0 0 0
12 0 0 0 0 0
13 0 0 0 0 0
14 0 0 0 0 0
15 0 0 0 0 0
16 0 0 0 0 0
17 0 0 0 0 0
18 0 0 0 0 0
19 0 0 0 0 0

OSS: Sending message to worker 1 PID 33377 at time 118:250000000
OSS: Receiving message from worker 1 PID 33377 at time 118:250000000
OSS PID:33375 SysClockS:118 SysClockNano:250000000
Process Table:
Entry Occupied PID StartS StartN MessagesSent
0 1 33376 1 0 469
1 1 33377 2 0 466
2 0 0 0 0 0
3 0 0 0 0 0
4 0 0 0 0 0
5 0 0 0 0 0
6 0 0 0 0 0
7 0 0 0 0 0
8 0 0 0 0 0
9 0 0 0 0 0
10 0 0 0 0 0
11 0 0 0 0 0
12 0 0 0 0 0
13 0 0 0 0 0
14 0 0 0 0 0
15 0 0 0 0 0
16 0 0 0 0 0
17 0 0 0 0 0
18 0 0 0 0 0
19 0 0 0 0 0

OSS: Sending message to worker 0 PID 33376 at time 118:375000000
OSS: Receiving message from worker 0 PID 33376 at time 118:375000000
OSS PID:33375 SysClockS:118 SysClockNano:375000000
Process Table:
Entry Occupied PID StartS StartN MessagesSent
0 1 33376 1 0 470
1 1 33377 2 0 466
2 0 0 0 0 0
3 0 0 0 0 0
4 0 0 0 0 0
5 0 0 0 0 0
6 0 0 0 0 0
7 0 0 0 0 0
8 0 0 0 0 0
9 0 0 0 0 0
10 0 0 0 0 0
11 0 0 0 0 0
12 0 0 0 0 0
13 0 0 0 0 0
14 0 0 0 0 0
15 0 0 0 0 0
16 0 0 0 0 0
17 0 0 0 0 0
18 0 0 0 0 0
19 0 0 0 0 0

OSS: Sending message to worker 1 PID 33377 at time 118:500000000
OSS: Receiving message from worker 1 PID 33377 at time 118:500000000
OSS PID:33375 SysClockS:118 SysClockNano:500000000
Process Table:
Entry Occupied PID StartS StartN MessagesSent
0 1 33376 1 0 470
1 1 33377 2 0 467
2 0 0 0 0 0
3 0 0 0 0 0
4 0 0 0 0 0
5 0 0 0 0 0
6 0 0 0 0 0
7 0 0 0 0 0
8 0 0 0 0 0
9 0 0 0 0 0
10 0 0 0 0 0
11 0 0 0 0 0
12 0 0 0 0 0
13 0 0 0 0 0
14 0 0 0 0 0
15 0 0 0 0 0
16 0 0 0 0 0
17 0 0 0 0 0
18 0 0 0 0 0
19 0 0 0 0 0

OSS: Sending message to worker 0 PID 33376 at time 118:625000000
OSS: Receiving message from worker 0 PID 33376 at time 118:625000000
OSS PID:33375 SysClockS:118 SysClockNano:625000000
Process Table:
Entry Occupied PID StartS StartN MessagesSent
0 1 33376 1 0 471
1 1 33377 2 0 467
2 0 0 0 0 0
3 0 0 0 0 0
4 0 0 0 0 0
5 0 0 0 0 0
6 0 0 0 0 0
7 0 0 0 0 0
8 0 0 0 0 0
9 0 0 0 0 0
10 0 0 0 0 0
11 0 0 0 0 0
12 0 0 0 0 0
13 0 0 0 0 0
14 0 0 0 0 0
15 0 0 0 0 0
16 0 0 0 0 0
17 0 0 0 0 0
18 0 0 0 0 0
19 0 0 0 0 0

OSS: Sending message to worker 1 PID 33377 at time 118:750000000
OSS: Receiving message from worker 1 PID 33377 at time 118:750000000
OSS PID:33375 SysClockS:118 SysClockNano:750000000
Process Table:
Entry Occupied PID StartS StartN MessagesSent
0 1 33376 1 0 471
1 1 33377 2 0 468
2 0 0 0 0 0
3 0 0 0 0 0
4 0 0 0 0 0
5 0 0 0 0 0
6 0 0 0 0 0
7 0 0 0 0 0
8 0 0 0 0 0
9 0 0 0 0 0
10 0 0 0 0 0
11 0 0 0 0 0
12 0 0 0 0 0
13 0 0 0 0 0
14 0 0 0 0 0
15 0 0 0 0 0
16 0 0 0 0 0
17 0 0 0 0 0
18 0 0 0 0 0
19 0 0 0 0 0

OSS: Sending message to worker 0 PID 33376 at time 118:875000000
OSS: Receiving message from worker 0 PID 33376 at time 118:875000000
OSS PID:33375 SysClockS:118 SysClockNano:875000000
Process Table:
Entry Occupied PID StartS StartN MessagesSent
0 1 33376 1 0 472
1 1 33377 2 0 468
2 0 0 0 0 0
3 0 0 0 0 0
4 0 0 0 0 0
5 0 0 0 0 0
6 0 0 0 0 0
7 0 0 0 0 0
8 0 0 0 0 0
9 0 0 0 0 0
10 0 0 0 0 0
11 0 0 0 0 0
12 0 0 0 0 0
13 0 0 0 0 0
14 0 0 0 0 0
15 0 0 0 0 0
16 0 0 0 0 0
17 0 0 0 0 0
18 0 0 0 0 0
19 0 0 0 0 0

OSS: Sending message to worker 1 PID 33377 at time 119:0
OSS: Receiving message from worker 1 PID 33377 at time 119:0
OSS PID:33375 SysClockS:119 SysClockNano:0
Process Table:
Entry Occupied PID StartS StartN MessagesSent
0 1 33376 1 0 472
1 1 33377 2 0 469
2 0 0 0 0 0
3 0 0 0 0 0
4 0 0 0 0 0
5 0 0 0 0 0
6 0 0 0 0 0
7 0 0 0 0 0
8 0 0 0 0 0
9 0 0 0 0 0
10 0 0 0 0 0
11 0 0 0 0 0
12 0 0 0 0 0
13 0 0 0 0 0
14 0 0 0 0 0
15 0 0 0 0 0
16 0 0 0 0 0
17 0 0 0 0 0
18 0 0 0 0 0
19 0 0 0 0 0

OSS: Sending message to worker 0 PID 33376 at time 119:125000000
OSS: Receiving message from worker 0 PID 33376 at time 119:125000000
OSS PID:33375 SysClockS:119 SysClockNano:125000000
Process Table:
Entry Occupied PID StartS StartN MessagesSent
0 1 33376 1 0 473
1 1 33377 2 0 469
2 0 0 0 0 0
3 0 0 0 0 0
4 0 0 0 0 0
5 0 0 0 0 0
6 0 0 0 0 0
7 0 0 0 0 0
8 0 0 0 0 0
9 0 0 0 0 0
10 0 0 0 0 0
11 0 0 0 0 0
12 0 0 0 0 0
13 0 0 0 0 0
14 0 0 0 0 0
15 0 0 0 0 0
16 0 0 0 0 0
17 0 0 0 0 0
18 0 0 0 0 0
19 0 0 0 0 0

OSS: Sending message to worker 1 PID 33377 at time 119:250000000
OSS: Receiving message from worker 1 PID 33377 at time 119:250000000
OSS PID:33375 SysClockS:119 SysClockNano:250000000
Process Table:
Entry Occupied PID StartS StartN MessagesSent
0 1 33376 1 0 473
1 1 33377 2 0 470
2 0 0 0 0 0
3 0 0 0 0 0
4 0 0 0 0 0
5 0 0 0 0 0
6 0 0 0 0 0
7 0 0 0 0 0
8 0 0 0 0 0
9 0 0 0 0 0
10 0 0 0 0 0
11 0 0 0 0 0
12 0 0 0 0 0
13 0 0 0 0 0
14 0 0 0 0 0
15 0 0 0 0 0
16 0 0 0 0 0
17 0 0 0 0 0
18 0 0 0 0 0
19 0 0 0 0 0

OSS: Sending message to worker 0 PID 33376 at time 119:375000000
OSS: Receiving message from worker 0 PID 33376 at time 119:375000000
OSS PID:33375 SysClockS:119 SysClockNano:375000000
Process Table:
Entry Occupied PID StartS StartN MessagesSent
0 1 33376 1 0 474
1 1 33377 2 0 470
2 0 0 0 0 0
3 0 0 0 0 0
4 0 0 0 0 0
5 0 0 0 0 0
6 0 0 0 0 0
7 0 0 0 0 0
8 0 0 0 0 0
9 0 0 0 0 0
10 0 0 0 0 0
11 0 0 0 0 0
12 0 0 0 0 0
13 0 0 0 0 0
14 0 0 0 0 0
15 0 0 0 0 0
16 0 0 0 0 0
17 0 0 0 0 0
18 0 0 0 0 0
19 0 0 0 0 0

OSS: Sending message to worker 1 PID 33377 at time 119:500000000
OSS: Receiving message from worker 1 PID 33377 at time 119:500000000
OSS PID:33375 SysClockS:119 SysClockNano:500000000
Process Table:
Entry Occupied PID StartS StartN MessagesSent
0 1 33376 1 0 474
1 1 33377 2 0 471
2 0 0 0 0 0
3 0 0 0 0 0
4 0 0 0 0 0
5 0 0 0 0 0
6 0 0 0 0 0
7 0 0 0 0 0
8 0 0 0 0 0
9 0 0 0 0 0
10 0 0 0 0 0
11 0 0 0 0 0
12 0 0 0 0 0
13 0 0 0 0 0
14 0 0 0 0 0
15 0 0 0 0 0
16 0 0 0 0 0
17 0 0 0 0 0
18 0 0 0 0 0
19 0 0 0 0 0

OSS: Sending message to worker 0 PID 33376 at time 119:625000000
OSS: Receiving message from worker 0 PID 33376 at time 119:625000000
OSS PID:33375 SysClockS:119 SysClockNano:625000000
Process Table:
Entry Occupied PID StartS StartN MessagesSent
0 1 33376 1 0 475
1 1 33377 2 0 471
2 0 0 0 0 0
3 0 0 0 0 0
4 0 0 0 0 0
5 0 0 0 0 0
6 0 0 0 0 0
7 0 0 0 0 0
8 0 0 0 0 0
9 0 0 0 0 0
10 0 0 0 0 0
11 0 0 0 0 0
12 0 0 0 0 0
13 0 0 0 0 0
14 0 0 0 0 0
15 0 0 0 0 0
16 0 0 0 0 0
17 0 0 0 0 0
18 0 0 0 0 0
19 0 0 0 0 0

OSS: Sending message to worker 1 PID 33377 at time 119:750000000
OSS: Receiving message from worker 1 PID 33377 at time 119:750000000
OSS PID:33375 SysClockS:119 SysClockNano:750000000
Process Table:
Entry Occupied PID StartS StartN MessagesSent
0 1 33376 1 0 475
1 1 33377 2 0 472
2 0 0 0 0 0
3 0 0 0 0 0
4 0 0 0 0 0
5 0 0 0 0 0
6 0 0 0 0 0
7 0 0 0 0 0
8 0 0 0 0 0
9 0 0 0 0 0
10 0 0 0 0 0
11 0 0 0 0 0
12 0 0 0 0 0
13 0 0 0 0 0
14 0 0 0 0 0
15 0 0 0 0 0
16 0 0 0 0 0
17 0 0 0 0 0
18 0 0 0 0 0
19 0 0 0 0 0

OSS: Sending message to worker 0 PID 33376 at time 119:875000000
OSS: Receiving message from worker 0 PID 33376 at time 119:875000000
OSS PID:33375 SysClockS:119 SysClockNano:875000000
Process Table:
Entry Occupied PID StartS StartN MessagesSent
0 1 33376 1 0 476
1 1 33377 2 0 472
2 0 0 0 0 0
3 0 0 0 0 0
4 0 0 0 0 0
5 0 0 0 0 0
6 0 0 0 0 0
7 0 0 0 0 0
8 0 0 0 0 0
9 0 0 0 0 0
10 0 0 0 0 0
11 0 0 0 0 0
12 0 0 0 0 0
13 0 0 0 0 0
14 0 0 0 0 0
15 0 0 0 0 0
16 0 0 0 0 0
17 0 0 0 0 0
18 0 0 0 0 0
19 0 0 0 0 0

OSS: Sending message to worker 1 PID 33377 at time 120:0
OSS: Receiving message from worker 1 PID 33377 at time 120:0
OSS PID:33375 SysClockS:120 SysClockNano:0
Process Table:
Entry Occupied PID StartS StartN MessagesSent
0 1 33376 1 0 476
1 1 33377 2 0 473
2 0 0 0 0 0
3 0 0 0 0 0
4 0 0 0 0 0
5 0 0 0 0 0
6 0 0 0 0 0
7 0 0 0 0 0
8 0 0 0 0 0
9 0 0 0 0 0
10 0 0 0 0 0
11 0 0 0 0 0
12 0 0 0 0 0
13 0 0 0 0 0
14 0 0 0 0 0
15 0 0 0 0 0
16 0 0 0 0 0
17 0 0 0 0 0
18 0 0 0 0 0
19 0 0 0 0 0

OSS: Sending message to worker 0 PID 33376 at time 120:125000000
OSS: Receiving message from worker 0 PID 33376 at time 120:125000000
OSS PID:33375 SysClockS:120 SysClockNano:125000000
Process Table:
Entry Occupied PID StartS StartN MessagesSent
0 1 33376 1 0 477
1 1 33377 2 0 473
2 0 0 0 0 0
3 0 0 0 0 0
4 0 0 0 0 0
5 0 0 0 0 0
6 0 0 0 0 0
7 0 0 0 0 0
8 0 0 0 0 0
9 0 0 0 0 0
10 0 0 0 0 0
11 0 0 0 0 0
12 0 0 0 0 0
13 0 0 0 0 0
14 0 0 0 0 0
15 0 0 0 0 0
16 0 0 0 0 0
17 0 0 0 0 0
18 0 0 0 0 0
19 0 0 0 0 0

OSS: Sending message to worker 1 PID 33377 at time 120:250000000
OSS: Receiving message from worker 1 PID 33377 at time 120:250000000
OSS PID:33375 SysClockS:120 SysClockNano:250000000
Process Table:
Entry Occupied PID StartS StartN MessagesSent
0 1 33376 1 0 477
1 1 33377 2 0 474
2 0 0 0 0 0
3 0 0 0 0 0
4 0 0 0 0 0
5 0 0 0 0 0
6 0 0 0 0 0
7 0 0 0 0 0
8 0 0 0 0 0
9 0 0 0 0 0
10 0 0 0 0 0
11 0 0 0 0 0
12 0 0 0 0 0
13 0 0 0 0 0
14 0 0 0 0 0
15 0 0 0 0 0
16 0 0 0 0 0
17 0 0 0 0 0
18 0 0 0 0 0
19 0 0 0 0 0

OSS: Sending message to worker 0 PID 33376 at time 120:375000000
OSS: Receiving message from worker 0 PID 33376 at time 120:375000000
OSS PID:33375 SysClockS:120 SysClockNano:375000000
Process Table:
Entry Occupied PID StartS StartN MessagesSent
0 1 33376 1 0 478
1 1 33377 2 0 474
2 0 0 0 0 0
3 0 0 0 0 0
4 0 0 0 0 0
5 0 0 0 0 0
6 0 0 0 0 0
7 0 0 0 0 0
8 0 0 0 0 0
9 0 0 0 0 0
10 0 0 0 0 0
11 0 0 0 0 0
12 0 0 0 0 0
13 0 0 0 0 0
14 0 0 0 0 0
15 0 0 0 0 0
16 0 0 0 0 0
17 0 0 0 0 0
18 0 0 0 0 0
19 0 0 0 0 0

OSS: Sending message to worker 1 PID 33377 at time 120:500000000
OSS: Receiving message from worker 1 PID 33377 at time 120:500000000
OSS PID:33375 SysClockS:120 SysClockNano:500000000
Process Table:
Entry Occupied PID StartS StartN MessagesSent
0 1 33376 1 0 478
1 1 33377 2 0 475
2 0 0 0 0 0
3 0 0 0 0 0
4 0 0 0 0 0
5 0 0 0 0 0
6 0 0 0 0 0
7 0 0 0 0 0
8 0 0 0 0 0
9 0 0 0 0 0
10 0 0 0 0 0
11 0 0 0 0 0
12 0 0 0 0 0
13 0 0 0 0 0
14 0 0 0 0 0
15 0 0 0 0 0
16 0 0 0 0 0
17 0 0 0 0 0
18 0 0 0 0 0
19 0 0 0 0 0

OSS: Sending message to worker 0 PID 33376 at time 120:625000000
OSS: Receiving message from worker 0 PID 33376 at time 120:625000000
OSS PID:33375 SysClockS:120 SysClockNano:625000000
Process Table:
Entry Occupied PID StartS StartN MessagesSent
0 1 33376 1 0 479
1 1 33377 2 0 475
2 0 0 0 0 0
3 0 0 0 0 0
4 0 0 0 0 0
5 0 0 0 0 0
6 0 0 0 0 0
7 0 0 0 0 0
8 0 0 0 0 0
9 0 0 0 0 0
10 0 0 0 0 0
11 0 0 0 0 0
12 0 0 0 0 0
13 0 0 0 0 0
14 0 0 0 0 0
15 0 0 0 0 0
16 0 0 0 0 0
17 0 0 0 0 0
18 0 0 0 0 0
19 0 0 0 0 0

OSS: Sending message to worker 1 PID 33377 at time 120:750000000
OSS: Receiving message from worker 1 PID 33377 at time 120:750000000
OSS PID:33375 SysClockS:120 SysClockNano:750000000
Process Table:
Entry Occupied PID StartS StartN MessagesSent
0 1 33376 1 0 479
1 1 33377 2 0 476
2 0 0 0 0 0
3 0 0 0 0 0
4 0 0 0 0 0
5 0 0 0 0 0
6 0 0 0 0 0
7 0 0 0 0 0
8 0 0 0 0 0
9 0 0 0 0 0
10 0 0 0 0 0
11 0 0 0 0 0
12 0 0 0 0 0
13 0 0 0 0 0
14 0 0 0 0 0
15 0 0 0 0 0
16 0 0 0 0 0
17 0 0 0 0 0
18 0 0 0 0 0
19 0 0 0 0 0

OSS: Sending message to worker 0 PID 33376 at time 120:875000000
OSS: Receiving message from worker 0 PID 33376 at time 120:875000000
OSS PID:33375 SysClockS:120 SysClockNano:875000000
Process Table:
Entry Occupied PID StartS StartN MessagesSent
0 1 33376 1 0 480
1 1 33377 2 0 476
2 0 0 0 0 0
3 0 0 0 0 0
4 0 0 0 0 0
5 0 0 0 0 0
6 0 0 0 0 0
7 0 0 0 0 0
8 0 0 0 0 0
9 0 0 0 0 0
10 0 0 0 0 0
11 0 0 0 0 0
12 0 0 0 0 0
13 0 0 0 0 0
14 0 0 0 0 0
15 0 0 0 0 0
16 0 0 0 0 0
17 0 0 0 0 0
18 0 0 0 0 0
19 0 0 0 0 0

OSS: Sending message to worker 1 PID 33377 at time 121:0
OSS: Receiving message from worker 1 PID 33377 at time 121:0
OSS PID:33375 SysClockS:121 SysClockNano:0
Process Table:
Entry Occupied PID StartS StartN MessagesSent
0 1 33376 1 0 480
1 1 33377 2 0 477
2 0 0 0 0 0
3 0 0 0 0 0
4 0 0 0 0 0
5 0 0 0 0 0
6 0 0 0 0 0
7 0 0 0 0 0
8 0 0 0 0 0
9 0 0 0 0 0
10 0 0 0 0 0
11 0 0 0 0 0
12 0 0 0 0 0
13 0 0 0 0 0
14 0 0 0 0 0
15 0 0 0 0 0
16 0 0 0 0 0
17 0 0 0 0 0
18 0 0 0 0 0
19 0 0 0 0 0

OSS: Sending message to worker 0 PID 33376 at time 121:125000000
OSS: Receiving message from worker 0 PID 33376 at time 121:125000000
OSS PID:33375 SysClockS:121 SysClockNano:125000000
Process Table:
Entry Occupied PID StartS StartN MessagesSent
0 1 33376 1 0 481
1 1 33377 2 0 477
2 0 0 0 0 0
3 0 0 0 0 0
4 0 0 0 0 0
5 0 0 0 0 0
6 0 0 0 0 0
7 0 0 0 0 0
8 0 0 0 0 0
9 0 0 0 0 0
10 0 0 0 0 0
11 0 0 0 0 0
12 0 0 0 0 0
13 0 0 0 0 0
14 0 0 0 0 0
15 0 0 0 0 0
16 0 0 0 0 0
17 0 0 0 0 0
18 0 0 0 0 0
19 0 0 0 0 0

OSS: Sending message to worker 1 PID 33377 at time 121:250000000
OSS: Receiving message from worker 1 PID 33377 at time 121:250000000
OSS PID:33375 SysClockS:121 SysClockNano:250000000
Process Table:
Entry Occupied PID StartS StartN MessagesSent
0 1 33376 1 0 481
1 1 33377 2 0 478
2 0 0 0 0 0
3 0 0 0 0 0
4 0 0 0 0 0
5 0 0 0 0 0
6 0 0 0 0 0
7 0 0 0 0 0
8 0 0 0 0 0
9 0 0 0 0 0
10 0 0 0 0 0
11 0 0 0 0 0
12 0 0 0 0 0
13 0 0 0 0 0
14 0 0 0 0 0
15 0 0 0 0 0
16 0 0 0 0 0
17 0 0 0 0 0
18 0 0 0 0 0
19 0 0 0 0 0

OSS: Sending message to worker 0 PID 33376 at time 121:375000000
OSS: Receiving message from worker 0 PID 33376 at time 121:375000000
OSS PID:33375 SysClockS:121 SysClockNano:375000000
Process Table:
Entry Occupied PID StartS StartN MessagesSent
0 1 33376 1 0 482
1 1 33377 2 0 478
2 0 0 0 0 0
3 0 0 0 0 0
4 0 0 0 0 0
5 0 0 0 0 0
6 0 0 0 0 0
7 0 0 0 0 0
8 0 0 0 0 0
9 0 0 0 0 0
10 0 0 0 0 0
11 0 0 0 0 0
12 0 0 0 0 0
13 0 0 0 0 0
14 0 0 0 0 0
15 0 0 0 0 0
16 0 0 0 0 0
17 0 0 0 0 0
18 0 0 0 0 0
19 0 0 0 0 0

OSS: Sending message to worker 1 PID 33377 at time 121:500000000
OSS: Receiving message from worker 1 PID 33377 at time 121:500000000
OSS PID:33375 SysClockS:121 SysClockNano:500000000
Process Table:
Entry Occupied PID StartS StartN MessagesSent
0 1 33376 1 0 482
1 1 33377 2 0 479
2 0 0 0 0 0
3 0 0 0 0 0
4 0 0 0 0 0
5 0 0 0 0 0
6 0 0 0 0 0
7 0 0 0 0 0
8 0 0 0 0 0
9 0 0 0 0 0
10 0 0 0 0 0
11 0 0 0 0 0
12 0 0 0 0 0
13 0 0 0 0 0
14 0 0 0 0 0
15 0 0 0 0 0
16 0 0 0 0 0
17 0 0 0 0 0
18 0 0 0 0 0
19 0 0 0 0 0

OSS: Sending message to worker 0 PID 33376 at time 121:625000000
OSS: Receiving message from worker 0 PID 33376 at time 121:625000000
OSS PID:33375 SysClockS:121 SysClockNano:625000000
Process Table:
Entry Occupied PID StartS StartN MessagesSent
0 1 33376 1 0 483
1 1 33377 2 0 479
2 0 0 0 0 0
3 0 0 0 0 0
4 0 0 0 0 0
5 0 0 0 0 0
6 0 0 0 0 0
7 0 0 0 0 0
8 0 0 0 0 0
9 0 0 0 0 0
10 0 0 0 0 0
11 0 0 0 0 0
12 0 0 0 0 0
13 0 0 0 0 0
14 0 0 0 0 0
15 0 0 0 0 0
16 0 0 0 0 0
17 0 0 0 0 0
18 0 0 0 0 0
19 0 0 0 0 0

OSS: Sending message to worker 1 PID 33377 at time 121:750000000
OSS: Receiving message from worker 1 PID 33377 at time 121:750000000
OSS PID:33375 SysClockS:121 SysClockNano:750000000
Process Table:
Entry Occupied PID StartS StartN MessagesSent
0 1 33376 1 0 483
1 1 33377 2 0 480
2 0 0 0 0 0
3 0 0 0 0 0
4 0 0 0 0 0
5 0 0 0 0 0
6 0 0 0 0 0
7 0 0 0 0 0
8 0 0 0 0 0
9 0 0 0 0 0
10 0 0 0 0 0
11 0 0 0 0 0
12 0 0 0 0 0
13 0 0 0 0 0
14 0 0 0 0 0
15 0 0 0 0 0
16 0 0 0 0 0
17 0 0 0 0 0
18 0 0 0 0 0
19 0 0 0 0 0

OSS: Sending message to worker 0 PID 33376 at time 121:875000000
OSS: Receiving message from worker 0 PID 33376 at time 121:875000000
OSS PID:33375 SysClockS:121 SysClockNano:875000000
Process Table:
Entry Occupied PID StartS StartN MessagesSent
0 1 33376 1 0 484
1 1 33377 2 0 480
2 0 0 0 0 0
3 0 0 0 0 0
4 0 0 0 0 0
5 0 0 0 0 0
6 0 0 0 0 0
7 0 0 0 0 0
8 0 0 0 0 0
9 0 0 0 0 0
10 0 0 0 0 0
11 0 0 0 0 0
12 0 0 0 0 0
13 0 0 0 0 0
14 0 0 0 0 0
15 0 0 0 0 0
16 0 0 0 0 0
17 0 0 0 0 0
18 0 0 0 0 0
19 0 0 0 0 0

OSS: Sending message to worker 1 PID 33377 at time 122:0
OSS: Receiving message from worker 1 PID 33377 at time 122:0
OSS PID:33375 SysClockS:122 SysClockNano:0
Process Table:
Entry Occupied PID StartS StartN MessagesSent
0 1 33376 1 0 484
1 1 33377 2 0 481
2 0 0 0 0 0
3 0 0 0 0 0
4 0 0 0 0 0
5 0 0 0 0 0
6 0 0 0 0 0
7 0 0 0 0 0
8 0 0 0 0 0
9 0 0 0 0 0
10 0 0 0 0 0
11 0 0 0 0 0
12 0 0 0 0 0
13 0 0 0 0 0
14 0 0 0 0 0
15 0 0 0 0 0
16 0 0 0 0 0
17 0 0 0 0 0
18 0 0 0 0 0
19 0 0 0 0 0

OSS: Sending message to worker 0 PID 33376 at time 122:125000000
OSS: Receiving message from worker 0 PID 33376 at time 122:125000000
OSS PID:33375 SysClockS:122 SysClockNano:125000000
Process Table:
Entry Occupied PID StartS StartN MessagesSent
0 1 33376 1 0 485
1 1 33377 2 0 481
2 0 0 0 0 0
3 0 0 0 0 0
4 0 0 0 0 0
5 0 0 0 0 0
6 0 0 0 0 0
7 0 0 0 0 0
8 0 0 0 0 0
9 0 0 0 0 0
10 0 0 0 0 0
11 0 0 0 0 0
12 0 0 0 0 0
13 0 0 0 0 0
14 0 0 0 0 0
15 0 0 0 0 0
16 0 0 0 0 0
17 0 0 0 0 0
18 0 0 0 0 0
19 0 0 0 0 0

OSS: Sending message to worker 1 PID 33377 at time 122:250000000
OSS: Receiving message from worker 1 PID 33377 at time 122:250000000
OSS PID:33375 SysClockS:122 SysClockNano:250000000
Process Table:
Entry Occupied PID StartS StartN MessagesSent
0 1 33376 1 0 485
1 1 33377 2 0 482
2 0 0 0 0 0
3 0 0 0 0 0
4 0 0 0 0 0
5 0 0 0 0 0
6 0 0 0 0 0
7 0 0 0 0 0
8 0 0 0 0 0
9 0 0 0 0 0
10 0 0 0 0 0
11 0 0 0 0 0
12 0 0 0 0 0
13 0 0 0 0 0
14 0 0 0 0 0
15 0 0 0 0 0
16 0 0 0 0 0
17 0 0 0 0 0
18 0 0 0 0 0
19 0 0 0 0 0

OSS: Sending message to worker 0 PID 33376 at time 122:375000000
OSS: Receiving message from worker 0 PID 33376 at time 122:375000000
OSS PID:33375 SysClockS:122 SysClockNano:375000000
Process Table:
Entry Occupied PID StartS StartN MessagesSent
0 1 33376 1 0 486
1 1 33377 2 0 482
2 0 0 0 0 0
3 0 0 0 0 0
4 0 0 0 0 0
5 0 0 0 0 0
6 0 0 0 0 0
7 0 0 0 0 0
8 0 0 0 0 0
9 0 0 0 0 0
10 0 0 0 0 0
11 0 0 0 0 0
12 0 0 0 0 0
13 0 0 0 0 0
14 0 0 0 0 0
15 0 0 0 0 0
16 0 0 0 0 0
17 0 0 0 0 0
18 0 0 0 0 0
19 0 0 0 0 0

OSS: Sending message to worker 1 PID 33377 at time 122:500000000
OSS: Receiving message from worker 1 PID 33377 at time 122:500000000
OSS PID:33375 SysClockS:122 SysClockNano:500000000
Process Table:
Entry Occupied PID StartS StartN MessagesSent
0 1 33376 1 0 486
1 1 33377 2 0 483
2 0 0 0 0 0
3 0 0 0 0 0
4 0 0 0 0 0
5 0 0 0 0 0
6 0 0 0 0 0
7 0 0 0 0 0
8 0 0 0 0 0
9 0 0 0 0 0
10 0 0 0 0 0
11 0 0 0 0 0
12 0 0 0 0 0
13 0 0 0 0 0
14 0 0 0 0 0
15 0 0 0 0 0
16 0 0 0 0 0
17 0 0 0 0 0
18 0 0 0 0 0
19 0 0 0 0 0

OSS: Sending message to worker 0 PID 33376 at time 122:625000000
OSS: Receiving message from worker 0 PID 33376 at time 122:625000000
OSS PID:33375 SysClockS:122 SysClockNano:625000000
Process Table:
Entry Occupied PID StartS StartN MessagesSent
0 1 33376 1 0 487
1 1 33377 2 0 483
2 0 0 0 0 0
3 0 0 0 0 0
4 0 0 0 0 0
5 0 0 0 0 0
6 0 0 0 0 0
7 0 0 0 0 0
8 0 0 0 0 0
9 0 0 0 0 0
10 0 0 0 0 0
11 0 0 0 0 0
12 0 0 0 0 0
13 0 0 0 0 0
14 0 0 0 0 0
15 0 0 0 0 0
16 0 0 0 0 0
17 0 0 0 0 0
18 0 0 0 0 0
19 0 0 0 0 0

OSS: Sending message to worker 1 PID 33377 at time 122:750000000
OSS: Receiving message from worker 1 PID 33377 at time 122:750000000
OSS PID:33375 SysClockS:122 SysClockNano:750000000
Process Table:
Entry Occupied PID StartS StartN MessagesSent
0 1 33376 1 0 487
1 1 33377 2 0 484
2 0 0 0 0 0
3 0 0 0 0 0
4 0 0 0 0 0
5 0 0 0 0 0
6 0 0 0 0 0
7 0 0 0 0 0
8 0 0 0 0 0
9 0 0 0 0 0
10 0 0 0 0 0
11 0 0 0 0 0
12 0 0 0 0 0
13 0 0 0 0 0
14 0 0 0 0 0
15 0 0 0 0 0
16 0 0 0 0 0
17 0 0 0 0 0
18 0 0 0 0 0
19 0 0 0 0 0

OSS: Sending message to worker 0 PID 33376 at time 122:875000000
OSS: Receiving message from worker 0 PID 33376 at time 122:875000000
OSS PID:33375 SysClockS:122 SysClockNano:875000000
Process Table:
Entry Occupied PID StartS StartN MessagesSent
0 1 33376 1 0 488
1 1 33377 2 0 484
2 0 0 0 0 0
3 0 0 0 0 0
4 0 0 0 0 0
5 0 0 0 0 0
6 0 0 0 0 0
7 0 0 0 0 0
8 0 0 0 0 0
9 0 0 0 0 0
10 0 0 0 0 0
11 0 0 0 0 0
12 0 0 0 0 0
13 0 0 0 0 0
14 0 0 0 0 0
15 0 0 0 0 0
16 0 0 0 0 0
17 0 0 0 0 0
18 0 0 0 0 0
19 0 0 0 0 0

OSS: Sending message to worker 1 PID 33377 at time 123:0
OSS: Receiving message from worker 1 PID 33377 at time 123:0
OSS PID:33375 SysClockS:123 SysClockNano:0
Process Table:
Entry Occupied PID StartS StartN MessagesSent
0 1 33376 1 0 488
1 1 33377 2 0 485
2 0 0 0 0 0
3 0 0 0 0 0
4 0 0 0 0 0
5 0 0 0 0 0
6 0 0 0 0 0
7 0 0 0 0 0
8 0 0 0 0 0
9 0 0 0 0 0
10 0 0 0 0 0
11 0 0 0 0 0
12 0 0 0 0 0
13 0 0 0 0 0
14 0 0 0 0 0
15 0 0 0 0 0
16 0 0 0 0 0
17 0 0 0 0 0
18 0 0 0 0 0
19 0 0 0 0 0

OSS: Sending message to worker 0 PID 33376 at time 123:125000000
OSS: Receiving message from worker 0 PID 33376 at time 123:125000000
OSS PID:33375 SysClockS:123 SysClockNano:125000000
Process Table:
Entry Occupied PID StartS StartN MessagesSent
0 1 33376 1 0 489
1 1 33377 2 0 485
2 0 0 0 0 0
3 0 0 0 0 0
4 0 0 0 0 0
5 0 0 0 0 0
6 0 0 0 0 0
7 0 0 0 0 0
8 0 0 0 0 0
9 0 0 0 0 0
10 0 0 0 0 0
11 0 0 0 0 0
12 0 0 0 0 0
13 0 0 0 0 0
14 0 0 0 0 0
15 0 0 0 0 0
16 0 0 0 0 0
17 0 0 0 0 0
18 0 0 0 0 0
19 0 0 0 0 0

OSS: Sending message to worker 1 PID 33377 at time 123:250000000
OSS: Receiving message from worker 1 PID 33377 at time 123:250000000
OSS PID:33375 SysClockS:123 SysClockNano:250000000
Process Table:
Entry Occupied PID StartS StartN MessagesSent
0 1 33376 1 0 489
1 1 33377 2 0 486
2 0 0 0 0 0
3 0 0 0 0 0
4 0 0 0 0 0
5 0 0 0 0 0
6 0 0 0 0 0
7 0 0 0 0 0
8 0 0 0 0 0
9 0 0 0 0 0
10 0 0 0 0 0
11 0 0 0 0 0
12 0 0 0 0 0
13 0 0 0 0 0
14 0 0 0 0 0
15 0 0 0 0 0
16 0 0 0 0 0
17 0 0 0 0 0
18 0 0 0 0 0
19 0 0 0 0 0

OSS: Sending message to worker 0 PID 33376 at time 123:375000000
OSS: Receiving message from worker 0 PID 33376 at time 123:375000000
OSS PID:33375 SysClockS:123 SysClockNano:375000000
Process Table:
Entry Occupied PID StartS StartN MessagesSent
0 1 33376 1 0 490
1 1 33377 2 0 486
2 0 0 0 0 0
3 0 0 0 0 0
4 0 0 0 0 0
5 0 0 0 0 0
6 0 0 0 0 0
7 0 0 0 0 0
8 0 0 0 0 0
9 0 0 0 0 0
10 0 0 0 0 0
11 0 0 0 0 0
12 0 0 0 0 0
13 0 0 0 0 0
14 0 0 0 0 0
15 0 0 0 0 0
16 0 0 0 0 0
17 0 0 0 0 0
18 0 0 0 0 0
19 0 0 0 0 0

OSS: Sending message to worker 1 PID 33377 at time 123:500000000
OSS: Receiving message from worker 1 PID 33377 at time 123:500000000
OSS PID:33375 SysClockS:123 SysClockNano:500000000
Process Table:
Entry Occupied PID StartS StartN MessagesSent
0 1 33376 1 0 490
1 1 33377 2 0 487
2 0 0 0 0 0
3 0 0 0 0 0
4 0 0 0 0 0
5 0 0 0 0 0
6 0 0 0 0 0
7 0 0 0 0 0
8 0 0 0 0 0
9 0 0 0 0 0
10 0 0 0 0 0
11 0 0 0 0 0
12 0 0 0 0 0
13 0 0 0 0 0
14 0 0 0 0 0
15 0 0 0 0 0
16 0 0 0 0 0
17 0 0 0 0 0
18 0 0 0 0 0
19 0 0 0 0 0

OSS: Sending message to worker 0 PID 33376 at time 123:625000000
OSS: Receiving message from worker 0 PID 33376 at time 123:625000000
OSS PID:33375 SysClockS:123 SysClockNano:625000000
Process Table:
Entry Occupied PID StartS StartN MessagesSent
0 1 33376 1 0 491
1 1 33377 2 0 487
2 0 0 0 0 0
3 0 0 0 0 0
4 0 0 0 0 0
5 0 0 0 0 0
6 0 0 0 0 0
7 0 0 0 0 0
8 0 0 0 0 0
9 0 0 0 0 0
10 0 0 0 0 0
11 0 0 0 0 0
12 0 0 0 0 0
13 0 0 0 0 0
14 0 0 0 0 0
15 0 0 0 0 0
16 0 0 0 0 0
17 0 0 0 0 0
18 0 0 0 0 0
19 0 0 0 0 0

OSS: Sending message to worker 1 PID 33377 at time 123:750000000
OSS: Receiving message from worker 1 PID 33377 at time 123:750000000
OSS PID:33375 SysClockS:123 SysClockNano:750000000
Process Table:
Entry Occupied PID StartS StartN MessagesSent
0 1 33376 1 0 491
1 1 33377 2 0 488
2 0 0 0 0 0
3 0 0 0 0 0
4 0 0 0 0 0
5 0 0 0 0 0
6 0 0 0 0 0
7 0 0 0 0 0
8 0 0 0 0 0
9 0 0 0 0 0
10 0 0 0 0 0
11 0 0 0 0 0
12 0 0 0 0 0
13 0 0 0 0 0
14 0 0 0 0 0
15 0 0 0 0 0
16 0 0 0 0 0
17 0 0 0 0 0
18 0 0 0 0 0
19 0 0 0 0 0

OSS: Sending message to worker 0 PID 33376 at time 123:875000000
OSS: Receiving message from worker 0 PID 33376 at time 123:875000000
OSS PID:33375 SysClockS:123 SysClockNano:875000000
Process Table:
Entry Occupied PID StartS StartN MessagesSent
0 1 33376 1 0 492
1 1 33377 2 0 488
2 0 0 0 0 0
3 0 0 0 0 0
4 0 0 0 0 0
5 0 0 0 0 0
6 0 0 0 0 0
7 0 0 0 0 0
8 0 0 0 0 0
9 0 0 0 0 0
10 0 0 0 0 0
11 0 0 0 0 0
12 0 0 0 0 0
13 0 0 0 0 0
14 0 0 0 0 0
15 0 0 0 0 0
16 0 0 0 0 0
17 0 0 0 0 0
18 0 0 0 0 0
19 0 0 0 0 0

OSS: Sending message to worker 1 PID 33377 at time 124:0
OSS: Receiving message from worker 1 PID 33377 at time 124:0
OSS PID:33375 SysClockS:124 SysClockNano:0
Process Table:
Entry Occupied PID StartS StartN MessagesSent
0 1 33376 1 0 492
1 1 33377 2 0 489
2 0 0 0 0 0
3 0 0 0 0 0
4 0 0 0 0 0
5 0 0 0 0 0
6 0 0 0 0 0
7 0 0 0 0 0
8 0 0 0 0 0
9 0 0 0 0 0
10 0 0 0 0 0
11 0 0 0 0 0
12 0 0 0 0 0
13 0 0 0 0 0
14 0 0 0 0 0
15 0 0 0 0 0
16 0 0 0 0 0
17 0 0 0 0 0
18 0 0 0 0 0
19 0 0 0 0 0

OSS: Sending message to worker 0 PID 33376 at time 124:125000000
OSS: Receiving message from worker 0 PID 33376 at time 124:125000000
OSS PID:33375 SysClockS:124 SysClockNano:125000000
Process Table:
Entry Occupied PID StartS StartN MessagesSent
0 1 33376 1 0 493
1 1 33377 2 0 489
2 0 0 0 0 0
3 0 0 0 0 0
4 0 0 0 0 0
5 0 0 0 0 0
6 0 0 0 0 0
7 0 0 0 0 0
8 0 0 0 0 0
9 0 0 0 0 0
10 0 0 0 0 0
11 0 0 0 0 0
12 0 0 0 0 0
13 0 0 0 0 0
14 0 0 0 0 0
15 0 0 0 0 0
16 0 0 0 0 0
17 0 0 0 0 0
18 0 0 0 0 0
19 0 0 0 0 0

OSS: Sending message to worker 1 PID 33377 at time 124:250000000
OSS: Receiving message from worker 1 PID 33377 at time 124:250000000
OSS PID:33375 SysClockS:124 SysClockNano:250000000
Process Table:
Entry Occupied PID StartS StartN MessagesSent
0 1 33376 1 0 493
1 1 33377 2 0 490
2 0 0 0 0 0
3 0 0 0 0 0
4 0 0 0 0 0
5 0 0 0 0 0
6 0 0 0 0 0
7 0 0 0 0 0
8 0 0 0 0 0
9 0 0 0 0 0
10 0 0 0 0 0
11 0 0 0 0 0
12 0 0 0 0 0
13 0 0 0 0 0
14 0 0 0 0 0
15 0 0 0 0 0
16 0 0 0 0 0
17 0 0 0 0 0
18 0 0 0 0 0
19 0 0 0 0 0

OSS: Sending message to worker 0 PID 33376 at time 124:375000000
OSS: Receiving message from worker 0 PID 33376 at time 124:375000000
OSS PID:33375 SysClockS:124 SysClockNano:375000000
Process Table:
Entry Occupied PID StartS StartN MessagesSent
0 1 33376 1 0 494
1 1 33377 2 0 490
2 0 0 0 0 0
3 0 0 0 0 0
4 0 0 0 0 0
5 0 0 0 0 0
6 0 0 0 0 0
7 0 0 0 0 0
8 0 0 0 0 0
9 0 0 0 0 0
10 0 0 0 0 0
11 0 0 0 0 0
12 0 0 0 0 0
13 0 0 0 0 0
14 0 0 0 0 0
15 0 0 0 0 0
16 0 0 0 0 0
17 0 0 0 0 0
18 0 0 0 0 0
19 0 0 0 0 0

OSS: Sending message to worker 1 PID 33377 at time 124:500000000
OSS: Receiving message from worker 1 PID 33377 at time 124:500000000
OSS PID:33375 SysClockS:124 SysClockNano:500000000
Process Table:
Entry Occupied PID StartS StartN MessagesSent
0 1 33376 1 0 494
1 1 33377 2 0 491
2 0 0 0 0 0
3 0 0 0 0 0
4 0 0 0 0 0
5 0 0 0 0 0
6 0 0 0 0 0
7 0 0 0 0 0
8 0 0 0 0 0
9 0 0 0 0 0
10 0 0 0 0 0
11 0 0 0 0 0
12 0 0 0 0 0
13 0 0 0 0 0
14 0 0 0 0 0
15 0 0 0 0 0
16 0 0 0 0 0
17 0 0 0 0 0
18 0 0 0 0 0
19 0 0 0 0 0

OSS: Sending message to worker 0 PID 33376 at time 124:625000000
OSS: Receiving message from worker 0 PID 33376 at time 124:625000000
OSS PID:33375 SysClockS:124 SysClockNano:625000000
Process Table:
Entry Occupied PID StartS StartN MessagesSent
0 1 33376 1 0 495
1 1 33377 2 0 491
2 0 0 0 0 0
3 0 0 0 0 0
4 0 0 0 0 0
5 0 0 0 0 0
6 0 0 0 0 0
7 0 0 0 0 0
8 0 0 0 0 0
9 0 0 0 0 0
10 0 0 0 0 0
11 0 0 0 0 0
12 0 0 0 0 0
13 0 0 0 0 0
14 0 0 0 0 0
15 0 0 0 0 0
16 0 0 0 0 0
17 0 0 0 0 0
18 0 0 0 0 0
19 0 0 0 0 0

OSS: Sending message to worker 1 PID 33377 at time 124:750000000
OSS: Receiving message from worker 1 PID 33377 at time 124:750000000
OSS PID:33375 SysClockS:124 SysClockNano:750000000
Process Table:
Entry Occupied PID StartS StartN MessagesSent
0 1 33376 1 0 495
1 1 33377 2 0 492
2 0 0 0 0 0
3 0 0 0 0 0
4 0 0 0 0 0
5 0 0 0 0 0
6 0 0 0 0 0
7 0 0 0 0 0
8 0 0 0 0 0
9 0 0 0 0 0
10 0 0 0 0 0
11 0 0 0 0 0
12 0 0 0 0 0
13 0 0 0 0 0
14 0 0 0 0 0
15 0 0 0 0 0
16 0 0 0 0 0
17 0 0 0 0 0
18 0 0 0 0 0
19 0 0 0 0 0

OSS: Sending message to worker 0 PID 33376 at time 124:875000000
OSS: Receiving message from worker 0 PID 33376 at time 124:875000000
OSS PID:33375 SysClockS:124 SysClockNano:875000000
Process Table:
Entry Occupied PID StartS StartN MessagesSent
0 1 33376 1 0 496
1 1 33377 2 0 492
2 0 0 0 0 0
3 0 0 0 0 0
4 0 0 0 0 0
5 0 0 0 0 0
6 0 0 0 0 0
7 0 0 0 0 0
8 0 0 0 0 0
9 0 0 0 0 0
10 0 0 0 0 0
11 0 0 0 0 0
12 0 0 0 0 0
13 0 0 0 0 0
14 0 0 0 0 0
15 0 0 0 0 0
16 0 0 0 0 0
17 0 0 0 0 0
18 0 0 0 0 0
19 0 0 0 0 0

OSS: Sending message to worker 1 PID 33377 at time 125:0
OSS: Receiving message from worker 1 PID 33377 at time 125:0
OSS PID:33375 SysClockS:125 SysClockNano:0
Process Table:
Entry Occupied PID StartS StartN MessagesSent
0 1 33376 1 0 496
1 1 33377 2 0 493
2 0 0 0 0 0
3 0 0 0 0 0
4 0 0 0 0 0
5 0 0 0 0 0
6 0 0 0 0 0
7 0 0 0 0 0
8 0 0 0 0 0
9 0 0 0 0 0
10 0 0 0 0 0
11 0 0 0 0 0
12 0 0 0 0 0
13 0 0 0 0 0
14 0 0 0 0 0
15 0 0 0 0 0
16 0 0 0 0 0
17 0 0 0 0 0
18 0 0 0 0 0
19 0 0 0 0 0

OSS: Sending message to worker 0 PID 33376 at time 125:125000000
OSS: Receiving message from worker 0 PID 33376 at time 125:125000000
OSS PID:33375 SysClockS:125 SysClockNano:125000000
Process Table:
Entry Occupied PID StartS StartN MessagesSent
0 1 33376 1 0 497
1 1 33377 2 0 493
2 0 0 0 0 0
3 0 0 0 0 0
4 0 0 0 0 0
5 0 0 0 0 0
6 0 0 0 0 0
7 0 0 0 0 0
8 0 0 0 0 0
9 0 0 0 0 0
10 0 0 0 0 0
11 0 0 0 0 0
12 0 0 0 0 0
13 0 0 0 0 0
14 0 0 0 0 0
15 0 0 0 0 0
16 0 0 0 0 0
17 0 0 0 0 0
18 0 0 0 0 0
19 0 0 0 0 0

OSS: Sending message to worker 1 PID 33377 at time 125:250000000
OSS: Receiving message from worker 1 PID 33377 at time 125:250000000
OSS PID:33375 SysClockS:125 SysClockNano:250000000
Process Table:
Entry Occupied PID StartS StartN MessagesSent
0 1 33376 1 0 497
1 1 33377 2 0 494
2 0 0 0 0 0
3 0 0 0 0 0
4 0 0 0 0 0
5 0 0 0 0 0
6 0 0 0 0 0
7 0 0 0 0 0
8 0 0 0 0 0
9 0 0 0 0 0
10 0 0 0 0 0
11 0 0 0 0 0
12 0 0 0 0 0
13 0 0 0 0 0
14 0 0 0 0 0
15 0 0 0 0 0
16 0 0 0 0 0
17 0 0 0 0 0
18 0 0 0 0 0
19 0 0 0 0 0

OSS: Sending message to worker 0 PID 33376 at time 125:375000000
OSS: Receiving message from worker 0 PID 33376 at time 125:375000000
OSS PID:33375 SysClockS:125 SysClockNano:375000000
Process Table:
Entry Occupied PID StartS StartN MessagesSent
0 1 33376 1 0 498
1 1 33377 2 0 494
2 0 0 0 0 0
3 0 0 0 0 0
4 0 0 0 0 0
5 0 0 0 0 0
6 0 0 0 0 0
7 0 0 0 0 0
8 0 0 0 0 0
9 0 0 0 0 0
10 0 0 0 0 0
11 0 0 0 0 0
12 0 0 0 0 0
13 0 0 0 0 0
14 0 0 0 0 0
15 0 0 0 0 0
16 0 0 0 0 0
17 0 0 0 0 0
18 0 0 0 0 0
19 0 0 0 0 0

OSS: Sending message to worker 1 PID 33377 at time 125:500000000
OSS: Receiving message from worker 1 PID 33377 at time 125:500000000
OSS PID:33375 SysClockS:125 SysClockNano:500000000
Process Table:
Entry Occupied PID StartS StartN MessagesSent
0 1 33376 1 0 498
1 1 33377 2 0 495
2 0 0 0 0 0
3 0 0 0 0 0
4 0 0 0 0 0
5 0 0 0 0 0
6 0 0 0 0 0
7 0 0 0 0 0
8 0 0 0 0 0
9 0 0 0 0 0
10 0 0 0 0 0
11 0 0 0 0 0
12 0 0 0 0 0
13 0 0 0 0 0
14 0 0 0 0 0
15 0 0 0 0 0
16 0 0 0 0 0
17 0 0 0 0 0
18 0 0 0 0 0
19 0 0 0 0 0

OSS: Sending message to worker 0 PID 33376 at time 125:625000000
OSS: Receiving message from worker 0 PID 33376 at time 125:625000000
OSS PID:33375 SysClockS:125 SysClockNano:625000000
Process Table:
Entry Occupied PID StartS StartN MessagesSent
0 1 33376 1 0 499
1 1 33377 2 0 495
2 0 0 0 0 0
3 0 0 0 0 0
4 0 0 0 0 0
5 0 0 0 0 0
6 0 0 0 0 0
7 0 0 0 0 0
8 0 0 0 0 0
9 0 0 0 0 0
10 0 0 0 0 0
11 0 0 0 0 0
12 0 0 0 0 0
13 0 0 0 0 0
14 0 0 0 0 0
15 0 0 0 0 0
16 0 0 0 0 0
17 0 0 0 0 0
18 0 0 0 0 0
19 0 0 0 0 0

OSS: Sending message to worker 1 PID 33377 at time 125:750000000
OSS: Receiving message from worker 1 PID 33377 at time 125:750000000
OSS PID:33375 SysClockS:125 SysClockNano:750000000
Process Table:
Entry Occupied PID StartS StartN MessagesSent
0 1 33376 1 0 499
1 1 33377 2 0 496
2 0 0 0 0 0
3 0 0 0 0 0
4 0 0 0 0 0
5 0 0 0 0 0
6 0 0 0 0 0
7 0 0 0 0 0
8 0 0 0 0 0
9 0 0 0 0 0
10 0 0 0 0 0
11 0 0 0 0 0
12 0 0 0 0 0
13 0 0 0 0 0
14 0 0 0 0 0
15 0 0 0 0 0
16 0 0 0 0 0
17 0 0 0 0 0
18 0 0 0 0 0
19 0 0 0 0 0

OSS: Sending message to worker 0 PID 33376 at time 125:875000000
OSS: Receiving message from worker 0 PID 33376 at time 125:875000000
OSS PID:33375 SysClockS:125 SysClockNano:875000000
Process Table:
Entry Occupied PID StartS StartN MessagesSent
0 1 33376 1 0 500
1 1 33377 2 0 496
2 0 0 0 0 0
3 0 0 0 0 0
4 0 0 0 0 0
5 0 0 0 0 0
6 0 0 0 0 0
7 0 0 0 0 0
8 0 0 0 0 0
9 0 0 0 0 0
10 0 0 0 0 0
11 0 0 0 0 0
12 0 0 0 0 0
13 0 0 0 0 0
14 0 0 0 0 0
15 0 0 0 0 0
16 0 0 0 0 0
17 0 0 0 0 0
18 0 0 0 0 0
19 0 0 0 0 0

OSS: Sending message to worker 1 PID 33377 at time 126:0
OSS: Receiving message from worker 1 PID 33377 at time 126:0
OSS PID:33375 SysClockS:126 SysClockNano:0
Process Table:
Entry Occupied PID StartS StartN MessagesSent
0 1 33376 1 0 500
1 1 33377 2 0 497
2 0 0 0 0 0
3 0 0 0 0 0
4 0 0 0 0 0
5 0 0 0 0 0
6 0 0 0 0 0
7 0 0 0 0 0
8 0 0 0 0 0
9 0 0 0 0 0
10 0 0 0 0 0
11 0 0 0 0 0
12 0 0 0 0 0
13 0 0 0 0 0
14 0 0 0 0 0
15 0 0 0 0 0
16 0 0 0 0 0
17 0 0 0 0 0
18 0 0 0 0 0
19 0 0 0 0 0

OSS: Sending message to worker 0 PID 33376 at time 126:125000000
OSS: Receiving message from worker 0 PID 33376 at time 126:125000000
OSS PID:33375 SysClockS:126 SysClockNano:125000000
Process Table:
Entry Occupied PID StartS StartN MessagesSent
0 1 33376 1 0 501
1 1 33377 2 0 497
2 0 0 0 0 0
3 0 0 0 0 0
4 0 0 0 0 0
5 0 0 0 0 0
6 0 0 0 0 0
7 0 0 0 0 0
8 0 0 0 0 0
9 0 0 0 0 0
10 0 0 0 0 0
11 0 0 0 0 0
12 0 0 0 0 0
13 0 0 0 0 0
14 0 0 0 0 0
15 0 0 0 0 0
16 0 0 0 0 0
17 0 0 0 0 0
18 0 0 0 0 0
19 0 0 0 0 0

OSS: Sending message to worker 1 PID 33377 at time 126:250000000
OSS: Receiving message from worker 1 PID 33377 at time 126:250000000
OSS PID:33375 SysClockS:126 SysClockNano:250000000
Process Table:
Entry Occupied PID StartS StartN MessagesSent
0 1 33376 1 0 501
1 1 33377 2 0 498
2 0 0 0 0 0
3 0 0 0 0 0
4 0 0 0 0 0
5 0 0 0 0 0
6 0 0 0 0 0
7 0 0 0 0 0
8 0 0 0 0 0
9 0 0 0 0 0
10 0 0 0 0 0
11 0 0 0 0 0
12 0 0 0 0 0
13 0 0 0 0 0
14 0 0 0 0 0
15 0 0 0 0 0
16 0 0 0 0 0
17 0 0 0 0 0
18 0 0 0 0 0
19 0 0 0 0 0

OSS: Sending message to worker 0 PID 33376 at time 126:375000000
OSS: Receiving message from worker 0 PID 33376 at time 126:375000000
OSS PID:33375 SysClockS:126 SysClockNano:375000000
Process Table:
Entry Occupied PID StartS StartN MessagesSent
0 1 33376 1 0 502
1 1 33377 2 0 498
2 0 0 0 0 0
3 0 0 0 0 0
4 0 0 0 0 0
5 0 0 0 0 0
6 0 0 0 0 0
7 0 0 0 0 0
8 0 0 0 0 0
9 0 0 0 0 0
10 0 0 0 0 0
11 0 0 0 0 0
12 0 0 0 0 0
13 0 0 0 0 0
14 0 0 0 0 0
15 0 0 0 0 0
16 0 0 0 0 0
17 0 0 0 0 0
18 0 0 0 0 0
19 0 0 0 0 0

OSS: Sending message to worker 1 PID 33377 at time 126:500000000
OSS: Receiving message from worker 1 PID 33377 at time 126:500000000
OSS PID:33375 SysClockS:126 SysClockNano:500000000
Process Table:
Entry Occupied PID StartS StartN MessagesSent
0 1 33376 1 0 502
1 1 33377 2 0 499
2 0 0 0 0 0
3 0 0 0 0 0
4 0 0 0 0 0
5 0 0 0 0 0
6 0 0 0 0 0
7 0 0 0 0 0
8 0 0 0 0 0
9 0 0 0 0 0
10 0 0 0 0 0
11 0 0 0 0 0
12 0 0 0 0 0
13 0 0 0 0 0
14 0 0 0 0 0
15 0 0 0 0 0
16 0 0 0 0 0
17 0 0 0 0 0
18 0 0 0 0 0
19 0 0 0 0 0

OSS: Sending message to worker 0 PID 33376 at time 126:625000000
OSS: Receiving message from worker 0 PID 33376 at time 126:625000000
OSS PID:33375 SysClockS:126 SysClockNano:625000000
Process Table:
Entry Occupied PID StartS StartN MessagesSent
0 1 33376 1 0 503
1 1 33377 2 0 499
2 0 0 0 0 0
3 0 0 0 0 0
4 0 0 0 0 0
5 0 0 0 0 0
6 0 0 0 0 0
7 0 0 0 0 0
8 0 0 0 0 0
9 0 0 0 0 0
10 0 0 0 0 0
11 0 0 0 0 0
12 0 0 0 0 0
13 0 0 0 0 0
14 0 0 0 0 0
15 0 0 0 0 0
16 0 0 0 0 0
17 0 0 0 0 0
18 0 0 0 0 0
19 0 0 0 0 0

OSS: Sending message to worker 1 PID 33377 at time 126:750000000
OSS: Receiving message from worker 1 PID 33377 at time 126:750000000
OSS PID:33375 SysClockS:126 SysClockNano:750000000
Process Table:
Entry Occupied PID StartS StartN MessagesSent
0 1 33376 1 0 503
1 1 33377 2 0 500
2 0 0 0 0 0
3 0 0 0 0 0
4 0 0 0 0 0
5 0 0 0 0 0
6 0 0 0 0 0
7 0 0 0 0 0
8 0 0 0 0 0
9 0 0 0 0 0
10 0 0 0 0 0
11 0 0 0 0 0
12 0 0 0 0 0
13 0 0 0 0 0
14 0 0 0 0 0
15 0 0 0 0 0
16 0 0 0 0 0
17 0 0 0 0 0
18 0 0 0 0 0
19 0 0 0 0 0

OSS: Sending message to worker 0 PID 33376 at time 126:875000000
OSS: Receiving message from worker 0 PID 33376 at time 126:875000000
OSS PID:33375 SysClockS:126 SysClockNano:875000000
Process Table:
Entry Occupied PID StartS StartN MessagesSent
0 1 33376 1 0 504
1 1 33377 2 0 500
2 0 0 0 0 0
3 0 0 0 0 0
4 0 0 0 0 0
5 0 0 0 0 0
6 0 0 0 0 0
7 0 0 0 0 0
8 0 0 0 0 0
9 0 0 0 0 0
10 0 0 0 0 0
11 0 0 0 0 0
12 0 0 0 0 0
13 0 0 0 0 0
14 0 0 0 0 0
15 0 0 0 0 0
16 0 0 0 0 0
17 0 0 0 0 0
18 0 0 0 0 0
19 0 0 0 0 0

OSS: Sending message to worker 1 PID 33377 at time 127:0
OSS: Receiving message from worker 1 PID 33377 at time 127:0
OSS PID:33375 SysClockS:127 SysClockNano:0
Process Table:
Entry Occupied PID StartS StartN MessagesSent
0 1 33376 1 0 504
1 1 33377 2 0 501
2 0 0 0 0 0
3 0 0 0 0 0
4 0 0 0 0 0
5 0 0 0 0 0
6 0 0 0 0 0
7 0 0 0 0 0
8 0 0 0 0 0
9 0 0 0 0 0
10 0 0 0 0 0
11 0 0 0 0 0
12 0 0 0 0 0
13 0 0 0 0 0
14 0 0 0 0 0
15 0 0 0 0 0
16 0 0 0 0 0
17 0 0 0 0 0
18 0 0 0 0 0
19 0 0 0 0 0

OSS: Sending message to worker 0 PID 33376 at time 127:125000000
OSS: Receiving message from worker 0 PID 33376 at time 127:125000000
OSS PID:33375 SysClockS:127 SysClockNano:125000000
Process Table:
Entry Occupied PID StartS StartN MessagesSent
0 1 33376 1 0 505
1 1 33377 2 0 501
2 0 0 0 0 0
3 0 0 0 0 0
4 0 0 0 0 0
5 0 0 0 0 0
6 0 0 0 0 0
7 0 0 0 0 0
8 0 0 0 0 0
9 0 0 0 0 0
10 0 0 0 0 0
11 0 0 0 0 0
12 0 0 0 0 0
13 0 0 0 0 0
14 0 0 0 0 0
15 0 0 0 0 0
16 0 0 0 0 0
17 0 0 0 0 0
18 0 0 0 0 0
19 0 0 0 0 0

OSS: Sending message to worker 1 PID 33377 at time 127:250000000
OSS: Receiving message from worker 1 PID 33377 at time 127:250000000
OSS PID:33375 SysClockS:127 SysClockNano:250000000
Process Table:
Entry Occupied PID StartS StartN MessagesSent
0 1 33376 1 0 505
1 1 33377 2 0 502
2 0 0 0 0 0
3 0 0 0 0 0
4 0 0 0 0 0
5 0 0 0 0 0
6 0 0 0 0 0
7 0 0 0 0 0
8 0 0 0 0 0
9 0 0 0 0 0
10 0 0 0 0 0
11 0 0 0 0 0
12 0 0 0 0 0
13 0 0 0 0 0
14 0 0 0 0 0
15 0 0 0 0 0
16 0 0 0 0 0
17 0 0 0 0 0
18 0 0 0 0 0
19 0 0 0 0 0

OSS: Sending message to worker 0 PID 33376 at time 127:375000000
OSS: Receiving message from worker 0 PID 33376 at time 127:375000000
OSS PID:33375 SysClockS:127 SysClockNano:375000000
Process Table:
Entry Occupied PID StartS StartN MessagesSent
0 1 33376 1 0 506
1 1 33377 2 0 502
2 0 0 0 0 0
3 0 0 0 0 0
4 0 0 0 0 0
5 0 0 0 0 0
6 0 0 0 0 0
7 0 0 0 0 0
8 0 0 0 0 0
9 0 0 0 0 0
10 0 0 0 0 0
11 0 0 0 0 0
12 0 0 0 0 0
13 0 0 0 0 0
14 0 0 0 0 0
15 0 0 0 0 0
16 0 0 0 0 0
17 0 0 0 0 0
18 0 0 0 0 0
19 0 0 0 0 0

OSS: Sending message to worker 1 PID 33377 at time 127:500000000
OSS: Receiving message from worker 1 PID 33377 at time 127:500000000
OSS PID:33375 SysClockS:127 SysClockNano:500000000
Process Table:
Entry Occupied PID StartS StartN MessagesSent
0 1 33376 1 0 506
1 1 33377 2 0 503
2 0 0 0 0 0
3 0 0 0 0 0
4 0 0 0 0 0
5 0 0 0 0 0
6 0 0 0 0 0
7 0 0 0 0 0
8 0 0 0 0 0
9 0 0 0 0 0
10 0 0 0 0 0
11 0 0 0 0 0
12 0 0 0 0 0
13 0 0 0 0 0
14 0 0 0 0 0
15 0 0 0 0 0
16 0 0 0 0 0
17 0 0 0 0 0
18 0 0 0 0 0
19 0 0 0 0 0

OSS: Sending message to worker 0 PID 33376 at time 127:625000000
OSS: Receiving message from worker 0 PID 33376 at time 127:625000000
OSS PID:33375 SysClockS:127 SysClockNano:625000000
Process Table:
Entry Occupied PID StartS StartN MessagesSent
0 1 33376 1 0 507
1 1 33377 2 0 503
2 0 0 0 0 0
3 0 0 0 0 0
4 0 0 0 0 0
5 0 0 0 0 0
6 0 0 0 0 0
7 0 0 0 0 0
8 0 0 0 0 0
9 0 0 0 0 0
10 0 0 0 0 0
11 0 0 0 0 0
12 0 0 0 0 0
13 0 0 0 0 0
14 0 0 0 0 0
15 0 0 0 0 0
16 0 0 0 0 0
17 0 0 0 0 0
18 0 0 0 0 0
19 0 0 0 0 0

OSS: Sending message to worker 1 PID 33377 at time 127:750000000
OSS: Receiving message from worker 1 PID 33377 at time 127:750000000
OSS PID:33375 SysClockS:127 SysClockNano:750000000
Process Table:
Entry Occupied PID StartS StartN MessagesSent
0 1 33376 1 0 507
1 1 33377 2 0 504
2 0 0 0 0 0
3 0 0 0 0 0
4 0 0 0 0 0
5 0 0 0 0 0
6 0 0 0 0 0
7 0 0 0 0 0
8 0 0 0 0 0
9 0 0 0 0 0
10 0 0 0 0 0
11 0 0 0 0 0
12 0 0 0 0 0
13 0 0 0 0 0
14 0 0 0 0 0
15 0 0 0 0 0
16 0 0 0 0 0
17 0 0 0 0 0
18 0 0 0 0 0
19 0 0 0 0 0

OSS: Sending message to worker 0 PID 33376 at time 127:875000000
OSS: Receiving message from worker 0 PID 33376 at time 127:875000000
OSS PID:33375 SysClockS:127 SysClockNano:875000000
Process Table:
Entry Occupied PID StartS StartN MessagesSent
0 1 33376 1 0 508
1 1 33377 2 0 504
2 0 0 0 0 0
3 0 0 0 0 0
4 0 0 0 0 0
5 0 0 0 0 0
6 0 0 0 0 0
7 0 0 0 0 0
8 0 0 0 0 0
9 0 0 0 0 0
10 0 0 0 0 0
11 0 0 0 0 0
12 0 0 0 0 0
13 0 0 0 0 0
14 0 0 0 0 0
15 0 0 0 0 0
16 0 0 0 0 0
17 0 0 0 0 0
18 0 0 0 0 0
19 0 0 0 0 0

OSS: Sending message to worker 1 PID 33377 at time 128:0
OSS: Receiving message from worker 1 PID 33377 at time 128:0
OSS PID:33375 SysClockS:128 SysClockNano:0
Process Table:
Entry Occupied PID StartS StartN MessagesSent
0 1 33376 1 0 508
1 1 33377 2 0 505
2 0 0 0 0 0
3 0 0 0 0 0
4 0 0 0 0 0
5 0 0 0 0 0
6 0 0 0 0 0
7 0 0 0 0 0
8 0 0 0 0 0
9 0 0 0 0 0
10 0 0 0 0 0
11 0 0 0 0 0
12 0 0 0 0 0
13 0 0 0 0 0
14 0 0 0 0 0
15 0 0 0 0 0
16 0 0 0 0 0
17 0 0 0 0 0
18 0 0 0 0 0
19 0 0 0 0 0

OSS: Sending message to worker 0 PID 33376 at time 128:125000000
OSS: Receiving message from worker 0 PID 33376 at time 128:125000000
OSS PID:33375 SysClockS:128 SysClockNano:125000000
Process Table:
Entry Occupied PID StartS StartN MessagesSent
0 1 33376 1 0 509
1 1 33377 2 0 505
2 0 0 0 0 0
3 0 0 0 0 0
4 0 0 0 0 0
5 0 0 0 0 0
6 0 0 0 0 0
7 0 0 0 0 0
8 0 0 0 0 0
9 0 0 0 0 0
10 0 0 0 0 0
11 0 0 0 0 0
12 0 0 0 0 0
13 0 0 0 0 0
14 0 0 0 0 0
15 0 0 0 0 0
16 0 0 0 0 0
17 0 0 0 0 0
18 0 0 0 0 0
19 0 0 0 0 0

OSS: Sending message to worker 1 PID 33377 at time 128:250000000
OSS: Receiving message from worker 1 PID 33377 at time 128:250000000
OSS PID:33375 SysClockS:128 SysClockNano:250000000
Process Table:
Entry Occupied PID StartS StartN MessagesSent
0 1 33376 1 0 509
1 1 33377 2 0 506
2 0 0 0 0 0
3 0 0 0 0 0
4 0 0 0 0 0
5 0 0 0 0 0
6 0 0 0 0 0
7 0 0 0 0 0
8 0 0 0 0 0
9 0 0 0 0 0
10 0 0 0 0 0
11 0 0 0 0 0
12 0 0 0 0 0
13 0 0 0 0 0
14 0 0 0 0 0
15 0 0 0 0 0
16 0 0 0 0 0
17 0 0 0 0 0
18 0 0 0 0 0
19 0 0 0 0 0

OSS: Sending message to worker 0 PID 33376 at time 128:375000000
OSS: Receiving message from worker 0 PID 33376 at time 128:375000000
OSS PID:33375 SysClockS:128 SysClockNano:375000000
Process Table:
Entry Occupied PID StartS StartN MessagesSent
0 1 33376 1 0 510
1 1 33377 2 0 506
2 0 0 0 0 0
3 0 0 0 0 0
4 0 0 0 0 0
5 0 0 0 0 0
6 0 0 0 0 0
7 0 0 0 0 0
8 0 0 0 0 0
9 0 0 0 0 0
10 0 0 0 0 0
11 0 0 0 0 0
12 0 0 0 0 0
13 0 0 0 0 0
14 0 0 0 0 0
15 0 0 0 0 0
16 0 0 0 0 0
17 0 0 0 0 0
18 0 0 0 0 0
19 0 0 0 0 0

OSS: Sending message to worker 1 PID 33377 at time 128:500000000
OSS: Receiving message from worker 1 PID 33377 at time 128:500000000
OSS PID:33375 SysClockS:128 SysClockNano:500000000
Process Table:
Entry Occupied PID StartS StartN MessagesSent
0 1 33376 1 0 510
1 1 33377 2 0 507
2 0 0 0 0 0
3 0 0 0 0 0
4 0 0 0 0 0
5 0 0 0 0 0
6 0 0 0 0 0
7 0 0 0 0 0
8 0 0 0 0 0
9 0 0 0 0 0
10 0 0 0 0 0
11 0 0 0 0 0
12 0 0 0 0 0
13 0 0 0 0 0
14 0 0 0 0 0
15 0 0 0 0 0
16 0 0 0 0 0
17 0 0 0 0 0
18 0 0 0 0 0
19 0 0 0 0 0

OSS: Sending message to worker 0 PID 33376 at time 128:625000000
OSS: Receiving message from worker 0 PID 33376 at time 128:625000000
OSS PID:33375 SysClockS:128 SysClockNano:625000000
Process Table:
Entry Occupied PID StartS StartN MessagesSent
0 1 33376 1 0 511
1 1 33377 2 0 507
2 0 0 0 0 0
3 0 0 0 0 0
4 0 0 0 0 0
5 0 0 0 0 0
6 0 0 0 0 0
7 0 0 0 0 0
8 0 0 0 0 0
9 0 0 0 0 0
10 0 0 0 0 0
11 0 0 0 0 0
12 0 0 0 0 0
13 0 0 0 0 0
14 0 0 0 0 0
15 0 0 0 0 0
16 0 0 0 0 0
17 0 0 0 0 0
18 0 0 0 0 0
19 0 0 0 0 0

OSS: Sending message to worker 1 PID 33377 at time 128:750000000
OSS: Receiving message from worker 1 PID 33377 at time 128:750000000
OSS PID:33375 SysClockS:128 SysClockNano:750000000
Process Table:
Entry Occupied PID StartS StartN MessagesSent
0 1 33376 1 0 511
1 1 33377 2 0 508
2 0 0 0 0 0
3 0 0 0 0 0
4 0 0 0 0 0
5 0 0 0 0 0
6 0 0 0 0 0
7 0 0 0 0 0
8 0 0 0 0 0
9 0 0 0 0 0
10 0 0 0 0 0
11 0 0 0 0 0
12 0 0 0 0 0
13 0 0 0 0 0
14 0 0 0 0 0
15 0 0 0 0 0
16 0 0 0 0 0
17 0 0 0 0 0
18 0 0 0 0 0
19 0 0 0 0 0

OSS: Sending message to worker 0 PID 33376 at time 128:875000000
OSS: Receiving message from worker 0 PID 33376 at time 128:875000000
OSS PID:33375 SysClockS:128 SysClockNano:875000000
Process Table:
Entry Occupied PID StartS StartN MessagesSent
0 1 33376 1 0 512
1 1 33377 2 0 508
2 0 0 0 0 0
3 0 0 0 0 0
4 0 0 0 0 0
5 0 0 0 0 0
6 0 0 0 0 0
7 0 0 0 0 0
8 0 0 0 0 0
9 0 0 0 0 0
10 0 0 0 0 0
11 0 0 0 0 0
12 0 0 0 0 0
13 0 0 0 0 0
14 0 0 0 0 0
15 0 0 0 0 0
16 0 0 0 0 0
17 0 0 0 0 0
18 0 0 0 0 0
19 0 0 0 0 0

OSS: Sending message to worker 1 PID 33377 at time 129:0
OSS: Receiving message from worker 1 PID 33377 at time 129:0
OSS PID:33375 SysClockS:129 SysClockNano:0
Process Table:
Entry Occupied PID StartS StartN MessagesSent
0 1 33376 1 0 512
1 1 33377 2 0 509
2 0 0 0 0 0
3 0 0 0 0 0
4 0 0 0 0 0
5 0 0 0 0 0
6 0 0 0 0 0
7 0 0 0 0 0
8 0 0 0 0 0
9 0 0 0 0 0
10 0 0 0 0 0
11 0 0 0 0 0
12 0 0 0 0 0
13 0 0 0 0 0
14 0 0 0 0 0
15 0 0 0 0 0
16 0 0 0 0 0
17 0 0 0 0 0
18 0 0 0 0 0
19 0 0 0 0 0

OSS: Sending message to worker 0 PID 33376 at time 129:125000000
OSS: Receiving message from worker 0 PID 33376 at time 129:125000000
OSS PID:33375 SysClockS:129 SysClockNano:125000000
Process Table:
Entry Occupied PID StartS StartN MessagesSent
0 1 33376 1 0 513
1 1 33377 2 0 509
2 0 0 0 0 0
3 0 0 0 0 0
4 0 0 0 0 0
5 0 0 0 0 0
6 0 0 0 0 0
7 0 0 0 0 0
8 0 0 0 0 0
9 0 0 0 0 0
10 0 0 0 0 0
11 0 0 0 0 0
12 0 0 0 0 0
13 0 0 0 0 0
14 0 0 0 0 0
15 0 0 0 0 0
16 0 0 0 0 0
17 0 0 0 0 0
18 0 0 0 0 0
19 0 0 0 0 0

OSS: Sending message to worker 1 PID 33377 at time 129:250000000
OSS: Receiving message from worker 1 PID 33377 at time 129:250000000
OSS PID:33375 SysClockS:129 SysClockNano:250000000
Process Table:
Entry Occupied PID StartS StartN MessagesSent
0 1 33376 1 0 513
1 1 33377 2 0 510
2 0 0 0 0 0
3 0 0 0 0 0
4 0 0 0 0 0
5 0 0 0 0 0
6 0 0 0 0 0
7 0 0 0 0 0
8 0 0 0 0 0
9 0 0 0 0 0
10 0 0 0 0 0
11 0 0 0 0 0
12 0 0 0 0 0
13 0 0 0 0 0
14 0 0 0 0 0
15 0 0 0 0 0
16 0 0 0 0 0
17 0 0 0 0 0
18 0 0 0 0 0
19 0 0 0 0 0

OSS: Sending message to worker 0 PID 33376 at time 129:375000000
OSS: Receiving message from worker 0 PID 33376 at time 129:375000000
OSS PID:33375 SysClockS:129 SysClockNano:375000000
Process Table:
Entry Occupied PID StartS StartN MessagesSent
0 1 33376 1 0 514
1 1 33377 2 0 510
2 0 0 0 0 0
3 0 0 0 0 0
4 0 0 0 0 0
5 0 0 0 0 0
6 0 0 0 0 0
7 0 0 0 0 0
8 0 0 0 0 0
9 0 0 0 0 0
10 0 0 0 0 0
11 0 0 0 0 0
12 0 0 0 0 0
13 0 0 0 0 0
14 0 0 0 0 0
15 0 0 0 0 0
16 0 0 0 0 0
17 0 0 0 0 0
18 0 0 0 0 0
19 0 0 0 0 0

OSS: Sending message to worker 1 PID 33377 at time 129:500000000
OSS: Receiving message from worker 1 PID 33377 at time 129:500000000
OSS PID:33375 SysClockS:129 SysClockNano:500000000
Process Table:
Entry Occupied PID StartS StartN MessagesSent
0 1 33376 1 0 514
1 1 33377 2 0 511
2 0 0 0 0 0
3 0 0 0 0 0
4 0 0 0 0 0
5 0 0 0 0 0
6 0 0 0 0 0
7 0 0 0 0 0
8 0 0 0 0 0
9 0 0 0 0 0
10 0 0 0 0 0
11 0 0 0 0 0
12 0 0 0 0 0
13 0 0 0 0 0
14 0 0 0 0 0
15 0 0 0 0 0
16 0 0 0 0 0
17 0 0 0 0 0
18 0 0 0 0 0
19 0 0 0 0 0

OSS: Sending message to worker 0 PID 33376 at time 129:625000000
OSS: Receiving message from worker 0 PID 33376 at time 129:625000000
OSS PID:33375 SysClockS:129 SysClockNano:625000000
Process Table:
Entry Occupied PID StartS StartN MessagesSent
0 1 33376 1 0 515
1 1 33377 2 0 511
2 0 0 0 0 0
3 0 0 0 0 0
4 0 0 0 0 0
5 0 0 0 0 0
6 0 0 0 0 0
7 0 0 0 0 0
8 0 0 0 0 0
9 0 0 0 0 0
10 0 0 0 0 0
11 0 0 0 0 0
12 0 0 0 0 0
13 0 0 0 0 0
14 0 0 0 0 0
15 0 0 0 0 0
16 0 0 0 0 0
17 0 0 0 0 0
18 0 0 0 0 0
19 0 0 0 0 0

OSS: Sending message to worker 1 PID 33377 at time 129:750000000
OSS: Receiving message from worker 1 PID 33377 at time 129:750000000
OSS PID:33375 SysClockS:129 SysClockNano:750000000
Process Table:
Entry Occupied PID StartS StartN MessagesSent
0 1 33376 1 0 515
1 1 33377 2 0 512
2 0 0 0 0 0
3 0 0 0 0 0
4 0 0 0 0 0
5 0 0 0 0 0
6 0 0 0 0 0
7 0 0 0 0 0
8 0 0 0 0 0
9 0 0 0 0 0
10 0 0 0 0 0
11 0 0 0 0 0
12 0 0 0 0 0
13 0 0 0 0 0
14 0 0 0 0 0
15 0 0 0 0 0
16 0 0 0 0 0
17 0 0 0 0 0
18 0 0 0 0 0
19 0 0 0 0 0

OSS: Sending message to worker 0 PID 33376 at time 129:875000000
OSS: Receiving message from worker 0 PID 33376 at time 129:875000000
OSS PID:33375 SysClockS:129 SysClockNano:875000000
Process Table:
Entry Occupied PID StartS StartN MessagesSent
0 1 33376 1 0 516
1 1 33377 2 0 512
2 0 0 0 0 0
3 0 0 0 0 0
4 0 0 0 0 0
5 0 0 0 0 0
6 0 0 0 0 0
7 0 0 0 0 0
8 0 0 0 0 0
9 0 0 0 0 0
10 0 0 0 0 0
11 0 0 0 0 0
12 0 0 0 0 0
13 0 0 0 0 0
14 0 0 0 0 0
15 0 0 0 0 0
16 0 0 0 0 0
17 0 0 0 0 0
18 0 0 0 0 0
19 0 0 0 0 0

OSS: Sending message to worker 1 PID 33377 at time 130:0
OSS: Receiving message from worker 1 PID 33377 at time 130:0
OSS PID:33375 SysClockS:130 SysClockNano:0
Process Table:
Entry Occupied PID StartS StartN MessagesSent
0 1 33376 1 0 516
1 1 33377 2 0 513
2 0 0 0 0 0
3 0 0 0 0 0
4 0 0 0 0 0
5 0 0 0 0 0
6 0 0 0 0 0
7 0 0 0 0 0
8 0 0 0 0 0
9 0 0 0 0 0
10 0 0 0 0 0
11 0 0 0 0 0
12 0 0 0 0 0
13 0 0 0 0 0
14 0 0 0 0 0
15 0 0 0 0 0
16 0 0 0 0 0
17 0 0 0 0 0
18 0 0 0 0 0
19 0 0 0 0 0

OSS: Sending message to worker 0 PID 33376 at time 130:125000000
OSS: Receiving message from worker 0 PID 33376 at time 130:125000000
OSS PID:33375 SysClockS:130 SysClockNano:125000000
Process Table:
Entry Occupied PID StartS StartN MessagesSent
0 1 33376 1 0 517
1 1 33377 2 0 513
2 0 0 0 0 0
3 0 0 0 0 0
4 0 0 0 0 0
5 0 0 0 0 0
6 0 0 0 0 0
7 0 0 0 0 0
8 0 0 0 0 0
9 0 0 0 0 0
10 0 0 0 0 0
11 0 0 0 0 0
12 0 0 0 0 0
13 0 0 0 0 0
14 0 0 0 0 0
15 0 0 0 0 0
16 0 0 0 0 0
17 0 0 0 0 0
18 0 0 0 0 0
19 0 0 0 0 0

OSS: Sending message to worker 1 PID 33377 at time 130:250000000
OSS: Receiving message from worker 1 PID 33377 at time 130:250000000
OSS PID:33375 SysClockS:130 SysClockNano:250000000
Process Table:
Entry Occupied PID StartS StartN MessagesSent
0 1 33376 1 0 517
1 1 33377 2 0 514
2 0 0 0 0 0
3 0 0 0 0 0
4 0 0 0 0 0
5 0 0 0 0 0
6 0 0 0 0 0
7 0 0 0 0 0
8 0 0 0 0 0
9 0 0 0 0 0
10 0 0 0 0 0
11 0 0 0 0 0
12 0 0 0 0 0
13 0 0 0 0 0
14 0 0 0 0 0
15 0 0 0 0 0
16 0 0 0 0 0
17 0 0 0 0 0
18 0 0 0 0 0
19 0 0 0 0 0

OSS: Sending message to worker 0 PID 33376 at time 130:375000000
OSS: Receiving message from worker 0 PID 33376 at time 130:375000000
OSS PID:33375 SysClockS:130 SysClockNano:375000000
Process Table:
Entry Occupied PID StartS StartN MessagesSent
0 1 33376 1 0 518
1 1 33377 2 0 514
2 0 0 0 0 0
3 0 0 0 0 0
4 0 0 0 0 0
5 0 0 0 0 0
6 0 0 0 0 0
7 0 0 0 0 0
8 0 0 0 0 0
9 0 0 0 0 0
10 0 0 0 0 0
11 0 0 0 0 0
12 0 0 0 0 0
13 0 0 0 0 0
14 0 0 0 0 0
15 0 0 0 0 0
16 0 0 0 0 0
17 0 0 0 0 0
18 0 0 0 0 0
19 0 0 0 0 0

OSS: Sending message to worker 1 PID 33377 at time 130:500000000
OSS: Receiving message from worker 1 PID 33377 at time 130:500000000
OSS PID:33375 SysClockS:130 SysClockNano:500000000
Process Table:
Entry Occupied PID StartS StartN MessagesSent
0 1 33376 1 0 518
1 1 33377 2 0 515
2 0 0 0 0 0
3 0 0 0 0 0
4 0 0 0 0 0
5 0 0 0 0 0
6 0 0 0 0 0
7 0 0 0 0 0
8 0 0 0 0 0
9 0 0 0 0 0
10 0 0 0 0 0
11 0 0 0 0 0
12 0 0 0 0 0
13 0 0 0 0 0
14 0 0 0 0 0
15 0 0 0 0 0
16 0 0 0 0 0
17 0 0 0 0 0
18 0 0 0 0 0
19 0 0 0 0 0

OSS: Sending message to worker 0 PID 33376 at time 130:625000000
OSS: Receiving message from worker 0 PID 33376 at time 130:625000000
OSS PID:33375 SysClockS:130 SysClockNano:625000000
Process Table:
Entry Occupied PID StartS StartN MessagesSent
0 1 33376 1 0 519
1 1 33377 2 0 515
2 0 0 0 0 0
3 0 0 0 0 0
4 0 0 0 0 0
5 0 0 0 0 0
6 0 0 0 0 0
7 0 0 0 0 0
8 0 0 0 0 0
9 0 0 0 0 0
10 0 0 0 0 0
11 0 0 0 0 0
12 0 0 0 0 0
13 0 0 0 0 0
14 0 0 0 0 0
15 0 0 0 0 0
16 0 0 0 0 0
17 0 0 0 0 0
18 0 0 0 0 0
19 0 0 0 0 0

OSS: Sending message to worker 1 PID 33377 at time 130:750000000
OSS: Receiving message from worker 1 PID 33377 at time 130:750000000
OSS PID:33375 SysClockS:130 SysClockNano:750000000
Process Table:
Entry Occupied PID StartS StartN MessagesSent
0 1 33376 1 0 519
1 1 33377 2 0 516
2 0 0 0 0 0
3 0 0 0 0 0
4 0 0 0 0 0
5 0 0 0 0 0
6 0 0 0 0 0
7 0 0 0 0 0
8 0 0 0 0 0
9 0 0 0 0 0
10 0 0 0 0 0
11 0 0 0 0 0
12 0 0 0 0 0
13 0 0 0 0 0
14 0 0 0 0 0
15 0 0 0 0 0
16 0 0 0 0 0
17 0 0 0 0 0
18 0 0 0 0 0
19 0 0 0 0 0

OSS: Sending message to worker 0 PID 33376 at time 130:875000000
OSS: Receiving message from worker 0 PID 33376 at time 130:875000000
OSS PID:33375 SysClockS:130 SysClockNano:875000000
Process Table:
Entry Occupied PID StartS StartN MessagesSent
0 1 33376 1 0 520
1 1 33377 2 0 516
2 0 0 0 0 0
3 0 0 0 0 0
4 0 0 0 0 0
5 0 0 0 0 0
6 0 0 0 0 0
7 0 0 0 0 0
8 0 0 0 0 0
9 0 0 0 0 0
10 0 0 0 0 0
11 0 0 0 0 0
12 0 0 0 0 0
13 0 0 0 0 0
14 0 0 0 0 0
15 0 0 0 0 0
16 0 0 0 0 0
17 0 0 0 0 0
18 0 0 0 0 0
19 0 0 0 0 0

OSS: Sending message to worker 1 PID 33377 at time 131:0
OSS: Receiving message from worker 1 PID 33377 at time 131:0
OSS PID:33375 SysClockS:131 SysClockNano:0
Process Table:
Entry Occupied PID StartS StartN MessagesSent
0 1 33376 1 0 520
1 1 33377 2 0 517
2 0 0 0 0 0
3 0 0 0 0 0
4 0 0 0 0 0
5 0 0 0 0 0
6 0 0 0 0 0
7 0 0 0 0 0
8 0 0 0 0 0
9 0 0 0 0 0
10 0 0 0 0 0
11 0 0 0 0 0
12 0 0 0 0 0
13 0 0 0 0 0
14 0 0 0 0 0
15 0 0 0 0 0
16 0 0 0 0 0
17 0 0 0 0 0
18 0 0 0 0 0
19 0 0 0 0 0

OSS: Sending message to worker 0 PID 33376 at time 131:125000000
OSS: Receiving message from worker 0 PID 33376 at time 131:125000000
OSS PID:33375 SysClockS:131 SysClockNano:125000000
Process Table:
Entry Occupied PID StartS StartN MessagesSent
0 1 33376 1 0 521
1 1 33377 2 0 517
2 0 0 0 0 0
3 0 0 0 0 0
4 0 0 0 0 0
5 0 0 0 0 0
6 0 0 0 0 0
7 0 0 0 0 0
8 0 0 0 0 0
9 0 0 0 0 0
10 0 0 0 0 0
11 0 0 0 0 0
12 0 0 0 0 0
13 0 0 0 0 0
14 0 0 0 0 0
15 0 0 0 0 0
16 0 0 0 0 0
17 0 0 0 0 0
18 0 0 0 0 0
19 0 0 0 0 0

OSS: Sending message to worker 1 PID 33377 at time 131:250000000
OSS: Receiving message from worker 1 PID 33377 at time 131:250000000
OSS PID:33375 SysClockS:131 SysClockNano:250000000
Process Table:
Entry Occupied PID StartS StartN MessagesSent
0 1 33376 1 0 521
1 1 33377 2 0 518
2 0 0 0 0 0
3 0 0 0 0 0
4 0 0 0 0 0
5 0 0 0 0 0
6 0 0 0 0 0
7 0 0 0 0 0
8 0 0 0 0 0
9 0 0 0 0 0
10 0 0 0 0 0
11 0 0 0 0 0
12 0 0 0 0 0
13 0 0 0 0 0
14 0 0 0 0 0
15 0 0 0 0 0
16 0 0 0 0 0
17 0 0 0 0 0
18 0 0 0 0 0
19 0 0 0 0 0

OSS: Sending message to worker 0 PID 33376 at time 131:375000000
OSS: Receiving message from worker 0 PID 33376 at time 131:375000000
OSS PID:33375 SysClockS:131 SysClockNano:375000000
Process Table:
Entry Occupied PID StartS StartN MessagesSent
0 1 33376 1 0 522
1 1 33377 2 0 518
2 0 0 0 0 0
3 0 0 0 0 0
4 0 0 0 0 0
5 0 0 0 0 0
6 0 0 0 0 0
7 0 0 0 0 0
8 0 0 0 0 0
9 0 0 0 0 0
10 0 0 0 0 0
11 0 0 0 0 0
12 0 0 0 0 0
13 0 0 0 0 0
14 0 0 0 0 0
15 0 0 0 0 0
16 0 0 0 0 0
17 0 0 0 0 0
18 0 0 0 0 0
19 0 0 0 0 0

OSS: Sending message to worker 1 PID 33377 at time 131:500000000
OSS: Receiving message from worker 1 PID 33377 at time 131:500000000
OSS PID:33375 SysClockS:131 SysClockNano:500000000
Process Table:
Entry Occupied PID StartS StartN MessagesSent
0 1 33376 1 0 522
1 1 33377 2 0 519
2 0 0 0 0 0
3 0 0 0 0 0
4 0 0 0 0 0
5 0 0 0 0 0
6 0 0 0 0 0
7 0 0 0 0 0
8 0 0 0 0 0
9 0 0 0 0 0
10 0 0 0 0 0
11 0 0 0 0 0
12 0 0 0 0 0
13 0 0 0 0 0
14 0 0 0 0 0
15 0 0 0 0 0
16 0 0 0 0 0
17 0 0 0 0 0
18 0 0 0 0 0
19 0 0 0 0 0

OSS: Sending message to worker 0 PID 33376 at time 131:625000000
OSS: Receiving message from worker 0 PID 33376 at time 131:625000000
OSS PID:33375 SysClockS:131 SysClockNano:625000000
Process Table:
Entry Occupied PID StartS StartN MessagesSent
0 1 33376 1 0 523
1 1 33377 2 0 519
2 0 0 0 0 0
3 0 0 0 0 0
4 0 0 0 0 0
5 0 0 0 0 0
6 0 0 0 0 0
7 0 0 0 0 0
8 0 0 0 0 0
9 0 0 0 0 0
10 0 0 0 0 0
11 0 0 0 0 0
12 0 0 0 0 0
13 0 0 0 0 0
14 0 0 0 0 0
15 0 0 0 0 0
16 0 0 0 0 0
17 0 0 0 0 0
18 0 0 0 0 0
19 0 0 0 0 0

OSS: Sending message to worker 1 PID 33377 at time 131:750000000
OSS: Receiving message from worker 1 PID 33377 at time 131:750000000
OSS PID:33375 SysClockS:131 SysClockNano:750000000
Process Table:
Entry Occupied PID StartS StartN MessagesSent
0 1 33376 1 0 523
1 1 33377 2 0 520
2 0 0 0 0 0
3 0 0 0 0 0
4 0 0 0 0 0
5 0 0 0 0 0
6 0 0 0 0 0
7 0 0 0 0 0
8 0 0 0 0 0
9 0 0 0 0 0
10 0 0 0 0 0
11 0 0 0 0 0
12 0 0 0 0 0
13 0 0 0 0 0
14 0 0 0 0 0
15 0 0 0 0 0
16 0 0 0 0 0
17 0 0 0 0 0
18 0 0 0 0 0
19 0 0 0 0 0

OSS: Sending message to worker 0 PID 33376 at time 131:875000000
OSS: Receiving message from worker 0 PID 33376 at time 131:875000000
OSS PID:33375 SysClockS:131 SysClockNano:875000000
Process Table:
Entry Occupied PID StartS StartN MessagesSent
0 1 33376 1 0 524
1 1 33377 2 0 520
2 0 0 0 0 0
3 0 0 0 0 0
4 0 0 0 0 0
5 0 0 0 0 0
6 0 0 0 0 0
7 0 0 0 0 0
8 0 0 0 0 0
9 0 0 0 0 0
10 0 0 0 0 0
11 0 0 0 0 0
12 0 0 0 0 0
13 0 0 0 0 0
14 0 0 0 0 0
15 0 0 0 0 0
16 0 0 0 0 0
17 0 0 0 0 0
18 0 0 0 0 0
19 0 0 0 0 0

OSS: Sending message to worker 1 PID 33377 at time 132:0
OSS: Receiving message from worker 1 PID 33377 at time 132:0
OSS PID:33375 SysClockS:132 SysClockNano:0
Process Table:
Entry Occupied PID StartS StartN MessagesSent
0 1 33376 1 0 524
1 1 33377 2 0 521
2 0 0 0 0 0
3 0 0 0 0 0
4 0 0 0 0 0
5 0 0 0 0 0
6 0 0 0 0 0
7 0 0 0 0 0
8 0 0 0 0 0
9 0 0 0 0 0
10 0 0 0 0 0
11 0 0 0 0 0
12 0 0 0 0 0
13 0 0 0 0 0
14 0 0 0 0 0
15 0 0 0 0 0
16 0 0 0 0 0
17 0 0 0 0 0
18 0 0 0 0 0
19 0 0 0 0 0

OSS: Sending message to worker 0 PID 33376 at time 132:125000000
OSS: Receiving message from worker 0 PID 33376 at time 132:125000000
OSS PID:33375 SysClockS:132 SysClockNano:125000000
Process Table:
Entry Occupied PID StartS StartN MessagesSent
0 1 33376 1 0 525
1 1 33377 2 0 521
2 0 0 0 0 0
3 0 0 0 0 0
4 0 0 0 0 0
5 0 0 0 0 0
6 0 0 0 0 0
7 0 0 0 0 0
8 0 0 0 0 0
9 0 0 0 0 0
10 0 0 0 0 0
11 0 0 0 0 0
12 0 0 0 0 0
13 0 0 0 0 0
14 0 0 0 0 0
15 0 0 0 0 0
16 0 0 0 0 0
17 0 0 0 0 0
18 0 0 0 0 0
19 0 0 0 0 0

OSS: Sending message to worker 1 PID 33377 at time 132:250000000
OSS: Receiving message from worker 1 PID 33377 at time 132:250000000
OSS PID:33375 SysClockS:132 SysClockNano:250000000
Process Table:
Entry Occupied PID StartS StartN MessagesSent
0 1 33376 1 0 525
1 1 33377 2 0 522
2 0 0 0 0 0
3 0 0 0 0 0
4 0 0 0 0 0
5 0 0 0 0 0
6 0 0 0 0 0
7 0 0 0 0 0
8 0 0 0 0 0
9 0 0 0 0 0
10 0 0 0 0 0
11 0 0 0 0 0
12 0 0 0 0 0
13 0 0 0 0 0
14 0 0 0 0 0
15 0 0 0 0 0
16 0 0 0 0 0
17 0 0 0 0 0
18 0 0 0 0 0
19 0 0 0 0 0

OSS: Sending message to worker 0 PID 33376 at time 132:375000000
OSS: Receiving message from worker 0 PID 33376 at time 132:375000000
OSS PID:33375 SysClockS:132 SysClockNano:375000000
Process Table:
Entry Occupied PID StartS StartN MessagesSent
0 1 33376 1 0 526
1 1 33377 2 0 522
2 0 0 0 0 0
3 0 0 0 0 0
4 0 0 0 0 0
5 0 0 0 0 0
6 0 0 0 0 0
7 0 0 0 0 0
8 0 0 0 0 0
9 0 0 0 0 0
10 0 0 0 0 0
11 0 0 0 0 0
12 0 0 0 0 0
13 0 0 0 0 0
14 0 0 0 0 0
15 0 0 0 0 0
16 0 0 0 0 0
17 0 0 0 0 0
18 0 0 0 0 0
19 0 0 0 0 0

OSS: Sending message to worker 1 PID 33377 at time 132:500000000
Caught SIGINT, terminating...
